"Provider ID","Measure","Score","Footnote"
"Nation","Central line-associated blood stream infections (CLABSI)","1",""
"Nation","Catheter-Associated Urinary Tract Infections (CAUTI)","1",""
"Nation","Surgical Site Infection from colon surgery (SSI: Colon)","1",""
"Nation","Surgical Site Infection from abdominal hysterectomy (SSI: Hysterectomy)","1",""
"Nation","Methicillin-resistant Staphylococcus Aureus (or MRSA) blood infections(Antibiotic-resistant blood infections)","1",""
"Nation","Clostridium difficile (or C.diff.) infections(Intestinal infections)","1",""
