"Provider ID","Measure","Score","Footnote"
"AK","HAI_1_SIR","1.493",""
"AL","HAI_1_SIR","0.606",""
"AR","HAI_1_SIR","0.553",""
"AS","HAI_1_SIR","Not Available","Results cannot be calculated for this reporting period."
"AZ","HAI_1_SIR","0.593",""
"CA","HAI_1_SIR","0.513",""
"CO","HAI_1_SIR","0.492",""
"CT","HAI_1_SIR","0.543",""
"DC","HAI_1_SIR","0.679",""
"DE","HAI_1_SIR","0.511",""
"FL","HAI_1_SIR","0.570",""
"GA","HAI_1_SIR","0.670",""
"GU","HAI_1_SIR","Not Available","Results cannot be calculated for this reporting period."
"HI","HAI_1_SIR","0.182",""
"IA","HAI_1_SIR","0.493",""
"ID","HAI_1_SIR","0.311",""
"IL","HAI_1_SIR","0.524",""
"IN","HAI_1_SIR","0.652",""
"KS","HAI_1_SIR","0.417",""
"KY","HAI_1_SIR","0.713",""
"LA","HAI_1_SIR","0.764",""
"MA","HAI_1_SIR","0.417",""
"MD","HAI_1_SIR","0.537",""
"ME","HAI_1_SIR","0.890",""
"MI","HAI_1_SIR","0.423",""
"MN","HAI_1_SIR","0.476",""
"MO","HAI_1_SIR","0.437",""
"MP","HAI_1_SIR","Not Available","Results cannot be calculated for this reporting period."
"MS","HAI_1_SIR","0.888",""
"MT","HAI_1_SIR","0.684",""
"NC","HAI_1_SIR","0.509",""
"ND","HAI_1_SIR","0.393",""
"NE","HAI_1_SIR","0.662",""
"NH","HAI_1_SIR","0.481",""
"NJ","HAI_1_SIR","0.724",""
"NM","HAI_1_SIR","0.596",""
"NV","HAI_1_SIR","0.489",""
"NY","HAI_1_SIR","0.555",""
"OH","HAI_1_SIR","0.475",""
"OK","HAI_1_SIR","0.482",""
"OR","HAI_1_SIR","0.297",""
"PA","HAI_1_SIR","0.516",""
"PR","HAI_1_SIR","0.892",""
"RI","HAI_1_SIR","0.611",""
"SC","HAI_1_SIR","0.588",""
"SD","HAI_1_SIR","0.278",""
"TN","HAI_1_SIR","0.580",""
"TX","HAI_1_SIR","0.553",""
"UT","HAI_1_SIR","0.589",""
"VA","HAI_1_SIR","0.479",""
"VI","HAI_1_SIR","2.839",""
"VT","HAI_1_SIR","0.248",""
"WA","HAI_1_SIR","0.497",""
"WI","HAI_1_SIR","0.455",""
"WV","HAI_1_SIR","0.433",""
"WY","HAI_1_SIR","0.517",""
"AK","HAI_1_CI_UPPER","2.241",""
"AL","HAI_1_CI_UPPER","0.686",""
"AR","HAI_1_CI_UPPER","0.653",""
"AS","HAI_1_CI_UPPER","Not Available","Results cannot be calculated for this reporting period."
"AZ","HAI_1_CI_UPPER","0.675",""
"CA","HAI_1_CI_UPPER","0.544",""
"CO","HAI_1_CI_UPPER","0.589",""
"CT","HAI_1_CI_UPPER","0.652",""
"DC","HAI_1_CI_UPPER","0.827",""
"DE","HAI_1_CI_UPPER","0.748",""
"FL","HAI_1_CI_UPPER","0.609",""
"GA","HAI_1_CI_UPPER","0.736",""
"GU","HAI_1_CI_UPPER","Not Available","Results cannot be calculated for this reporting period."
"HI","HAI_1_CI_UPPER","0.318",""
"IA","HAI_1_CI_UPPER","0.623",""
"ID","HAI_1_CI_UPPER","0.498",""
"IL","HAI_1_CI_UPPER","0.578",""
"IN","HAI_1_CI_UPPER","0.730",""
"KS","HAI_1_CI_UPPER","0.527",""
"KY","HAI_1_CI_UPPER","0.814",""
"LA","HAI_1_CI_UPPER","0.859",""
"MA","HAI_1_CI_UPPER","0.483",""
"MD","HAI_1_CI_UPPER","0.622",""
"ME","HAI_1_CI_UPPER","1.203",""
"MI","HAI_1_CI_UPPER","0.471",""
"MN","HAI_1_CI_UPPER","0.571",""
"MO","HAI_1_CI_UPPER","0.502",""
"MP","HAI_1_CI_UPPER","Not Available","Results cannot be calculated for this reporting period."
"MS","HAI_1_CI_UPPER","1.026",""
"MT","HAI_1_CI_UPPER","1.045",""
"NC","HAI_1_CI_UPPER","0.568",""
"ND","HAI_1_CI_UPPER","0.595",""
"NE","HAI_1_CI_UPPER","0.845",""
"NH","HAI_1_CI_UPPER","0.736",""
"NJ","HAI_1_CI_UPPER","0.802",""
"NM","HAI_1_CI_UPPER","0.772",""
"NV","HAI_1_CI_UPPER","0.578",""
"NY","HAI_1_CI_UPPER","0.597",""
"OH","HAI_1_CI_UPPER","0.524",""
"OK","HAI_1_CI_UPPER","0.567",""
"OR","HAI_1_CI_UPPER","0.391",""
"PA","HAI_1_CI_UPPER","0.559",""
"PR","HAI_1_CI_UPPER","1.118",""
"RI","HAI_1_CI_UPPER","0.842",""
"SC","HAI_1_CI_UPPER","0.677",""
"SD","HAI_1_CI_UPPER","0.486",""
"TN","HAI_1_CI_UPPER","0.645",""
"TX","HAI_1_CI_UPPER","0.589",""
"UT","HAI_1_CI_UPPER","0.725",""
"VA","HAI_1_CI_UPPER","0.548",""
"VI","HAI_1_CI_UPPER","7.269",""
"VT","HAI_1_CI_UPPER","0.539",""
"WA","HAI_1_CI_UPPER","0.586",""
"WI","HAI_1_CI_UPPER","0.540",""
"WV","HAI_1_CI_UPPER","0.546",""
"WY","HAI_1_CI_UPPER","1.324",""
"AK","HAI_1_CI_LOWER","0.946",""
"AL","HAI_1_CI_LOWER","0.533",""
"AR","HAI_1_CI_LOWER","0.465",""
"AS","HAI_1_CI_LOWER","Not Available","Results cannot be calculated for this reporting period."
"AZ","HAI_1_CI_LOWER","0.518",""
"CA","HAI_1_CI_LOWER","0.483",""
"CO","HAI_1_CI_LOWER","0.407",""
"CT","HAI_1_CI_LOWER","0.449",""
"DC","HAI_1_CI_LOWER","0.552",""
"DE","HAI_1_CI_LOWER","0.333",""
"FL","HAI_1_CI_LOWER","0.534",""
"GA","HAI_1_CI_LOWER","0.608",""
"GU","HAI_1_CI_LOWER","Not Available","Results cannot be calculated for this reporting period."
"HI","HAI_1_CI_LOWER","0.094",""
"IA","HAI_1_CI_LOWER","0.383",""
"ID","HAI_1_CI_LOWER","0.181",""
"IL","HAI_1_CI_LOWER","0.473",""
"IN","HAI_1_CI_LOWER","0.581",""
"KS","HAI_1_CI_LOWER","0.326",""
"KY","HAI_1_CI_LOWER","0.622",""
"LA","HAI_1_CI_LOWER","0.678",""
"MA","HAI_1_CI_LOWER","0.359",""
"MD","HAI_1_CI_LOWER","0.462",""
"ME","HAI_1_CI_LOWER","0.641",""
"MI","HAI_1_CI_LOWER","0.378",""
"MN","HAI_1_CI_LOWER","0.393",""
"MO","HAI_1_CI_LOWER","0.379",""
"MP","HAI_1_CI_LOWER","Not Available","Results cannot be calculated for this reporting period."
"MS","HAI_1_CI_LOWER","0.764",""
"MT","HAI_1_CI_LOWER","0.423",""
"NC","HAI_1_CI_LOWER","0.455",""
"ND","HAI_1_CI_LOWER","0.246",""
"NE","HAI_1_CI_LOWER","0.510",""
"NH","HAI_1_CI_LOWER","0.298",""
"NJ","HAI_1_CI_LOWER","0.652",""
"NM","HAI_1_CI_LOWER","0.451",""
"NV","HAI_1_CI_LOWER","0.411",""
"NY","HAI_1_CI_LOWER","0.514",""
"OH","HAI_1_CI_LOWER","0.429",""
"OK","HAI_1_CI_LOWER","0.407",""
"OR","HAI_1_CI_LOWER","0.220",""
"PA","HAI_1_CI_LOWER","0.475",""
"PR","HAI_1_CI_LOWER","0.701",""
"RI","HAI_1_CI_LOWER","0.430",""
"SC","HAI_1_CI_LOWER","0.508",""
"SD","HAI_1_CI_LOWER","0.144",""
"TN","HAI_1_CI_LOWER","0.520",""
"TX","HAI_1_CI_LOWER","0.518",""
"UT","HAI_1_CI_LOWER","0.472",""
"VA","HAI_1_CI_LOWER","0.417",""
"VI","HAI_1_CI_LOWER","0.774",""
"VT","HAI_1_CI_LOWER","0.091",""
"WA","HAI_1_CI_LOWER","0.418",""
"WI","HAI_1_CI_LOWER","0.381",""
"WV","HAI_1_CI_LOWER","0.338",""
"WY","HAI_1_CI_LOWER","0.141",""
"AK","HAI_2_SIR","0.744",""
"AL","HAI_2_SIR","0.858",""
"AR","HAI_2_SIR","1.097",""
"AS","HAI_2_SIR","Not Available","Results cannot be calculated for this reporting period."
"AZ","HAI_2_SIR","1.176",""
"CA","HAI_2_SIR","1.052",""
"CO","HAI_2_SIR","0.969",""
"CT","HAI_2_SIR","1.951",""
"DC","HAI_2_SIR","1.350",""
"DE","HAI_2_SIR","1.409",""
"FL","HAI_2_SIR","0.921",""
"GA","HAI_2_SIR","1.073",""
"GU","HAI_2_SIR","Not Available","Results cannot be calculated for this reporting period."
"HI","HAI_2_SIR","0.693",""
"IA","HAI_2_SIR","0.962",""
"ID","HAI_2_SIR","1.378",""
"IL","HAI_2_SIR","1.099",""
"IN","HAI_2_SIR","1.280",""
"KS","HAI_2_SIR","0.991",""
"KY","HAI_2_SIR","1.191",""
"LA","HAI_2_SIR","0.900",""
"MA","HAI_2_SIR","1.640",""
"MD","HAI_2_SIR","2.123",""
"ME","HAI_2_SIR","1.726",""
"MI","HAI_2_SIR","1.131",""
"MN","HAI_2_SIR","1.576",""
"MO","HAI_2_SIR","1.011",""
"MP","HAI_2_SIR","Not Available","Results cannot be calculated for this reporting period."
"MS","HAI_2_SIR","1.106",""
"MT","HAI_2_SIR","1.378",""
"NC","HAI_2_SIR","1.217",""
"ND","HAI_2_SIR","0.644",""
"NE","HAI_2_SIR","1.295",""
"NH","HAI_2_SIR","1.025",""
"NJ","HAI_2_SIR","0.993",""
"NM","HAI_2_SIR","0.962",""
"NV","HAI_2_SIR","1.253",""
"NY","HAI_2_SIR","1.339",""
"OH","HAI_2_SIR","1.001",""
"OK","HAI_2_SIR","0.710",""
"OR","HAI_2_SIR","1.252",""
"PA","HAI_2_SIR","0.981",""
"PR","HAI_2_SIR","0.942",""
"RI","HAI_2_SIR","1.416",""
"SC","HAI_2_SIR","1.731",""
"SD","HAI_2_SIR","0.919",""
"TN","HAI_2_SIR","1.465",""
"TX","HAI_2_SIR","0.981",""
"UT","HAI_2_SIR","1.904",""
"VA","HAI_2_SIR","0.997",""
"VI","HAI_2_SIR","3.521",""
"VT","HAI_2_SIR","1.155",""
"WA","HAI_2_SIR","1.126",""
"WI","HAI_2_SIR","0.911",""
"WV","HAI_2_SIR","0.767",""
"WY","HAI_2_SIR","Not Available","This measure does not apply to this hospital for this reporting period."
"AK","HAI_2_CI_UPPER","1.300",""
"AL","HAI_2_CI_UPPER","0.938",""
"AR","HAI_2_CI_UPPER","1.241",""
"AS","HAI_2_CI_UPPER","Not Available","Results cannot be calculated for this reporting period."
"AZ","HAI_2_CI_UPPER","1.283",""
"CA","HAI_2_CI_UPPER","1.098",""
"CO","HAI_2_CI_UPPER","1.098",""
"CT","HAI_2_CI_UPPER","2.127",""
"DC","HAI_2_CI_UPPER","1.597",""
"DE","HAI_2_CI_UPPER","1.789",""
"FL","HAI_2_CI_UPPER","0.967",""
"GA","HAI_2_CI_UPPER","1.151",""
"GU","HAI_2_CI_UPPER","Not Available","Results cannot be calculated for this reporting period."
"HI","HAI_2_CI_UPPER","0.909",""
"IA","HAI_2_CI_UPPER","1.137",""
"ID","HAI_2_CI_UPPER","1.727",""
"IL","HAI_2_CI_UPPER","1.174",""
"IN","HAI_2_CI_UPPER","1.386",""
"KS","HAI_2_CI_UPPER","1.141",""
"KY","HAI_2_CI_UPPER","1.306",""
"LA","HAI_2_CI_UPPER","1.001",""
"MA","HAI_2_CI_UPPER","1.755",""
"MD","HAI_2_CI_UPPER","2.318",""
"ME","HAI_2_CI_UPPER","2.108",""
"MI","HAI_2_CI_UPPER","1.205",""
"MN","HAI_2_CI_UPPER","1.739",""
"MO","HAI_2_CI_UPPER","1.102",""
"MP","HAI_2_CI_UPPER","Not Available","Results cannot be calculated for this reporting period."
"MS","HAI_2_CI_UPPER","1.245",""
"MT","HAI_2_CI_UPPER","1.900",""
"NC","HAI_2_CI_UPPER","1.300",""
"ND","HAI_2_CI_UPPER","0.919",""
"NE","HAI_2_CI_UPPER","1.572",""
"NH","HAI_2_CI_UPPER","1.340",""
"NJ","HAI_2_CI_UPPER","1.076",""
"NM","HAI_2_CI_UPPER","1.174",""
"NV","HAI_2_CI_UPPER","1.402",""
"NY","HAI_2_CI_UPPER","1.399",""
"OH","HAI_2_CI_UPPER","1.063",""
"OK","HAI_2_CI_UPPER","0.812",""
"OR","HAI_2_CI_UPPER","1.433",""
"PA","HAI_2_CI_UPPER","1.038",""
"PR","HAI_2_CI_UPPER","1.137",""
"RI","HAI_2_CI_UPPER","1.731",""
"SC","HAI_2_CI_UPPER","1.874",""
"SD","HAI_2_CI_UPPER","1.297",""
"TN","HAI_2_CI_UPPER","1.559",""
"TX","HAI_2_CI_UPPER","1.029",""
"UT","HAI_2_CI_UPPER","2.152",""
"VA","HAI_2_CI_UPPER","1.090",""
"VI","HAI_2_CI_UPPER","6.684",""
"VT","HAI_2_CI_UPPER","1.640",""
"WA","HAI_2_CI_UPPER","1.258",""
"WI","HAI_2_CI_UPPER","1.026",""
"WV","HAI_2_CI_UPPER","0.898",""
"WY","HAI_2_CI_UPPER","Not Available","This measure does not apply to this hospital for this reporting period."
"AK","HAI_2_CI_LOWER","0.385",""
"AL","HAI_2_CI_LOWER","0.783",""
"AR","HAI_2_CI_LOWER","0.966",""
"AS","HAI_2_CI_LOWER","Not Available","Results cannot be calculated for this reporting period."
"AZ","HAI_2_CI_LOWER","1.076",""
"CA","HAI_2_CI_LOWER","1.008",""
"CO","HAI_2_CI_LOWER","0.851",""
"CT","HAI_2_CI_LOWER","1.787",""
"DC","HAI_2_CI_LOWER","1.133",""
"DE","HAI_2_CI_LOWER","1.092",""
"FL","HAI_2_CI_LOWER","0.876",""
"GA","HAI_2_CI_LOWER","0.998",""
"GU","HAI_2_CI_LOWER","Not Available","Results cannot be calculated for this reporting period."
"HI","HAI_2_CI_LOWER","0.517",""
"IA","HAI_2_CI_LOWER","0.807",""
"ID","HAI_2_CI_LOWER","1.084",""
"IL","HAI_2_CI_LOWER","1.027",""
"IN","HAI_2_CI_LOWER","1.180",""
"KS","HAI_2_CI_LOWER","0.856",""
"KY","HAI_2_CI_LOWER","1.084",""
"LA","HAI_2_CI_LOWER","0.806",""
"MA","HAI_2_CI_LOWER","1.531",""
"MD","HAI_2_CI_LOWER","1.940",""
"ME","HAI_2_CI_LOWER","1.398",""
"MI","HAI_2_CI_LOWER","1.062",""
"MN","HAI_2_CI_LOWER","1.424",""
"MO","HAI_2_CI_LOWER","0.925",""
"MP","HAI_2_CI_LOWER","Not Available","Results cannot be calculated for this reporting period."
"MS","HAI_2_CI_LOWER","0.979",""
"MT","HAI_2_CI_LOWER","0.970",""
"NC","HAI_2_CI_LOWER","1.137",""
"ND","HAI_2_CI_LOWER","0.434",""
"NE","HAI_2_CI_LOWER","1.056",""
"NH","HAI_2_CI_LOWER","0.767",""
"NJ","HAI_2_CI_LOWER","0.915",""
"NM","HAI_2_CI_LOWER","0.780",""
"NV","HAI_2_CI_LOWER","1.116",""
"NY","HAI_2_CI_LOWER","1.281",""
"OH","HAI_2_CI_LOWER","0.942",""
"OK","HAI_2_CI_LOWER","0.617",""
"OR","HAI_2_CI_LOWER","1.088",""
"PA","HAI_2_CI_LOWER","0.927",""
"PR","HAI_2_CI_LOWER","0.773",""
"RI","HAI_2_CI_LOWER","1.146",""
"SC","HAI_2_CI_LOWER","1.597",""
"SD","HAI_2_CI_LOWER","0.628",""
"TN","HAI_2_CI_LOWER","1.376",""
"TX","HAI_2_CI_LOWER","0.934",""
"UT","HAI_2_CI_LOWER","1.678",""
"VA","HAI_2_CI_LOWER","0.910",""
"VI","HAI_2_CI_LOWER","1.610",""
"VT","HAI_2_CI_LOWER","0.785",""
"WA","HAI_2_CI_LOWER","1.004",""
"WI","HAI_2_CI_LOWER","0.805",""
"WV","HAI_2_CI_LOWER","0.652",""
"WY","HAI_2_CI_LOWER","Not Available","This measure does not apply to this hospital for this reporting period."
"AK","HAI_3_SIR","1.479",""
"AL","HAI_3_SIR","0.548",""
"AR","HAI_3_SIR","0.881",""
"AS","HAI_3_SIR","Not Available","Results cannot be calculated for this reporting period."
"AZ","HAI_3_SIR","1.166",""
"CA","HAI_3_SIR","0.728",""
"CO","HAI_3_SIR","0.795",""
"CT","HAI_3_SIR","1.233",""
"DC","HAI_3_SIR","0.788",""
"DE","HAI_3_SIR","0.594",""
"FL","HAI_3_SIR","0.761",""
"GA","HAI_3_SIR","0.798",""
"GU","HAI_3_SIR","Not Available","Results cannot be calculated for this reporting period."
"HI","HAI_3_SIR","1.074",""
"IA","HAI_3_SIR","1.093",""
"ID","HAI_3_SIR","0.924",""
"IL","HAI_3_SIR","0.706",""
"IN","HAI_3_SIR","1.058",""
"KS","HAI_3_SIR","1.048",""
"KY","HAI_3_SIR","0.834",""
"LA","HAI_3_SIR","1.009",""
"MA","HAI_3_SIR","0.916",""
"MD","HAI_3_SIR","0.921",""
"ME","HAI_3_SIR","1.325",""
"MI","HAI_3_SIR","0.823",""
"MN","HAI_3_SIR","0.804",""
"MO","HAI_3_SIR","0.601",""
"MP","HAI_3_SIR","Not Available","Results cannot be calculated for this reporting period."
"MS","HAI_3_SIR","0.848",""
"MT","HAI_3_SIR","0.702",""
"NC","HAI_3_SIR","0.788",""
"ND","HAI_3_SIR","1.138",""
"NE","HAI_3_SIR","1.148",""
"NH","HAI_3_SIR","0.831",""
"NJ","HAI_3_SIR","0.650",""
"NM","HAI_3_SIR","0.617",""
"NV","HAI_3_SIR","1.039",""
"NY","HAI_3_SIR","0.904",""
"OH","HAI_3_SIR","0.683",""
"OK","HAI_3_SIR","0.887",""
"OR","HAI_3_SIR","0.846",""
"PA","HAI_3_SIR","0.860",""
"PR","HAI_3_SIR","Not Available","Results cannot be calculated for this reporting period."
"RI","HAI_3_SIR","1.207",""
"SC","HAI_3_SIR","0.859",""
"SD","HAI_3_SIR","0.688",""
"TN","HAI_3_SIR","0.922",""
"TX","HAI_3_SIR","0.758",""
"UT","HAI_3_SIR","1.526",""
"VA","HAI_3_SIR","0.875",""
"VI","HAI_3_SIR","Not Available","Results cannot be calculated for this reporting period."
"VT","HAI_3_SIR","2.160",""
"WA","HAI_3_SIR","0.721",""
"WI","HAI_3_SIR","0.964",""
"WV","HAI_3_SIR","0.871",""
"WY","HAI_3_SIR","1.087",""
"AK","HAI_3_CI_UPPER","2.168",""
"AL","HAI_3_CI_UPPER","0.667",""
"AR","HAI_3_CI_UPPER","1.096",""
"AS","HAI_3_CI_UPPER","Not Available","Results cannot be calculated for this reporting period."
"AZ","HAI_3_CI_UPPER","1.332",""
"CA","HAI_3_CI_UPPER","0.788",""
"CO","HAI_3_CI_UPPER","0.960",""
"CT","HAI_3_CI_UPPER","1.461",""
"DC","HAI_3_CI_UPPER","1.182",""
"DE","HAI_3_CI_UPPER","0.918",""
"FL","HAI_3_CI_UPPER","0.832",""
"GA","HAI_3_CI_UPPER","0.911",""
"GU","HAI_3_CI_UPPER","Not Available","Results cannot be calculated for this reporting period."
"HI","HAI_3_CI_UPPER","1.524",""
"IA","HAI_3_CI_UPPER","1.346",""
"ID","HAI_3_CI_UPPER","1.292",""
"IL","HAI_3_CI_UPPER","0.799",""
"IN","HAI_3_CI_UPPER","1.208",""
"KS","HAI_3_CI_UPPER","1.298",""
"KY","HAI_3_CI_UPPER","0.994",""
"LA","HAI_3_CI_UPPER","1.194",""
"MA","HAI_3_CI_UPPER","1.061",""
"MD","HAI_3_CI_UPPER","1.408",""
"ME","HAI_3_CI_UPPER","1.742",""
"MI","HAI_3_CI_UPPER","0.931",""
"MN","HAI_3_CI_UPPER","0.960",""
"MO","HAI_3_CI_UPPER","0.708",""
"MP","HAI_3_CI_UPPER","Not Available","Results cannot be calculated for this reporting period."
"MS","HAI_3_CI_UPPER","1.062",""
"MT","HAI_3_CI_UPPER","1.110",""
"NC","HAI_3_CI_UPPER","0.899",""
"ND","HAI_3_CI_UPPER","1.656",""
"NE","HAI_3_CI_UPPER","1.464",""
"NH","HAI_3_CI_UPPER","1.179",""
"NJ","HAI_3_CI_UPPER","0.760",""
"NM","HAI_3_CI_UPPER","0.926",""
"NV","HAI_3_CI_UPPER","1.325",""
"NY","HAI_3_CI_UPPER","0.994",""
"OH","HAI_3_CI_UPPER","0.765",""
"OK","HAI_3_CI_UPPER","1.068",""
"OR","HAI_3_CI_UPPER","1.031",""
"PA","HAI_3_CI_UPPER","0.948",""
"PR","HAI_3_CI_UPPER","Not Available","Results cannot be calculated for this reporting period."
"RI","HAI_3_CI_UPPER","1.663",""
"SC","HAI_3_CI_UPPER","1.029",""
"SD","HAI_3_CI_UPPER","1.075",""
"TN","HAI_3_CI_UPPER","1.061",""
"TX","HAI_3_CI_UPPER","0.828",""
"UT","HAI_3_CI_UPPER","1.869",""
"VA","HAI_3_CI_UPPER","1.010",""
"VI","HAI_3_CI_UPPER","Not Available","Results cannot be calculated for this reporting period."
"VT","HAI_3_CI_UPPER","3.165",""
"WA","HAI_3_CI_UPPER","0.864",""
"WI","HAI_3_CI_UPPER","1.122",""
"WV","HAI_3_CI_UPPER","1.133",""
"WY","HAI_3_CI_UPPER","1.999",""
"AK","HAI_3_CI_LOWER","0.966",""
"AL","HAI_3_CI_LOWER","0.445",""
"AR","HAI_3_CI_LOWER","0.698",""
"AS","HAI_3_CI_LOWER","Not Available","Results cannot be calculated for this reporting period."
"AZ","HAI_3_CI_LOWER","1.017",""
"CA","HAI_3_CI_LOWER","0.671",""
"CO","HAI_3_CI_LOWER","0.651",""
"CT","HAI_3_CI_LOWER","1.032",""
"DC","HAI_3_CI_LOWER","0.499",""
"DE","HAI_3_CI_LOWER","0.363",""
"FL","HAI_3_CI_LOWER","0.694",""
"GA","HAI_3_CI_LOWER","0.697",""
"GU","HAI_3_CI_LOWER","Not Available","Results cannot be calculated for this reporting period."
"HI","HAI_3_CI_LOWER","0.729",""
"IA","HAI_3_CI_LOWER","0.876",""
"ID","HAI_3_CI_LOWER","0.640",""
"IL","HAI_3_CI_LOWER","0.621",""
"IN","HAI_3_CI_LOWER","0.923",""
"KS","HAI_3_CI_LOWER","0.836",""
"KY","HAI_3_CI_LOWER","0.694",""
"LA","HAI_3_CI_LOWER","0.847",""
"MA","HAI_3_CI_LOWER","0.786",""
"MD","HAI_3_CI_LOWER","0.570",""
"ME","HAI_3_CI_LOWER","0.986",""
"MI","HAI_3_CI_LOWER","0.724",""
"MN","HAI_3_CI_LOWER","0.668",""
"MO","HAI_3_CI_LOWER","0.507",""
"MP","HAI_3_CI_LOWER","Not Available","Results cannot be calculated for this reporting period."
"MS","HAI_3_CI_LOWER","0.668",""
"MT","HAI_3_CI_LOWER","0.416",""
"NC","HAI_3_CI_LOWER","0.688",""
"ND","HAI_3_CI_LOWER","0.750",""
"NE","HAI_3_CI_LOWER","0.886",""
"NH","HAI_3_CI_LOWER","0.564",""
"NJ","HAI_3_CI_LOWER","0.553",""
"NM","HAI_3_CI_LOWER","0.391",""
"NV","HAI_3_CI_LOWER","0.802",""
"NY","HAI_3_CI_LOWER","0.821",""
"OH","HAI_3_CI_LOWER","0.607",""
"OK","HAI_3_CI_LOWER","0.731",""
"OR","HAI_3_CI_LOWER","0.687",""
"PA","HAI_3_CI_LOWER","0.779",""
"PR","HAI_3_CI_LOWER","Not Available","Results cannot be calculated for this reporting period."
"RI","HAI_3_CI_LOWER","0.849",""
"SC","HAI_3_CI_LOWER","0.710",""
"SD","HAI_3_CI_LOWER","0.414",""
"TN","HAI_3_CI_LOWER","0.798",""
"TX","HAI_3_CI_LOWER","0.692",""
"UT","HAI_3_CI_LOWER","1.231",""
"VA","HAI_3_CI_LOWER","0.753",""
"VI","HAI_3_CI_LOWER","Not Available","Results cannot be calculated for this reporting period."
"VT","HAI_3_CI_LOWER","1.410",""
"WA","HAI_3_CI_LOWER","0.597",""
"WI","HAI_3_CI_LOWER","0.824",""
"WV","HAI_3_CI_LOWER","0.656",""
"WY","HAI_3_CI_LOWER","0.521",""
"AK","HAI_4_SIR","0.184",""
"AL","HAI_4_SIR","0.585",""
"AR","HAI_4_SIR","0.880",""
"AS","HAI_4_SIR","Not Available","Results cannot be calculated for this reporting period."
"AZ","HAI_4_SIR","1.011",""
"CA","HAI_4_SIR","0.897",""
"CO","HAI_4_SIR","0.789",""
"CT","HAI_4_SIR","1.505",""
"DC","HAI_4_SIR","1.588",""
"DE","HAI_4_SIR","0.875",""
"FL","HAI_4_SIR","0.921",""
"GA","HAI_4_SIR","0.794",""
"GU","HAI_4_SIR","Not Available","Results cannot be calculated for this reporting period."
"HI","HAI_4_SIR","0.955",""
"IA","HAI_4_SIR","0.829",""
"ID","HAI_4_SIR","0.866",""
"IL","HAI_4_SIR","0.759",""
"IN","HAI_4_SIR","0.573",""
"KS","HAI_4_SIR","0.573",""
"KY","HAI_4_SIR","1.045",""
"LA","HAI_4_SIR","1.267",""
"MA","HAI_4_SIR","0.909",""
"MD","HAI_4_SIR","1.504",""
"ME","HAI_4_SIR","1.063",""
"MI","HAI_4_SIR","1.166",""
"MN","HAI_4_SIR","1.292",""
"MO","HAI_4_SIR","0.689",""
"MP","HAI_4_SIR","Not Available","Results cannot be calculated for this reporting period."
"MS","HAI_4_SIR","1.110",""
"MT","HAI_4_SIR","1.022",""
"NC","HAI_4_SIR","0.734",""
"ND","HAI_4_SIR","1.618",""
"NE","HAI_4_SIR","0.807",""
"NH","HAI_4_SIR","1.399",""
"NJ","HAI_4_SIR","0.916",""
"NM","HAI_4_SIR","0.952",""
"NV","HAI_4_SIR","0.732",""
"NY","HAI_4_SIR","1.330",""
"OH","HAI_4_SIR","0.714",""
"OK","HAI_4_SIR","0.569",""
"OR","HAI_4_SIR","0.743",""
"PA","HAI_4_SIR","1.009",""
"PR","HAI_4_SIR","Not Available","Results cannot be calculated for this reporting period."
"RI","HAI_4_SIR","1.817",""
"SC","HAI_4_SIR","1.006",""
"SD","HAI_4_SIR","0.681",""
"TN","HAI_4_SIR","0.767",""
"TX","HAI_4_SIR","0.817",""
"UT","HAI_4_SIR","1.210",""
"VA","HAI_4_SIR","0.772",""
"VI","HAI_4_SIR","Not Available","Results cannot be calculated for this reporting period."
"VT","HAI_4_SIR","0.891",""
"WA","HAI_4_SIR","0.621",""
"WI","HAI_4_SIR","1.053",""
"WV","HAI_4_SIR","0.738",""
"WY","HAI_4_SIR","0.623",""
"AK","HAI_4_CI_UPPER","1.027",""
"AL","HAI_4_CI_UPPER","0.785",""
"AR","HAI_4_CI_UPPER","1.290",""
"AS","HAI_4_CI_UPPER","Not Available","Results cannot be calculated for this reporting period."
"AZ","HAI_4_CI_UPPER","1.309",""
"CA","HAI_4_CI_UPPER","1.029",""
"CO","HAI_4_CI_UPPER","1.164",""
"CT","HAI_4_CI_UPPER","1.996",""
"DC","HAI_4_CI_UPPER","2.775",""
"DE","HAI_4_CI_UPPER","1.661",""
"FL","HAI_4_CI_UPPER","1.088",""
"GA","HAI_4_CI_UPPER","0.982",""
"GU","HAI_4_CI_UPPER","Not Available","Results cannot be calculated for this reporting period."
"HI","HAI_4_CI_UPPER","2.229",""
"IA","HAI_4_CI_UPPER","1.327",""
"ID","HAI_4_CI_UPPER","1.784",""
"IL","HAI_4_CI_UPPER","0.946",""
"IN","HAI_4_CI_UPPER","0.790",""
"KS","HAI_4_CI_UPPER","0.980",""
"KY","HAI_4_CI_UPPER","1.367",""
"LA","HAI_4_CI_UPPER","1.618",""
"MA","HAI_4_CI_UPPER","1.238",""
"MD","HAI_4_CI_UPPER","2.348",""
"ME","HAI_4_CI_UPPER","2.191",""
"MI","HAI_4_CI_UPPER","1.424",""
"MN","HAI_4_CI_UPPER","1.685",""
"MO","HAI_4_CI_UPPER","0.919",""
"MP","HAI_4_CI_UPPER","Not Available","Results cannot be calculated for this reporting period."
"MS","HAI_4_CI_UPPER","1.490",""
"MT","HAI_4_CI_UPPER","2.107",""
"NC","HAI_4_CI_UPPER","0.930",""
"ND","HAI_4_CI_UPPER","3.189",""
"NE","HAI_4_CI_UPPER","1.354",""
"NH","HAI_4_CI_UPPER","2.444",""
"NJ","HAI_4_CI_UPPER","1.169",""
"NM","HAI_4_CI_UPPER","1.628",""
"NV","HAI_4_CI_UPPER","1.228",""
"NY","HAI_4_CI_UPPER","1.529",""
"OH","HAI_4_CI_UPPER","0.878",""
"OK","HAI_4_CI_UPPER","0.861",""
"OR","HAI_4_CI_UPPER","1.115",""
"PA","HAI_4_CI_UPPER","1.200",""
"PR","HAI_4_CI_UPPER","Not Available","Results cannot be calculated for this reporting period."
"RI","HAI_4_CI_UPPER","2.909",""
"SC","HAI_4_CI_UPPER","1.304",""
"SD","HAI_4_CI_UPPER","1.590",""
"TN","HAI_4_CI_UPPER","0.984",""
"TX","HAI_4_CI_UPPER","0.940",""
"UT","HAI_4_CI_UPPER","1.727",""
"VA","HAI_4_CI_UPPER","1.015",""
"VI","HAI_4_CI_UPPER","Not Available","Results cannot be calculated for this reporting period."
"VT","HAI_4_CI_UPPER","2.281",""
"WA","HAI_4_CI_UPPER","0.877",""
"WI","HAI_4_CI_UPPER","1.396",""
"WV","HAI_4_CI_UPPER","1.166",""
"WY","HAI_4_CI_UPPER","2.250",""
"AK","HAI_4_CI_LOWER","0.005",""
"AL","HAI_4_CI_LOWER","0.425",""
"AR","HAI_4_CI_LOWER","0.575",""
"AS","HAI_4_CI_LOWER","Not Available","Results cannot be calculated for this reporting period."
"AZ","HAI_4_CI_LOWER","0.765",""
"CA","HAI_4_CI_LOWER","0.779",""
"CO","HAI_4_CI_LOWER","0.510",""
"CT","HAI_4_CI_LOWER","1.110",""
"DC","HAI_4_CI_LOWER","0.821",""
"DE","HAI_4_CI_LOWER","0.400",""
"FL","HAI_4_CI_LOWER","0.773",""
"GA","HAI_4_CI_LOWER","0.634",""
"GU","HAI_4_CI_LOWER","Not Available","Results cannot be calculated for this reporting period."
"HI","HAI_4_CI_LOWER","0.310",""
"IA","HAI_4_CI_LOWER","0.483",""
"ID","HAI_4_CI_LOWER","0.348",""
"IL","HAI_4_CI_LOWER","0.601",""
"IN","HAI_4_CI_LOWER","0.403",""
"KS","HAI_4_CI_LOWER","0.305",""
"KY","HAI_4_CI_LOWER","0.782",""
"LA","HAI_4_CI_LOWER","0.976",""
"MA","HAI_4_CI_LOWER","0.650",""
"MD","HAI_4_CI_LOWER","0.905",""
"ME","HAI_4_CI_LOWER","0.428",""
"MI","HAI_4_CI_LOWER","0.945",""
"MN","HAI_4_CI_LOWER","0.970",""
"MO","HAI_4_CI_LOWER","0.505",""
"MP","HAI_4_CI_LOWER","Not Available","Results cannot be calculated for this reporting period."
"MS","HAI_4_CI_LOWER","0.806",""
"MT","HAI_4_CI_LOWER","0.411",""
"NC","HAI_4_CI_LOWER","0.570",""
"ND","HAI_4_CI_LOWER","0.699",""
"NE","HAI_4_CI_LOWER","0.441",""
"NH","HAI_4_CI_LOWER","0.723",""
"NJ","HAI_4_CI_LOWER","0.705",""
"NM","HAI_4_CI_LOWER","0.507",""
"NV","HAI_4_CI_LOWER","0.400",""
"NY","HAI_4_CI_LOWER","1.152",""
"OH","HAI_4_CI_LOWER","0.573",""
"OK","HAI_4_CI_LOWER","0.356",""
"OR","HAI_4_CI_LOWER","0.471",""
"PA","HAI_4_CI_LOWER","0.842",""
"PR","HAI_4_CI_LOWER","Not Available","Results cannot be calculated for this reporting period."
"RI","HAI_4_CI_LOWER","1.058",""
"SC","HAI_4_CI_LOWER","0.762",""
"SD","HAI_4_CI_LOWER","0.221",""
"TN","HAI_4_CI_LOWER","0.588",""
"TX","HAI_4_CI_LOWER","0.706",""
"UT","HAI_4_CI_LOWER","0.816",""
"VA","HAI_4_CI_LOWER","0.575",""
"VI","HAI_4_CI_LOWER","Not Available","Results cannot be calculated for this reporting period."
"VT","HAI_4_CI_LOWER","0.243",""
"WA","HAI_4_CI_LOWER","0.425",""
"WI","HAI_4_CI_LOWER","0.776",""
"WV","HAI_4_CI_LOWER","0.437",""
"WY","HAI_4_CI_LOWER","0.075",""
"AK","HAI_5_SIR","0.000",""
"AL","HAI_5_SIR","1.727",""
"AR","HAI_5_SIR","1.346",""
"AS","HAI_5_SIR","Not Available","This measure does not apply to this hospital for this reporting period."
"AZ","HAI_5_SIR","1.035",""
"CA","HAI_5_SIR","0.717",""
"CO","HAI_5_SIR","0.929",""
"CT","HAI_5_SIR","0.982",""
"DC","HAI_5_SIR","1.879",""
"DE","HAI_5_SIR","1.144",""
"FL","HAI_5_SIR","1.365",""
"GA","HAI_5_SIR","1.236",""
"GU","HAI_5_SIR","Not Available","This measure does not apply to this hospital for this reporting period."
"HI","HAI_5_SIR","0.554",""
"IA","HAI_5_SIR","0.576",""
"ID","HAI_5_SIR","0.743",""
"IL","HAI_5_SIR","0.643",""
"IN","HAI_5_SIR","0.777",""
"KS","HAI_5_SIR","0.352",""
"KY","HAI_5_SIR","1.021",""
"LA","HAI_5_SIR","1.373",""
"MA","HAI_5_SIR","0.689",""
"MD","HAI_5_SIR","0.800",""
"ME","HAI_5_SIR","0.858",""
"MI","HAI_5_SIR","1.171",""
"MN","HAI_5_SIR","0.484",""
"MO","HAI_5_SIR","0.833",""
"MP","HAI_5_SIR","Not Available","This measure does not apply to this hospital for this reporting period."
"MS","HAI_5_SIR","1.211",""
"MT","HAI_5_SIR","0.000",""
"NC","HAI_5_SIR","0.860",""
"ND","HAI_5_SIR","0.913",""
"NE","HAI_5_SIR","0.706",""
"NH","HAI_5_SIR","0.127",""
"NJ","HAI_5_SIR","1.189",""
"NM","HAI_5_SIR","0.245",""
"NV","HAI_5_SIR","0.713",""
"NY","HAI_5_SIR","1.331",""
"OH","HAI_5_SIR","0.913",""
"OK","HAI_5_SIR","1.140",""
"OR","HAI_5_SIR","0.792",""
"PA","HAI_5_SIR","1.135",""
"PR","HAI_5_SIR","0.299",""
"RI","HAI_5_SIR","1.151",""
"SC","HAI_5_SIR","1.028",""
"SD","HAI_5_SIR","0.423",""
"TN","HAI_5_SIR","1.176",""
"TX","HAI_5_SIR","1.026",""
"UT","HAI_5_SIR","0.575",""
"VA","HAI_5_SIR","1.155",""
"VI","HAI_5_SIR","Not Available","Results cannot be calculated for this reporting period."
"VT","HAI_5_SIR","0.292",""
"WA","HAI_5_SIR","0.976",""
"WI","HAI_5_SIR","0.703",""
"WV","HAI_5_SIR","1.066",""
"WY","HAI_5_SIR","0.000",""
"AK","HAI_5_CI_UPPER","1.483",""
"AL","HAI_5_CI_UPPER","2.140",""
"AR","HAI_5_CI_UPPER","1.900",""
"AS","HAI_5_CI_UPPER","Not Available","This measure does not apply to this hospital for this reporting period."
"AZ","HAI_5_CI_UPPER","1.361",""
"CA","HAI_5_CI_UPPER","0.830",""
"CO","HAI_5_CI_UPPER","1.420",""
"CT","HAI_5_CI_UPPER","1.359",""
"DC","HAI_5_CI_UPPER","2.773",""
"DE","HAI_5_CI_UPPER","2.103",""
"FL","HAI_5_CI_UPPER","1.540",""
"GA","HAI_5_CI_UPPER","1.506",""
"GU","HAI_5_CI_UPPER","Not Available","This measure does not apply to this hospital for this reporting period."
"HI","HAI_5_CI_UPPER","1.292",""
"IA","HAI_5_CI_UPPER","0.967",""
"ID","HAI_5_CI_UPPER","1.903",""
"IL","HAI_5_CI_UPPER","0.818",""
"IN","HAI_5_CI_UPPER","1.051",""
"KS","HAI_5_CI_UPPER","0.693",""
"KY","HAI_5_CI_UPPER","1.385",""
"LA","HAI_5_CI_UPPER","1.756",""
"MA","HAI_5_CI_UPPER","0.935",""
"MD","HAI_5_CI_UPPER","2.889",""
"ME","HAI_5_CI_UPPER","1.768",""
"MI","HAI_5_CI_UPPER","1.398",""
"MN","HAI_5_CI_UPPER","0.786",""
"MO","HAI_5_CI_UPPER","1.104",""
"MP","HAI_5_CI_UPPER","Not Available","This measure does not apply to this hospital for this reporting period."
"MS","HAI_5_CI_UPPER","1.669",""
"MT","HAI_5_CI_UPPER","0.942",""
"NC","HAI_5_CI_UPPER","1.077",""
"ND","HAI_5_CI_UPPER","1.987",""
"NE","HAI_5_CI_UPPER","1.165",""
"NH","HAI_5_CI_UPPER","0.706",""
"NJ","HAI_5_CI_UPPER","1.442",""
"NM","HAI_5_CI_UPPER","0.715",""
"NV","HAI_5_CI_UPPER","1.219",""
"NY","HAI_5_CI_UPPER","1.489",""
"OH","HAI_5_CI_UPPER","1.101",""
"OK","HAI_5_CI_UPPER","1.553",""
"OR","HAI_5_CI_UPPER","1.287",""
"PA","HAI_5_CI_UPPER","1.326",""
"PR","HAI_5_CI_UPPER","1.664",""
"RI","HAI_5_CI_UPPER","2.060",""
"SC","HAI_5_CI_UPPER","1.364",""
"SD","HAI_5_CI_UPPER","1.235",""
"TN","HAI_5_CI_UPPER","1.447",""
"TX","HAI_5_CI_UPPER","1.181",""
"UT","HAI_5_CI_UPPER","1.133",""
"VA","HAI_5_CI_UPPER","1.464",""
"VI","HAI_5_CI_UPPER","Not Available","Results cannot be calculated for this reporting period."
"VT","HAI_5_CI_UPPER","1.629",""
"WA","HAI_5_CI_UPPER","1.370",""
"WI","HAI_5_CI_UPPER","1.065",""
"WV","HAI_5_CI_UPPER","1.613",""
"WY","HAI_5_CI_UPPER","2.214",""
"AK","HAI_5_CI_LOWER","-",""
"AL","HAI_5_CI_LOWER","1.375",""
"AR","HAI_5_CI_LOWER","0.921",""
"AS","HAI_5_CI_LOWER","Not Available","This measure does not apply to this hospital for this reporting period."
"AZ","HAI_5_CI_LOWER","0.771",""
"CA","HAI_5_CI_LOWER","0.616",""
"CO","HAI_5_CI_LOWER","0.575",""
"CT","HAI_5_CI_LOWER","0.687",""
"DC","HAI_5_CI_LOWER","1.215",""
"DE","HAI_5_CI_LOWER","0.548",""
"FL","HAI_5_CI_LOWER","1.205",""
"GA","HAI_5_CI_LOWER","1.003",""
"GU","HAI_5_CI_LOWER","Not Available","This measure does not apply to this hospital for this reporting period."
"HI","HAI_5_CI_LOWER","0.180",""
"IA","HAI_5_CI_LOWER","0.315",""
"ID","HAI_5_CI_LOWER","0.202",""
"IL","HAI_5_CI_LOWER","0.497",""
"IN","HAI_5_CI_LOWER","0.560",""
"KS","HAI_5_CI_LOWER","0.152",""
"KY","HAI_5_CI_LOWER","0.732",""
"LA","HAI_5_CI_LOWER","1.055",""
"MA","HAI_5_CI_LOWER","0.494",""
"MD","HAI_5_CI_LOWER","0.097",""
"ME","HAI_5_CI_LOWER","0.345",""
"MI","HAI_5_CI_LOWER","0.973",""
"MN","HAI_5_CI_LOWER","0.277",""
"MO","HAI_5_CI_LOWER","0.614",""
"MP","HAI_5_CI_LOWER","Not Available","This measure does not apply to this hospital for this reporting period."
"MS","HAI_5_CI_LOWER","0.853",""
"MT","HAI_5_CI_LOWER","-",""
"NC","HAI_5_CI_LOWER","0.678",""
"ND","HAI_5_CI_LOWER","0.335",""
"NE","HAI_5_CI_LOWER","0.395",""
"NH","HAI_5_CI_LOWER","0.003",""
"NJ","HAI_5_CI_LOWER","0.970",""
"NM","HAI_5_CI_LOWER","0.050",""
"NV","HAI_5_CI_LOWER","0.380",""
"NY","HAI_5_CI_LOWER","1.185",""
"OH","HAI_5_CI_LOWER","0.750",""
"OK","HAI_5_CI_LOWER","0.815",""
"OR","HAI_5_CI_LOWER","0.453",""
"PA","HAI_5_CI_LOWER","0.966",""
"PR","HAI_5_CI_LOWER","0.008",""
"RI","HAI_5_CI_LOWER","0.575",""
"SC","HAI_5_CI_LOWER","0.758",""
"SD","HAI_5_CI_LOWER","0.087",""
"TN","HAI_5_CI_LOWER","0.944",""
"TX","HAI_5_CI_LOWER","0.887",""
"UT","HAI_5_CI_LOWER","0.248",""
"VA","HAI_5_CI_LOWER","0.897",""
"VI","HAI_5_CI_LOWER","Not Available","Results cannot be calculated for this reporting period."
"VT","HAI_5_CI_LOWER","0.007",""
"WA","HAI_5_CI_LOWER","0.672",""
"WI","HAI_5_CI_LOWER","0.441",""
"WV","HAI_5_CI_LOWER","0.668",""
"WY","HAI_5_CI_LOWER","-",""
"AK","HAI_6_SIR","0.649",""
"AL","HAI_6_SIR","0.684",""
"AR","HAI_6_SIR","0.740",""
"AS","HAI_6_SIR","Not Available","This measure does not apply to this hospital for this reporting period."
"AZ","HAI_6_SIR","1.289",""
"CA","HAI_6_SIR","1.092",""
"CO","HAI_6_SIR","1.111",""
"CT","HAI_6_SIR","1.100",""
"DC","HAI_6_SIR","1.113",""
"DE","HAI_6_SIR","1.175",""
"FL","HAI_6_SIR","0.917",""
"GA","HAI_6_SIR","0.841",""
"GU","HAI_6_SIR","Not Available","This measure does not apply to this hospital for this reporting period."
"HI","HAI_6_SIR","0.680",""
"IA","HAI_6_SIR","0.900",""
"ID","HAI_6_SIR","0.586",""
"IL","HAI_6_SIR","0.962",""
"IN","HAI_6_SIR","0.963",""
"KS","HAI_6_SIR","1.003",""
"KY","HAI_6_SIR","0.957",""
"LA","HAI_6_SIR","0.659",""
"MA","HAI_6_SIR","1.083",""
"MD","HAI_6_SIR","1.211",""
"ME","HAI_6_SIR","0.665",""
"MI","HAI_6_SIR","1.032",""
"MN","HAI_6_SIR","0.931",""
"MO","HAI_6_SIR","0.938",""
"MP","HAI_6_SIR","Not Available","This measure does not apply to this hospital for this reporting period."
"MS","HAI_6_SIR","0.574",""
"MT","HAI_6_SIR","0.897",""
"NC","HAI_6_SIR","0.804",""
"ND","HAI_6_SIR","0.803",""
"NE","HAI_6_SIR","0.587",""
"NH","HAI_6_SIR","0.814",""
"NJ","HAI_6_SIR","1.131",""
"NM","HAI_6_SIR","1.254",""
"NV","HAI_6_SIR","1.209",""
"NY","HAI_6_SIR","1.103",""
"OH","HAI_6_SIR","1.035",""
"OK","HAI_6_SIR","0.968",""
"OR","HAI_6_SIR","0.833",""
"PA","HAI_6_SIR","0.950",""
"PR","HAI_6_SIR","0.378",""
"RI","HAI_6_SIR","1.358",""
"SC","HAI_6_SIR","0.789",""
"SD","HAI_6_SIR","0.681",""
"TN","HAI_6_SIR","0.792",""
"TX","HAI_6_SIR","0.814",""
"UT","HAI_6_SIR","0.873",""
"VA","HAI_6_SIR","1.120",""
"VI","HAI_6_SIR","0.816",""
"VT","HAI_6_SIR","0.614",""
"WA","HAI_6_SIR","0.961",""
"WI","HAI_6_SIR","0.897",""
"WV","HAI_6_SIR","1.045",""
"WY","HAI_6_SIR","0.975",""
"AK","HAI_6_CI_UPPER","0.982",""
"AL","HAI_6_CI_UPPER","0.762",""
"AR","HAI_6_CI_UPPER","0.861",""
"AS","HAI_6_CI_UPPER","Not Available","This measure does not apply to this hospital for this reporting period."
"AZ","HAI_6_CI_UPPER","1.390",""
"CA","HAI_6_CI_UPPER","1.133",""
"CO","HAI_6_CI_UPPER","1.237",""
"CT","HAI_6_CI_UPPER","1.213",""
"DC","HAI_6_CI_UPPER","1.316",""
"DE","HAI_6_CI_UPPER","1.431",""
"FL","HAI_6_CI_UPPER","0.960",""
"GA","HAI_6_CI_UPPER","0.909",""
"GU","HAI_6_CI_UPPER","Not Available","This measure does not apply to this hospital for this reporting period."
"HI","HAI_6_CI_UPPER","0.877",""
"IA","HAI_6_CI_UPPER","1.021",""
"ID","HAI_6_CI_UPPER","0.782",""
"IL","HAI_6_CI_UPPER","1.018",""
"IN","HAI_6_CI_UPPER","1.043",""
"KS","HAI_6_CI_UPPER","1.141",""
"KY","HAI_6_CI_UPPER","1.050",""
"LA","HAI_6_CI_UPPER","0.741",""
"MA","HAI_6_CI_UPPER","1.167",""
"MD","HAI_6_CI_UPPER","1.364",""
"ME","HAI_6_CI_UPPER","0.847",""
"MI","HAI_6_CI_UPPER","1.095",""
"MN","HAI_6_CI_UPPER","1.027",""
"MO","HAI_6_CI_UPPER","1.019",""
"MP","HAI_6_CI_UPPER","Not Available","This measure does not apply to this hospital for this reporting period."
"MS","HAI_6_CI_UPPER","0.670",""
"MT","HAI_6_CI_UPPER","1.171",""
"NC","HAI_6_CI_UPPER","0.867",""
"ND","HAI_6_CI_UPPER","1.048",""
"NE","HAI_6_CI_UPPER","0.731",""
"NH","HAI_6_CI_UPPER","1.017",""
"NJ","HAI_6_CI_UPPER","1.206",""
"NM","HAI_6_CI_UPPER","1.465",""
"NV","HAI_6_CI_UPPER","1.376",""
"NY","HAI_6_CI_UPPER","1.147",""
"OH","HAI_6_CI_UPPER","1.093",""
"OK","HAI_6_CI_UPPER","1.077",""
"OR","HAI_6_CI_UPPER","0.959",""
"PA","HAI_6_CI_UPPER","1.002",""
"PR","HAI_6_CI_UPPER","0.745",""
"RI","HAI_6_CI_UPPER","1.578",""
"SC","HAI_6_CI_UPPER","0.875",""
"SD","HAI_6_CI_UPPER","0.885",""
"TN","HAI_6_CI_UPPER","0.862",""
"TX","HAI_6_CI_UPPER","0.855",""
"UT","HAI_6_CI_UPPER","1.029",""
"VA","HAI_6_CI_UPPER","1.206",""
"VI","HAI_6_CI_UPPER","2.946",""
"VT","HAI_6_CI_UPPER","0.922",""
"WA","HAI_6_CI_UPPER","1.057",""
"WI","HAI_6_CI_UPPER","0.993",""
"WV","HAI_6_CI_UPPER","1.185",""
"WY","HAI_6_CI_UPPER","1.463",""
"AK","HAI_6_CI_LOWER","0.406",""
"AL","HAI_6_CI_LOWER","0.612",""
"AR","HAI_6_CI_LOWER","0.633",""
"AS","HAI_6_CI_LOWER","Not Available","This measure does not apply to this hospital for this reporting period."
"AZ","HAI_6_CI_LOWER","1.194",""
"CA","HAI_6_CI_LOWER","1.052",""
"CO","HAI_6_CI_LOWER","0.995",""
"CT","HAI_6_CI_LOWER","0.994",""
"DC","HAI_6_CI_LOWER","0.933",""
"DE","HAI_6_CI_LOWER","0.955",""
"FL","HAI_6_CI_LOWER","0.876",""
"GA","HAI_6_CI_LOWER","0.777",""
"GU","HAI_6_CI_LOWER","Not Available","This measure does not apply to this hospital for this reporting period."
"HI","HAI_6_CI_LOWER","0.518",""
"IA","HAI_6_CI_LOWER","0.789",""
"ID","HAI_6_CI_LOWER","0.429",""
"IL","HAI_6_CI_LOWER","0.908",""
"IN","HAI_6_CI_LOWER","0.886",""
"KS","HAI_6_CI_LOWER","0.878",""
"KY","HAI_6_CI_LOWER","0.871",""
"LA","HAI_6_CI_LOWER","0.583",""
"MA","HAI_6_CI_LOWER","1.004",""
"MD","HAI_6_CI_LOWER","1.072",""
"ME","HAI_6_CI_LOWER","0.513",""
"MI","HAI_6_CI_LOWER","0.972",""
"MN","HAI_6_CI_LOWER","0.841",""
"MO","HAI_6_CI_LOWER","0.862",""
"MP","HAI_6_CI_LOWER","Not Available","This measure does not apply to this hospital for this reporting period."
"MS","HAI_6_CI_LOWER","0.489",""
"MT","HAI_6_CI_LOWER","0.674",""
"NC","HAI_6_CI_LOWER","0.745",""
"ND","HAI_6_CI_LOWER","0.604",""
"NE","HAI_6_CI_LOWER","0.466",""
"NH","HAI_6_CI_LOWER","0.642",""
"NJ","HAI_6_CI_LOWER","1.060",""
"NM","HAI_6_CI_LOWER","1.066",""
"NV","HAI_6_CI_LOWER","1.058",""
"NY","HAI_6_CI_LOWER","1.061",""
"OH","HAI_6_CI_LOWER","0.980",""
"OK","HAI_6_CI_LOWER","0.869",""
"OR","HAI_6_CI_LOWER","0.720",""
"PA","HAI_6_CI_LOWER","0.900",""
"PR","HAI_6_CI_LOWER","0.163",""
"RI","HAI_6_CI_LOWER","1.162",""
"SC","HAI_6_CI_LOWER","0.709",""
"SD","HAI_6_CI_LOWER","0.515",""
"TN","HAI_6_CI_LOWER","0.726",""
"TX","HAI_6_CI_LOWER","0.774",""
"UT","HAI_6_CI_LOWER","0.734",""
"VA","HAI_6_CI_LOWER","1.038",""
"VI","HAI_6_CI_LOWER","0.099",""
"VT","HAI_6_CI_LOWER","0.389",""
"WA","HAI_6_CI_LOWER","0.873",""
"WI","HAI_6_CI_LOWER","0.809",""
"WV","HAI_6_CI_LOWER","0.918",""
"WY","HAI_6_CI_LOWER","0.618",""
