"Diagnosis Related Group","Number Of Cases"
"<b>Acute myocardial infarction, discharged alive w/o CC/MCC</b>","29370"
"<b>Acute myocardial infarction, discharged alive w MCC</b>","67178"
"<b>Acute myocardial infarction, discharged alive w CC</b>","47460"
"<b>Heart failure and shock w/o CC/MCC</b>","80313"
"<b>Heart failure and shock w MCC</b>","185208"
"<b>Heart failure and shock w CC</b>","205584"
"<b>Chronic obstructive pulmonary disease w/o CC/MCC</b>","100017"
"<b>Chronic obstructive pulmonary disease w MCC</b>","142691"
"<b>Chronic obstructive pulmonary disease w CC</b>","138190"
"<b>Simple pneumonia and pleurisy w MCC</b>","131265"
"<b>Diabetes w MCC</b>","21668"
"<b>Chest Pain</b>","106953"
"<b>Cardiac valve and oth maj cardiothoracic proc w/o card cath w/o CC/MCC</b>","4822"
"<b>Cardiac valve and oth maj cardiothoracic proc w/o card cath w MCC</b>","17271"
"<b>Cardiac valve and oth maj cardiothoracic proc w/o card cath w CC</b>","20755"
"<b>Major cardiovasc procedures w MCC or thoracic aortic aneurysm repair</b>","19776"
"<b>Cardiac defibrillator implant w/o cardiac cath w/o MCC</b>","17435"
"<b>Cardiac defibrillator implant w/o cardiac cath w MCC</b>","5072"
"<b>Cardiac defib implant w cardiac cath w/o AMI/HF/shock w/o MCC</b>","2998"
"<b>Cardiac defib implant w cardiac cath w/o AMI/HF/shock w MCC</b>","2400"
"<b>Extracranial procedures w/o CC/MCC</b>","35382"
"<b>Extracranial procedures w CC</b>","12547"
"<b>Coronary bypass w/o cardiac cath w/o MCC</b>","19901"
"<b>Coronary bypass w/o cardiac cath w MCC</b>","8111"
"<b>Permanent cardiac pacemaker implant w/o CC/MCC</b>","28212"
"<b>Permanent cardiac pacemaker implant w CC</b>","32016"
"<b>Perc cardiovasc proc w drug-eluting stent w/o MCC</b>","102245"
"<b>Laparoscopic cholecystectomy w/o c.d.e. w/o CC/MCC</b>","23168"
"<b>Laparoscopic cholecystectomy w/o c.d.e. w MCC</b>","17450"
"<b>Laparoscopic cholecystectomy w/o c.d.e. w CC</b>","26431"
"<b>Cholecystectomy except by laparoscope w/o c.d.e. w MCC</b>","3681"
"<b>Hernia procedures except inguinal and femoral w/o CC/MCC</b>","10056"
"<b>Hernia procedures except inguinal and femoral w MCC</b>","3612"
"<b>Hernia procedures except inguinal and femoral w CC</b>","9595"
"<b>Major small and large bowel procedures w/o CC/MCC</b>","24968"
"<b>Major small and large bowel procedures w CC</b>","56029"
"<b>Major small and large bowel procedures w MCC</b>","42342"
"<b>Stomach, esophageal duodenal proc w/o CC/MCC</b>","9975"
"<b>Cervical spinal fusion w/o CC/MCC</b>","29130"
"<b>Cervical spinal fusion w MCC</b>","3357"
"<b>Cervical spinal fusion w CC</b>","10962"
"<b>Spinal fusion except cervical w/o MCC</b>","71329"
"<b>Spinal fusion except cervical w MCC</b>","4465"
"<b>Back and neck proc exc spinal fusion w/o CC/MCC</b>","31919"
"<b>Back and neck proc exc spinal fusion w CC/MCC or disc device/neurostim</b>","18546"
"<b>Major shoulder or elbow joint procedures w/o CC/MCC</b>","554"
"<b>Major shoulder or elbow joint procedures w CC/MCC</b>","616"
"<b>Bilateral or multiple major joint procs of lower extremity w/o MCC</b>","9762"
"<b>Bilateral or multiple major joint procs of lower extremity w MCC</b>","447"
"<b>Major joint replacement or reattachment of lower extremity w/o MCC</b>","431358"
"<b>Major joint replacement or reattachment of lower extremity w MCC</b>","26670"
"<b>Revision of hip or knee replacement w/o CC/MCC</b>","16671"
"<b>Revision of hip or knee replacement w MCC</b>","4098"
"<b>Revision of hip or knee replacement w CC</b>","23365"
"<b>Biopsies of musculoskeletal system and connective tissue w/o CC/MCC</b>","2969"
"<b>Biopsies of musculoskeletal system and connective tissue w MCC</b>","2657"
"<b>Biopsies of musculoskeletal system and connective tissue w CC</b>","7221"
"<b>Other musculoskelet sys and conn tiss O.R. proc w MCC</b>","3871"
"<b>Kidney and ureter procedures for neoplasm w/o CC/MCC</b>","7152"
"<b>Kidney and ureter procedures for neoplasm w MCC</b>","3518"
"<b>Kidney and ureter procedures for neoplasm w CC</b>","8647"
"<b>Kidney and ureter procedures for non-neoplasm w MCC</b>","4246"
"<b>Transurethral procedures w MCC</b>","3595"
"<b>Other kidney and urinary tract procedures w/o CC/MCC</b>","1544"
"<b>Other kidney and urinary tract procedures w MCC</b>","10824"
"<b>Other kidney and urinary tract procedures w CC</b>","7955"
"<b>Transurethral prostatectomy w/o CC/MCC</b>","8806"
"<b>Transurethral prostatectomy w CC/MCC</b>","6361"
"<b>Female reproductive system reconstructive procedures</b>","7861"
"<b>Uterine and adnexa proc for non-malignancy w/o CC/MCC</b>","19035"
