"Measure ID","Measure Name","National Rate","Number of Hospitals Worse","Number of Hospitals Same","Number of Hospitals Better","Number of Hospitals Too Few","Footnote","Start Date","End Date"
COMP_HIP_KNEE,Rate of complications for hip/knee replacement patients,2.4,24,2478,28,915,,04/01/2018,03/31/2021
MORT_30_AMI,Death rate for heart attack patients,12.4,14,2014,19,1917,,07/01/2018,06/30/2021
MORT_30_CABG,Death rate for CABG surgery patients,2.9,12,903,7,206,,07/01/2018,06/30/2021
MORT_30_COPD,Death rate for COPD patients,8.4,38,2956,25,1539,,07/01/2018,06/30/2021
MORT_30_HF,Death rate for heart failure patients,11.3,109,2988,195,1285,,07/01/2018,06/30/2021
MORT_30_PN,Death rate for pneumonia patients,Not Available,Not Available,Not Available,Not Available,Not Available,5,07/01/2018,06/30/2021
MORT_30_STK,Death rate for stroke patients,13.6,53,2075,79,1912,,07/01/2018,06/30/2021
PSI_03,Pressure ulcer rate,Not Available,Not Available,Not Available,Not Available,Not Available,5,07/01/2019,06/30/2021
PSI_04,Death rate among surgical inpatients with serious treatable complications,Not Available,Not Available,Not Available,Not Available,Not Available,5,07/01/2019,06/30/2021
PSI_06,Iatrogenic pneumothorax rate,Not Available,Not Available,Not Available,Not Available,Not Available,5,07/01/2019,06/30/2021
PSI_08,In-hospital fall with hip fracture rate,Not Available,Not Available,Not Available,Not Available,Not Available,5,07/01/2019,06/30/2021
PSI_09,Perioperative hemorrhage or hematoma rate,Not Available,Not Available,Not Available,Not Available,Not Available,5,07/01/2019,06/30/2021
PSI_10,Postoperative acute kidney injury requiring dialysis rate,Not Available,Not Available,Not Available,Not Available,Not Available,5,07/01/2019,06/30/2021
PSI_11,Postoperative respiratory failure rate,Not Available,Not Available,Not Available,Not Available,Not Available,5,07/01/2019,06/30/2021
PSI_12,Perioperative pulmonary embolism or deep vein thrombosis rate,Not Available,Not Available,Not Available,Not Available,Not Available,5,07/01/2019,06/30/2021
PSI_13,Postoperative sepsis rate,Not Available,Not Available,Not Available,Not Available,Not Available,5,07/01/2019,06/30/2021
PSI_14,Postoperative wound dehiscence rate,Not Available,Not Available,Not Available,Not Available,Not Available,5,07/01/2019,06/30/2021
PSI_15,Abdominopelvic accidental puncture or laceration rate,Not Available,Not Available,Not Available,Not Available,Not Available,5,07/01/2019,06/30/2021
PSI_90,CMS Medicare PSI 90: Patient safety and adverse events composite,Not Available,Not Available,Not Available,Not Available,Not Available,5,07/01/2019,06/30/2021
