,file_month,file_year,Measure Name,Start Date,End Date
0,01,2023,CAUTI Score,2021-01-01,2021-12-31
1,04,2023,CAUTI Score,2021-01-01,2021-12-31
2,07,2023,CAUTI Score,2021-01-01,2021-12-31
3,10,2023,CAUTI Score,2021-01-01,2021-12-31
4,01,2022,CAUTI Score,2019-01-01,2019-12-31
5,04,2022,CAUTI Score,2019-01-01,2019-12-31
6,07,2022,CAUTI Score,2019-01-01,2019-12-31
7,10,2022,CAUTI Score,2019-01-01,2019-12-31
8,01,2021,CAUTI Score,2018-01-01,2019-12-31
9,03,2021,CAUTI Score,2018-01-01,2019-12-31
10,04,2021,CAUTI Score,2018-01-01,2019-12-31
11,07,2021,CAUTI Score,2018-01-01,2019-12-31
12,10,2021,CAUTI Score,2018-01-01,2019-12-31
13,10,2020,CAUTI Score,2017-01-01,2018-12-31
14,07,2020,CAUTI Score,2017-01-01,2018-12-31
15,04,2020,CAUTI Score,2017-01-01,2018-12-31
16,01,2020,CAUTI Score,2017-01-01,2018-12-31
17,10,2019,CAUTI Score,2016-01-01,2017-12-31
18,07,2019,CAUTI Score,2016-01-01,2017-12-31
19,04,2019,CAUTI Score,2016-01-01,2017-12-31
20,03,2019,CAUTI Score,2016-01-01,2017-12-31
21,10,2018,CAUTI Score,2015-01-01,2016-12-31
22,07,2018,CAUTI Score,2015-01-01,2016-12-31
23,05,2018,CAUTI Score,2015-01-01,2016-12-31
24,01,2018,CAUTI Score,2015-01-01,2016-12-31
25,10,2017,CAUTI Score,2014-01-01,2015-12-31
26,07,2017,CAUTI Score,2014-01-01,2015-12-31
27,04,2017,CAUTI Score,2014-01-01,2015-12-31
28,12,2016,CAUTI Score,2014-01-01,2015-12-31
29,11,2016,CAUTI Score,2013-01-01,2014-12-31
30,08,2016,CAUTI Score,2013-01-01,2014-12-31
31,05,2016,CAUTI Score,2013-01-01,2014-12-31
32,12,2015,CAUTI Score,2013-01-01,2014-12-31
33,10,2015,CAUTI Score,2012-01-01,2013-12-31
34,07,2015,CAUTI Score,2012-01-01,2013-12-31
35,05,2015,CAUTI Score,2012-01-01,2013-12-31
36,04,2015,CAUTI Score,2012-01-01,2013-12-31
37,01,2015,CAUTI Score,2012-01-01,2013-12-31
38,12,2014,CAUTI Score,2012-01-01,2013-12-31
39,01,2023,CAUTI SIR,2021-01-01,2021-12-31
40,04,2023,CAUTI SIR,2021-01-01,2021-12-31
41,07,2023,CAUTI SIR,2021-01-01,2021-12-31
42,10,2023,CAUTI SIR,2021-01-01,2021-12-31
43,01,2022,CAUTI SIR,2019-01-01,2019-12-31
44,04,2022,CAUTI SIR,2019-01-01,2019-12-31
45,07,2022,CAUTI SIR,2019-01-01,2019-12-31
46,10,2022,CAUTI SIR,2019-01-01,2019-12-31
47,01,2021,CAUTI SIR,2018-01-01,2019-12-31
48,03,2021,CAUTI SIR,2018-01-01,2019-12-31
49,04,2021,CAUTI SIR,2018-01-01,2019-12-31
50,07,2021,CAUTI SIR,2018-01-01,2019-12-31
51,10,2021,CAUTI SIR,2018-01-01,2019-12-31
52,10,2020,CAUTI SIR,2017-01-01,2018-12-31
53,07,2020,CAUTI SIR,2017-01-01,2018-12-31
54,04,2020,CAUTI SIR,2017-01-01,2018-12-31
55,01,2020,CAUTI SIR,2017-01-01,2018-12-31
56,10,2019,CAUTI SIR,2016-01-01,2017-12-31
57,07,2019,CAUTI SIR,2016-01-01,2017-12-31
58,04,2019,CAUTI SIR,2016-01-01,2017-12-31
59,03,2019,CAUTI SIR,2016-01-01,2017-12-31
60,10,2018,CAUTI SIR,2015-01-01,2016-12-31
61,07,2018,CAUTI SIR,2015-01-01,2016-12-31
62,05,2018,CAUTI SIR,2015-01-01,2016-12-31
63,01,2018,CAUTI SIR,2015-01-01,2016-12-31
64,10,2017,CAUTI SIR,2014-01-01,2015-12-31
65,07,2017,CAUTI SIR,2014-01-01,2015-12-31
66,04,2017,CAUTI SIR,2014-01-01,2015-12-31
67,12,2016,CAUTI SIR,2014-01-01,2015-12-31
68,11,2016,CAUTI SIR,2013-01-01,2014-12-31
69,08,2016,CAUTI SIR,2013-01-01,2014-12-31
70,05,2016,CAUTI SIR,2013-01-01,2014-12-31
71,12,2015,CAUTI SIR,2013-01-01,2014-12-31
72,10,2015,CAUTI SIR,2012-01-01,2013-12-31
73,07,2015,CAUTI SIR,2012-01-01,2013-12-31
74,05,2015,CAUTI SIR,2012-01-01,2013-12-31
75,04,2015,CAUTI SIR,2012-01-01,2013-12-31
76,01,2015,CAUTI SIR,2012-01-01,2013-12-31
77,12,2014,CAUTI SIR,2012-01-01,2013-12-31
78,01,2023,CAUTI W Z Score,2021-01-01,2021-12-31
79,04,2023,CAUTI W Z Score,2021-01-01,2021-12-31
80,07,2023,CAUTI W Z Score,2021-01-01,2021-12-31
81,10,2023,CAUTI W Z Score,2021-01-01,2021-12-31
82,01,2022,CAUTI W Z Score,2019-01-01,2019-12-31
83,04,2022,CAUTI W Z Score,2019-01-01,2019-12-31
84,07,2022,CAUTI W Z Score,2019-01-01,2019-12-31
85,10,2022,CAUTI W Z Score,2019-01-01,2019-12-31
86,01,2021,CAUTI W Z Score,2018-01-01,2019-12-31
87,03,2021,CAUTI W Z Score,2018-01-01,2019-12-31
88,04,2021,CAUTI W Z Score,2018-01-01,2019-12-31
89,07,2021,CAUTI W Z Score,2018-01-01,2019-12-31
90,10,2021,CAUTI W Z Score,2018-01-01,2019-12-31
91,10,2020,CAUTI W Z Score,2017-01-01,2018-12-31
92,07,2020,CAUTI W Z Score,2017-01-01,2018-12-31
93,04,2020,CAUTI W Z Score,2017-01-01,2018-12-31
94,01,2020,CAUTI W Z Score,2017-01-01,2018-12-31
95,10,2019,CAUTI W Z Score,2016-01-01,2017-12-31
96,07,2019,CAUTI W Z Score,2016-01-01,2017-12-31
97,04,2019,CAUTI W Z Score,2016-01-01,2017-12-31
98,03,2019,CAUTI W Z Score,2016-01-01,2017-12-31
99,10,2018,CAUTI W Z Score,2015-01-01,2016-12-31
100,07,2018,CAUTI W Z Score,2015-01-01,2016-12-31
101,05,2018,CAUTI W Z Score,2015-01-01,2016-12-31
102,01,2018,CAUTI W Z Score,2015-01-01,2016-12-31
103,10,2017,CAUTI W Z Score,2014-01-01,2015-12-31
104,07,2017,CAUTI W Z Score,2014-01-01,2015-12-31
105,04,2017,CAUTI W Z Score,2014-01-01,2015-12-31
106,12,2016,CAUTI W Z Score,2014-01-01,2015-12-31
107,11,2016,CAUTI W Z Score,2013-01-01,2014-12-31
108,08,2016,CAUTI W Z Score,2013-01-01,2014-12-31
109,05,2016,CAUTI W Z Score,2013-01-01,2014-12-31
110,12,2015,CAUTI W Z Score,2013-01-01,2014-12-31
111,10,2015,CAUTI W Z Score,2012-01-01,2013-12-31
112,07,2015,CAUTI W Z Score,2012-01-01,2013-12-31
113,05,2015,CAUTI W Z Score,2012-01-01,2013-12-31
114,04,2015,CAUTI W Z Score,2012-01-01,2013-12-31
115,01,2015,CAUTI W Z Score,2012-01-01,2013-12-31
116,12,2014,CAUTI W Z Score,2012-01-01,2013-12-31
117,01,2023,CDI Score,2021-01-01,2021-12-31
118,04,2023,CDI Score,2021-01-01,2021-12-31
119,07,2023,CDI Score,2021-01-01,2021-12-31
120,10,2023,CDI Score,2021-01-01,2021-12-31
121,01,2022,CDI Score,2019-01-01,2019-12-31
122,04,2022,CDI Score,2019-01-01,2019-12-31
123,07,2022,CDI Score,2019-01-01,2019-12-31
124,10,2022,CDI Score,2019-01-01,2019-12-31
125,01,2021,CDI Score,2018-01-01,2019-12-31
126,03,2021,CDI Score,2018-01-01,2019-12-31
127,04,2021,CDI Score,2018-01-01,2019-12-31
128,07,2021,CDI Score,2018-01-01,2019-12-31
129,10,2021,CDI Score,2018-01-01,2019-12-31
130,10,2020,CDI Score,2017-01-01,2018-12-31
131,07,2020,CDI Score,2017-01-01,2018-12-31
132,04,2020,CDI Score,2017-01-01,2018-12-31
133,01,2020,CDI Score,2017-01-01,2018-12-31
134,10,2019,CDI Score,2016-01-01,2017-12-31
135,07,2019,CDI Score,2016-01-01,2017-12-31
136,04,2019,CDI Score,2016-01-01,2017-12-31
137,03,2019,CDI Score,2016-01-01,2017-12-31
138,10,2018,CDI Score,2015-01-01,2016-12-31
139,07,2018,CDI Score,2015-01-01,2016-12-31
140,05,2018,CDI Score,2015-01-01,2016-12-31
141,01,2018,CDI Score,2015-01-01,2016-12-31
142,10,2017,CDI Score,2014-01-01,2015-12-31
143,07,2017,CDI Score,2014-01-01,2015-12-31
144,04,2017,CDI Score,2014-01-01,2015-12-31
145,12,2016,CDI Score,2014-01-01,2015-12-31
146,11,2016,CDI Score,2013-01-01,2014-12-31
147,08,2016,CDI Score,2013-01-01,2014-12-31
148,05,2016,CDI Score,2013-01-01,2014-12-31
149,12,2015,CDI Score,2013-01-01,2014-12-31
150,10,2015,CDI Score,2012-01-01,2013-12-31
151,07,2015,CDI Score,2012-01-01,2013-12-31
152,05,2015,CDI Score,2012-01-01,2013-12-31
153,04,2015,CDI Score,2012-01-01,2013-12-31
154,01,2015,CDI Score,2012-01-01,2013-12-31
155,12,2014,CDI Score,2012-01-01,2013-12-31
156,01,2023,CDI SIR,2021-01-01,2021-12-31
157,04,2023,CDI SIR,2021-01-01,2021-12-31
158,07,2023,CDI SIR,2021-01-01,2021-12-31
159,10,2023,CDI SIR,2021-01-01,2021-12-31
160,01,2022,CDI SIR,2019-01-01,2019-12-31
161,04,2022,CDI SIR,2019-01-01,2019-12-31
162,07,2022,CDI SIR,2019-01-01,2019-12-31
163,10,2022,CDI SIR,2019-01-01,2019-12-31
164,01,2021,CDI SIR,2018-01-01,2019-12-31
165,03,2021,CDI SIR,2018-01-01,2019-12-31
166,04,2021,CDI SIR,2018-01-01,2019-12-31
167,07,2021,CDI SIR,2018-01-01,2019-12-31
168,10,2021,CDI SIR,2018-01-01,2019-12-31
169,10,2020,CDI SIR,2017-01-01,2018-12-31
170,07,2020,CDI SIR,2017-01-01,2018-12-31
171,04,2020,CDI SIR,2017-01-01,2018-12-31
172,01,2020,CDI SIR,2017-01-01,2018-12-31
173,10,2019,CDI SIR,2016-01-01,2017-12-31
174,07,2019,CDI SIR,2016-01-01,2017-12-31
175,04,2019,CDI SIR,2016-01-01,2017-12-31
176,03,2019,CDI SIR,2016-01-01,2017-12-31
177,10,2018,CDI SIR,2015-01-01,2016-12-31
178,07,2018,CDI SIR,2015-01-01,2016-12-31
179,05,2018,CDI SIR,2015-01-01,2016-12-31
180,01,2018,CDI SIR,2015-01-01,2016-12-31
181,10,2017,CDI SIR,2014-01-01,2015-12-31
182,07,2017,CDI SIR,2014-01-01,2015-12-31
183,04,2017,CDI SIR,2014-01-01,2015-12-31
184,12,2016,CDI SIR,2014-01-01,2015-12-31
185,11,2016,CDI SIR,2013-01-01,2014-12-31
186,08,2016,CDI SIR,2013-01-01,2014-12-31
187,05,2016,CDI SIR,2013-01-01,2014-12-31
188,12,2015,CDI SIR,2013-01-01,2014-12-31
189,10,2015,CDI SIR,2012-01-01,2013-12-31
190,07,2015,CDI SIR,2012-01-01,2013-12-31
191,05,2015,CDI SIR,2012-01-01,2013-12-31
192,04,2015,CDI SIR,2012-01-01,2013-12-31
193,01,2015,CDI SIR,2012-01-01,2013-12-31
194,12,2014,CDI SIR,2012-01-01,2013-12-31
195,01,2023,CDI W Z Score,2021-01-01,2021-12-31
196,04,2023,CDI W Z Score,2021-01-01,2021-12-31
197,07,2023,CDI W Z Score,2021-01-01,2021-12-31
198,10,2023,CDI W Z Score,2021-01-01,2021-12-31
199,01,2022,CDI W Z Score,2019-01-01,2019-12-31
200,04,2022,CDI W Z Score,2019-01-01,2019-12-31
201,07,2022,CDI W Z Score,2019-01-01,2019-12-31
202,10,2022,CDI W Z Score,2019-01-01,2019-12-31
203,01,2021,CDI W Z Score,2018-01-01,2019-12-31
204,03,2021,CDI W Z Score,2018-01-01,2019-12-31
205,04,2021,CDI W Z Score,2018-01-01,2019-12-31
206,07,2021,CDI W Z Score,2018-01-01,2019-12-31
207,10,2021,CDI W Z Score,2018-01-01,2019-12-31
208,10,2020,CDI W Z Score,2017-01-01,2018-12-31
209,07,2020,CDI W Z Score,2017-01-01,2018-12-31
210,04,2020,CDI W Z Score,2017-01-01,2018-12-31
211,01,2020,CDI W Z Score,2017-01-01,2018-12-31
212,10,2019,CDI W Z Score,2016-01-01,2017-12-31
213,07,2019,CDI W Z Score,2016-01-01,2017-12-31
214,04,2019,CDI W Z Score,2016-01-01,2017-12-31
215,03,2019,CDI W Z Score,2016-01-01,2017-12-31
216,10,2018,CDI W Z Score,2015-01-01,2016-12-31
217,07,2018,CDI W Z Score,2015-01-01,2016-12-31
218,05,2018,CDI W Z Score,2015-01-01,2016-12-31
219,01,2018,CDI W Z Score,2015-01-01,2016-12-31
220,10,2017,CDI W Z Score,2014-01-01,2015-12-31
221,07,2017,CDI W Z Score,2014-01-01,2015-12-31
222,04,2017,CDI W Z Score,2014-01-01,2015-12-31
223,12,2016,CDI W Z Score,2014-01-01,2015-12-31
224,11,2016,CDI W Z Score,2013-01-01,2014-12-31
225,08,2016,CDI W Z Score,2013-01-01,2014-12-31
226,05,2016,CDI W Z Score,2013-01-01,2014-12-31
227,12,2015,CDI W Z Score,2013-01-01,2014-12-31
228,10,2015,CDI W Z Score,2012-01-01,2013-12-31
229,07,2015,CDI W Z Score,2012-01-01,2013-12-31
230,05,2015,CDI W Z Score,2012-01-01,2013-12-31
231,04,2015,CDI W Z Score,2012-01-01,2013-12-31
232,01,2015,CDI W Z Score,2012-01-01,2013-12-31
233,12,2014,CDI W Z Score,2012-01-01,2013-12-31
234,01,2023,CLABSI Score,2021-01-01,2021-12-31
235,04,2023,CLABSI Score,2021-01-01,2021-12-31
236,07,2023,CLABSI Score,2021-01-01,2021-12-31
237,10,2023,CLABSI Score,2021-01-01,2021-12-31
238,01,2022,CLABSI Score,2019-01-01,2019-12-31
239,04,2022,CLABSI Score,2019-01-01,2019-12-31
240,07,2022,CLABSI Score,2019-01-01,2019-12-31
241,10,2022,CLABSI Score,2019-01-01,2019-12-31
242,01,2021,CLABSI Score,2018-01-01,2019-12-31
243,03,2021,CLABSI Score,2018-01-01,2019-12-31
244,04,2021,CLABSI Score,2018-01-01,2019-12-31
245,07,2021,CLABSI Score,2018-01-01,2019-12-31
246,10,2021,CLABSI Score,2018-01-01,2019-12-31
247,10,2020,CLABSI Score,2017-01-01,2018-12-31
248,07,2020,CLABSI Score,2017-01-01,2018-12-31
249,04,2020,CLABSI Score,2017-01-01,2018-12-31
250,01,2020,CLABSI Score,2017-01-01,2018-12-31
251,10,2019,CLABSI Score,2016-01-01,2017-12-31
252,07,2019,CLABSI Score,2016-01-01,2017-12-31
253,04,2019,CLABSI Score,2016-01-01,2017-12-31
254,03,2019,CLABSI Score,2016-01-01,2017-12-31
255,10,2018,CLABSI Score,2015-01-01,2016-12-31
256,07,2018,CLABSI Score,2015-01-01,2016-12-31
257,05,2018,CLABSI Score,2015-01-01,2016-12-31
258,01,2018,CLABSI Score,2015-01-01,2016-12-31
259,10,2017,CLABSI Score,2014-01-01,2015-12-31
260,07,2017,CLABSI Score,2014-01-01,2015-12-31
261,04,2017,CLABSI Score,2014-01-01,2015-12-31
262,12,2016,CLABSI Score,2014-01-01,2015-12-31
263,11,2016,CLABSI Score,2013-01-01,2014-12-31
264,08,2016,CLABSI Score,2013-01-01,2014-12-31
265,05,2016,CLABSI Score,2013-01-01,2014-12-31
266,12,2015,CLABSI Score,2013-01-01,2014-12-31
267,10,2015,CLABSI Score,2012-01-01,2013-12-31
268,07,2015,CLABSI Score,2012-01-01,2013-12-31
269,05,2015,CLABSI Score,2012-01-01,2013-12-31
270,04,2015,CLABSI Score,2012-01-01,2013-12-31
271,01,2015,CLABSI Score,2012-01-01,2013-12-31
272,12,2014,CLABSI Score,2012-01-01,2013-12-31
273,01,2023,CLABSI SIR,2021-01-01,2021-12-31
274,04,2023,CLABSI SIR,2021-01-01,2021-12-31
275,07,2023,CLABSI SIR,2021-01-01,2021-12-31
276,10,2023,CLABSI SIR,2021-01-01,2021-12-31
277,01,2022,CLABSI SIR,2019-01-01,2019-12-31
278,04,2022,CLABSI SIR,2019-01-01,2019-12-31
279,07,2022,CLABSI SIR,2019-01-01,2019-12-31
280,10,2022,CLABSI SIR,2019-01-01,2019-12-31
281,01,2021,CLABSI SIR,2018-01-01,2019-12-31
282,03,2021,CLABSI SIR,2018-01-01,2019-12-31
283,04,2021,CLABSI SIR,2018-01-01,2019-12-31
284,07,2021,CLABSI SIR,2018-01-01,2019-12-31
285,10,2021,CLABSI SIR,2018-01-01,2019-12-31
286,10,2020,CLABSI SIR,2017-01-01,2018-12-31
287,07,2020,CLABSI SIR,2017-01-01,2018-12-31
288,04,2020,CLABSI SIR,2017-01-01,2018-12-31
289,01,2020,CLABSI SIR,2017-01-01,2018-12-31
290,10,2019,CLABSI SIR,2016-01-01,2017-12-31
291,07,2019,CLABSI SIR,2016-01-01,2017-12-31
292,04,2019,CLABSI SIR,2016-01-01,2017-12-31
293,03,2019,CLABSI SIR,2016-01-01,2017-12-31
294,10,2018,CLABSI SIR,2015-01-01,2016-12-31
295,07,2018,CLABSI SIR,2015-01-01,2016-12-31
296,05,2018,CLABSI SIR,2015-01-01,2016-12-31
297,01,2018,CLABSI SIR,2015-01-01,2016-12-31
298,10,2017,CLABSI SIR,2014-01-01,2015-12-31
299,07,2017,CLABSI SIR,2014-01-01,2015-12-31
300,04,2017,CLABSI SIR,2014-01-01,2015-12-31
301,12,2016,CLABSI SIR,2014-01-01,2015-12-31
302,11,2016,CLABSI SIR,2013-01-01,2014-12-31
303,08,2016,CLABSI SIR,2013-01-01,2014-12-31
304,05,2016,CLABSI SIR,2013-01-01,2014-12-31
305,12,2015,CLABSI SIR,2013-01-01,2014-12-31
306,10,2015,CLABSI SIR,2012-01-01,2013-12-31
307,07,2015,CLABSI SIR,2012-01-01,2013-12-31
308,05,2015,CLABSI SIR,2012-01-01,2013-12-31
309,04,2015,CLABSI SIR,2012-01-01,2013-12-31
310,01,2015,CLABSI SIR,2012-01-01,2013-12-31
311,12,2014,CLABSI SIR,2012-01-01,2013-12-31
312,01,2023,CLABSI W Z Score,2021-01-01,2021-12-31
313,04,2023,CLABSI W Z Score,2021-01-01,2021-12-31
314,07,2023,CLABSI W Z Score,2021-01-01,2021-12-31
315,10,2023,CLABSI W Z Score,2021-01-01,2021-12-31
316,01,2022,CLABSI W Z Score,2019-01-01,2019-12-31
317,04,2022,CLABSI W Z Score,2019-01-01,2019-12-31
318,07,2022,CLABSI W Z Score,2019-01-01,2019-12-31
319,10,2022,CLABSI W Z Score,2019-01-01,2019-12-31
320,01,2021,CLABSI W Z Score,2018-01-01,2019-12-31
321,03,2021,CLABSI W Z Score,2018-01-01,2019-12-31
322,04,2021,CLABSI W Z Score,2018-01-01,2019-12-31
323,07,2021,CLABSI W Z Score,2018-01-01,2019-12-31
324,10,2021,CLABSI W Z Score,2018-01-01,2019-12-31
325,10,2020,CLABSI W Z Score,2017-01-01,2018-12-31
326,07,2020,CLABSI W Z Score,2017-01-01,2018-12-31
327,04,2020,CLABSI W Z Score,2017-01-01,2018-12-31
328,01,2020,CLABSI W Z Score,2017-01-01,2018-12-31
329,10,2019,CLABSI W Z Score,2016-01-01,2017-12-31
330,07,2019,CLABSI W Z Score,2016-01-01,2017-12-31
331,04,2019,CLABSI W Z Score,2016-01-01,2017-12-31
332,03,2019,CLABSI W Z Score,2016-01-01,2017-12-31
333,10,2018,CLABSI W Z Score,2015-01-01,2016-12-31
334,07,2018,CLABSI W Z Score,2015-01-01,2016-12-31
335,05,2018,CLABSI W Z Score,2015-01-01,2016-12-31
336,01,2018,CLABSI W Z Score,2015-01-01,2016-12-31
337,10,2017,CLABSI W Z Score,2014-01-01,2015-12-31
338,07,2017,CLABSI W Z Score,2014-01-01,2015-12-31
339,04,2017,CLABSI W Z Score,2014-01-01,2015-12-31
340,12,2016,CLABSI W Z Score,2014-01-01,2015-12-31
341,11,2016,CLABSI W Z Score,2013-01-01,2014-12-31
342,08,2016,CLABSI W Z Score,2013-01-01,2014-12-31
343,05,2016,CLABSI W Z Score,2013-01-01,2014-12-31
344,12,2015,CLABSI W Z Score,2013-01-01,2014-12-31
345,10,2015,CLABSI W Z Score,2012-01-01,2013-12-31
346,07,2015,CLABSI W Z Score,2012-01-01,2013-12-31
347,05,2015,CLABSI W Z Score,2012-01-01,2013-12-31
348,04,2015,CLABSI W Z Score,2012-01-01,2013-12-31
349,01,2015,CLABSI W Z Score,2012-01-01,2013-12-31
350,12,2014,CLABSI W Z Score,2012-01-01,2013-12-31
351,01,2023,MRSA Score,2021-01-01,2021-12-31
352,04,2023,MRSA Score,2021-01-01,2021-12-31
353,07,2023,MRSA Score,2021-01-01,2021-12-31
354,10,2023,MRSA Score,2021-01-01,2021-12-31
355,01,2022,MRSA Score,2019-01-01,2019-12-31
356,04,2022,MRSA Score,2019-01-01,2019-12-31
357,07,2022,MRSA Score,2019-01-01,2019-12-31
358,10,2022,MRSA Score,2019-01-01,2019-12-31
359,01,2021,MRSA Score,2018-01-01,2019-12-31
360,03,2021,MRSA Score,2018-01-01,2019-12-31
361,04,2021,MRSA Score,2018-01-01,2019-12-31
362,07,2021,MRSA Score,2018-01-01,2019-12-31
363,10,2021,MRSA Score,2018-01-01,2019-12-31
364,10,2020,MRSA Score,2017-01-01,2018-12-31
365,07,2020,MRSA Score,2017-01-01,2018-12-31
366,04,2020,MRSA Score,2017-01-01,2018-12-31
367,01,2020,MRSA Score,2017-01-01,2018-12-31
368,10,2019,MRSA Score,2016-01-01,2017-12-31
369,07,2019,MRSA Score,2016-01-01,2017-12-31
370,04,2019,MRSA Score,2016-01-01,2017-12-31
371,03,2019,MRSA Score,2016-01-01,2017-12-31
372,10,2018,MRSA Score,2015-01-01,2016-12-31
373,07,2018,MRSA Score,2015-01-01,2016-12-31
374,05,2018,MRSA Score,2015-01-01,2016-12-31
375,01,2018,MRSA Score,2015-01-01,2016-12-31
376,10,2017,MRSA Score,2014-01-01,2015-12-31
377,07,2017,MRSA Score,2014-01-01,2015-12-31
378,04,2017,MRSA Score,2014-01-01,2015-12-31
379,12,2016,MRSA Score,2014-01-01,2015-12-31
380,11,2016,MRSA Score,2013-01-01,2014-12-31
381,08,2016,MRSA Score,2013-01-01,2014-12-31
382,05,2016,MRSA Score,2013-01-01,2014-12-31
383,12,2015,MRSA Score,2013-01-01,2014-12-31
384,10,2015,MRSA Score,2012-01-01,2013-12-31
385,07,2015,MRSA Score,2012-01-01,2013-12-31
386,05,2015,MRSA Score,2012-01-01,2013-12-31
387,04,2015,MRSA Score,2012-01-01,2013-12-31
388,01,2015,MRSA Score,2012-01-01,2013-12-31
389,12,2014,MRSA Score,2012-01-01,2013-12-31
390,01,2023,MRSA SIR,2021-01-01,2021-12-31
391,04,2023,MRSA SIR,2021-01-01,2021-12-31
392,07,2023,MRSA SIR,2021-01-01,2021-12-31
393,10,2023,MRSA SIR,2021-01-01,2021-12-31
394,01,2022,MRSA SIR,2019-01-01,2019-12-31
395,04,2022,MRSA SIR,2019-01-01,2019-12-31
396,07,2022,MRSA SIR,2019-01-01,2019-12-31
397,10,2022,MRSA SIR,2019-01-01,2019-12-31
398,01,2021,MRSA SIR,2018-01-01,2019-12-31
399,03,2021,MRSA SIR,2018-01-01,2019-12-31
400,04,2021,MRSA SIR,2018-01-01,2019-12-31
401,07,2021,MRSA SIR,2018-01-01,2019-12-31
402,10,2021,MRSA SIR,2018-01-01,2019-12-31
403,10,2020,MRSA SIR,2017-01-01,2018-12-31
404,07,2020,MRSA SIR,2017-01-01,2018-12-31
405,04,2020,MRSA SIR,2017-01-01,2018-12-31
406,01,2020,MRSA SIR,2017-01-01,2018-12-31
407,10,2019,MRSA SIR,2016-01-01,2017-12-31
408,07,2019,MRSA SIR,2016-01-01,2017-12-31
409,04,2019,MRSA SIR,2016-01-01,2017-12-31
410,03,2019,MRSA SIR,2016-01-01,2017-12-31
411,10,2018,MRSA SIR,2015-01-01,2016-12-31
412,07,2018,MRSA SIR,2015-01-01,2016-12-31
413,05,2018,MRSA SIR,2015-01-01,2016-12-31
414,01,2018,MRSA SIR,2015-01-01,2016-12-31
415,10,2017,MRSA SIR,2014-01-01,2015-12-31
416,07,2017,MRSA SIR,2014-01-01,2015-12-31
417,04,2017,MRSA SIR,2014-01-01,2015-12-31
418,12,2016,MRSA SIR,2014-01-01,2015-12-31
419,11,2016,MRSA SIR,2013-01-01,2014-12-31
420,08,2016,MRSA SIR,2013-01-01,2014-12-31
421,05,2016,MRSA SIR,2013-01-01,2014-12-31
422,12,2015,MRSA SIR,2013-01-01,2014-12-31
423,10,2015,MRSA SIR,2012-01-01,2013-12-31
424,07,2015,MRSA SIR,2012-01-01,2013-12-31
425,05,2015,MRSA SIR,2012-01-01,2013-12-31
426,04,2015,MRSA SIR,2012-01-01,2013-12-31
427,01,2015,MRSA SIR,2012-01-01,2013-12-31
428,12,2014,MRSA SIR,2012-01-01,2013-12-31
429,01,2023,MRSA W Z Score,2021-01-01,2021-12-31
430,04,2023,MRSA W Z Score,2021-01-01,2021-12-31
431,07,2023,MRSA W Z Score,2021-01-01,2021-12-31
432,10,2023,MRSA W Z Score,2021-01-01,2021-12-31
433,01,2022,MRSA W Z Score,2019-01-01,2019-12-31
434,04,2022,MRSA W Z Score,2019-01-01,2019-12-31
435,07,2022,MRSA W Z Score,2019-01-01,2019-12-31
436,10,2022,MRSA W Z Score,2019-01-01,2019-12-31
437,01,2021,MRSA W Z Score,2018-01-01,2019-12-31
438,03,2021,MRSA W Z Score,2018-01-01,2019-12-31
439,04,2021,MRSA W Z Score,2018-01-01,2019-12-31
440,07,2021,MRSA W Z Score,2018-01-01,2019-12-31
441,10,2021,MRSA W Z Score,2018-01-01,2019-12-31
442,10,2020,MRSA W Z Score,2017-01-01,2018-12-31
443,07,2020,MRSA W Z Score,2017-01-01,2018-12-31
444,04,2020,MRSA W Z Score,2017-01-01,2018-12-31
445,01,2020,MRSA W Z Score,2017-01-01,2018-12-31
446,10,2019,MRSA W Z Score,2016-01-01,2017-12-31
447,07,2019,MRSA W Z Score,2016-01-01,2017-12-31
448,04,2019,MRSA W Z Score,2016-01-01,2017-12-31
449,03,2019,MRSA W Z Score,2016-01-01,2017-12-31
450,10,2018,MRSA W Z Score,2015-01-01,2016-12-31
451,07,2018,MRSA W Z Score,2015-01-01,2016-12-31
452,05,2018,MRSA W Z Score,2015-01-01,2016-12-31
453,01,2018,MRSA W Z Score,2015-01-01,2016-12-31
454,10,2017,MRSA W Z Score,2014-01-01,2015-12-31
455,07,2017,MRSA W Z Score,2014-01-01,2015-12-31
456,04,2017,MRSA W Z Score,2014-01-01,2015-12-31
457,12,2016,MRSA W Z Score,2014-01-01,2015-12-31
458,11,2016,MRSA W Z Score,2013-01-01,2014-12-31
459,08,2016,MRSA W Z Score,2013-01-01,2014-12-31
460,05,2016,MRSA W Z Score,2013-01-01,2014-12-31
461,12,2015,MRSA W Z Score,2013-01-01,2014-12-31
462,10,2015,MRSA W Z Score,2012-01-01,2013-12-31
463,07,2015,MRSA W Z Score,2012-01-01,2013-12-31
464,05,2015,MRSA W Z Score,2012-01-01,2013-12-31
465,04,2015,MRSA W Z Score,2012-01-01,2013-12-31
466,01,2015,MRSA W Z Score,2012-01-01,2013-12-31
467,12,2014,MRSA W Z Score,2012-01-01,2013-12-31
468,01,2023,SSI Score,2021-01-01,2021-12-31
469,04,2023,SSI Score,2021-01-01,2021-12-31
470,07,2023,SSI Score,2021-01-01,2021-12-31
471,10,2023,SSI Score,2021-01-01,2021-12-31
472,01,2022,SSI Score,2019-01-01,2019-12-31
473,04,2022,SSI Score,2019-01-01,2019-12-31
474,07,2022,SSI Score,2019-01-01,2019-12-31
475,10,2022,SSI Score,2019-01-01,2019-12-31
476,01,2021,SSI Score,2018-01-01,2019-12-31
477,03,2021,SSI Score,2018-01-01,2019-12-31
478,04,2021,SSI Score,2018-01-01,2019-12-31
479,07,2021,SSI Score,2018-01-01,2019-12-31
480,10,2021,SSI Score,2018-01-01,2019-12-31
481,10,2020,SSI Score,2017-01-01,2018-12-31
482,07,2020,SSI Score,2017-01-01,2018-12-31
483,04,2020,SSI Score,2017-01-01,2018-12-31
484,01,2020,SSI Score,2017-01-01,2018-12-31
485,10,2019,SSI Score,2016-01-01,2017-12-31
486,07,2019,SSI Score,2016-01-01,2017-12-31
487,04,2019,SSI Score,2016-01-01,2017-12-31
488,03,2019,SSI Score,2016-01-01,2017-12-31
489,10,2018,SSI Score,2015-01-01,2016-12-31
490,07,2018,SSI Score,2015-01-01,2016-12-31
491,05,2018,SSI Score,2015-01-01,2016-12-31
492,01,2018,SSI Score,2015-01-01,2016-12-31
493,10,2017,SSI Score,2014-01-01,2015-12-31
494,07,2017,SSI Score,2014-01-01,2015-12-31
495,04,2017,SSI Score,2014-01-01,2015-12-31
496,12,2016,SSI Score,2014-01-01,2015-12-31
497,11,2016,SSI Score,2013-01-01,2014-12-31
498,08,2016,SSI Score,2013-01-01,2014-12-31
499,05,2016,SSI Score,2013-01-01,2014-12-31
500,12,2015,SSI Score,2013-01-01,2014-12-31
501,10,2015,SSI Score,2012-01-01,2013-12-31
502,07,2015,SSI Score,2012-01-01,2013-12-31
503,05,2015,SSI Score,2012-01-01,2013-12-31
504,04,2015,SSI Score,2012-01-01,2013-12-31
505,01,2015,SSI Score,2012-01-01,2013-12-31
506,12,2014,SSI Score,2012-01-01,2013-12-31
507,01,2023,SSI SIR,2021-01-01,2021-12-31
508,04,2023,SSI SIR,2021-01-01,2021-12-31
509,07,2023,SSI SIR,2021-01-01,2021-12-31
510,10,2023,SSI SIR,2021-01-01,2021-12-31
511,01,2022,SSI SIR,2019-01-01,2019-12-31
512,04,2022,SSI SIR,2019-01-01,2019-12-31
513,07,2022,SSI SIR,2019-01-01,2019-12-31
514,10,2022,SSI SIR,2019-01-01,2019-12-31
515,01,2021,SSI SIR,2018-01-01,2019-12-31
516,03,2021,SSI SIR,2018-01-01,2019-12-31
517,04,2021,SSI SIR,2018-01-01,2019-12-31
518,07,2021,SSI SIR,2018-01-01,2019-12-31
519,10,2021,SSI SIR,2018-01-01,2019-12-31
520,10,2020,SSI SIR,2017-01-01,2018-12-31
521,07,2020,SSI SIR,2017-01-01,2018-12-31
522,04,2020,SSI SIR,2017-01-01,2018-12-31
523,01,2020,SSI SIR,2017-01-01,2018-12-31
524,10,2019,SSI SIR,2016-01-01,2017-12-31
525,07,2019,SSI SIR,2016-01-01,2017-12-31
526,04,2019,SSI SIR,2016-01-01,2017-12-31
527,03,2019,SSI SIR,2016-01-01,2017-12-31
528,10,2018,SSI SIR,2015-01-01,2016-12-31
529,07,2018,SSI SIR,2015-01-01,2016-12-31
530,05,2018,SSI SIR,2015-01-01,2016-12-31
531,01,2018,SSI SIR,2015-01-01,2016-12-31
532,10,2017,SSI SIR,2014-01-01,2015-12-31
533,07,2017,SSI SIR,2014-01-01,2015-12-31
534,04,2017,SSI SIR,2014-01-01,2015-12-31
535,12,2016,SSI SIR,2014-01-01,2015-12-31
536,11,2016,SSI SIR,2013-01-01,2014-12-31
537,08,2016,SSI SIR,2013-01-01,2014-12-31
538,05,2016,SSI SIR,2013-01-01,2014-12-31
539,12,2015,SSI SIR,2013-01-01,2014-12-31
540,10,2015,SSI SIR,2012-01-01,2013-12-31
541,07,2015,SSI SIR,2012-01-01,2013-12-31
542,05,2015,SSI SIR,2012-01-01,2013-12-31
543,04,2015,SSI SIR,2012-01-01,2013-12-31
544,01,2015,SSI SIR,2012-01-01,2013-12-31
545,12,2014,SSI SIR,2012-01-01,2013-12-31
546,01,2023,SSI W Z Score,2021-01-01,2021-12-31
547,04,2023,SSI W Z Score,2021-01-01,2021-12-31
548,07,2023,SSI W Z Score,2021-01-01,2021-12-31
549,10,2023,SSI W Z Score,2021-01-01,2021-12-31
550,01,2022,SSI W Z Score,2019-01-01,2019-12-31
551,04,2022,SSI W Z Score,2019-01-01,2019-12-31
552,07,2022,SSI W Z Score,2019-01-01,2019-12-31
553,10,2022,SSI W Z Score,2019-01-01,2019-12-31
554,01,2021,SSI W Z Score,2018-01-01,2019-12-31
555,03,2021,SSI W Z Score,2018-01-01,2019-12-31
556,04,2021,SSI W Z Score,2018-01-01,2019-12-31
557,07,2021,SSI W Z Score,2018-01-01,2019-12-31
558,10,2021,SSI W Z Score,2018-01-01,2019-12-31
559,10,2020,SSI W Z Score,2017-01-01,2018-12-31
560,07,2020,SSI W Z Score,2017-01-01,2018-12-31
561,04,2020,SSI W Z Score,2017-01-01,2018-12-31
562,01,2020,SSI W Z Score,2017-01-01,2018-12-31
563,10,2019,SSI W Z Score,2016-01-01,2017-12-31
564,07,2019,SSI W Z Score,2016-01-01,2017-12-31
565,04,2019,SSI W Z Score,2016-01-01,2017-12-31
566,03,2019,SSI W Z Score,2016-01-01,2017-12-31
567,10,2018,SSI W Z Score,2015-01-01,2016-12-31
568,07,2018,SSI W Z Score,2015-01-01,2016-12-31
569,05,2018,SSI W Z Score,2015-01-01,2016-12-31
570,01,2018,SSI W Z Score,2015-01-01,2016-12-31
571,10,2017,SSI W Z Score,2014-01-01,2015-12-31
572,07,2017,SSI W Z Score,2014-01-01,2015-12-31
573,04,2017,SSI W Z Score,2014-01-01,2015-12-31
574,12,2016,SSI W Z Score,2014-01-01,2015-12-31
575,11,2016,SSI W Z Score,2013-01-01,2014-12-31
576,08,2016,SSI W Z Score,2013-01-01,2014-12-31
577,05,2016,SSI W Z Score,2013-01-01,2014-12-31
578,12,2015,SSI W Z Score,2013-01-01,2014-12-31
579,10,2015,SSI W Z Score,2012-01-01,2013-12-31
580,07,2015,SSI W Z Score,2012-01-01,2013-12-31
581,05,2015,SSI W Z Score,2012-01-01,2013-12-31
582,04,2015,SSI W Z Score,2012-01-01,2013-12-31
583,01,2015,SSI W Z Score,2012-01-01,2013-12-31
584,12,2014,SSI W Z Score,2012-01-01,2013-12-31
585,01,2023,PSI-90 Score,,
586,04,2023,PSI-90 Score,,
587,07,2023,PSI-90 Score,,
588,10,2023,PSI-90 Score,,
589,01,2022,PSI-90 Score,2018-07-01,2019-12-31
590,04,2022,PSI-90 Score,2018-07-01,2019-12-31
591,07,2022,PSI-90 Score,2018-07-01,2019-12-31
592,10,2022,PSI-90 Score,2018-07-01,2019-12-31
593,01,2021,PSI-90 Score,2017-07-01,2019-06-30
594,03,2021,PSI-90 Score,2017-07-01,2019-06-30
595,04,2021,PSI-90 Score,2017-07-01,2019-06-30
596,07,2021,PSI-90 Score,2017-07-01,2019-06-30
597,10,2021,PSI-90 Score,2017-07-01,2019-06-30
598,10,2020,PSI-90 Score,2016-07-01,2018-06-30
599,07,2020,PSI-90 Score,2016-07-01,2018-06-30
600,04,2020,PSI-90 Score,2016-07-01,2018-06-30
601,01,2020,PSI-90 Score,2016-07-01,2018-06-30
602,10,2019,PSI-90 Score,2015-10-01,2017-06-30
603,07,2019,PSI-90 Score,2015-10-01,2017-06-30
604,04,2019,PSI-90 Score,2015-10-01,2017-06-30
605,03,2019,PSI-90 Score,2015-10-01,2017-06-30
606,10,2018,PSI-90 Score,2014-07-01,2015-09-30
607,07,2018,PSI-90 Score,2014-07-01,2015-09-30
608,05,2018,PSI-90 Score,2014-07-01,2015-09-30
609,01,2018,PSI-90 Score,2014-07-01,2015-09-30
610,10,2017,PSI-90 Score,2013-07-01,2015-06-30
611,07,2017,PSI-90 Score,2013-07-01,2015-06-30
612,04,2017,PSI-90 Score,2013-07-01,2015-06-30
613,12,2016,PSI-90 Score,2013-07-01,2015-06-30
614,11,2016,PSI-90 Score,2012-07-01,2014-06-30
615,08,2016,PSI-90 Score,2012-07-01,2014-06-30
616,05,2016,PSI-90 Score,2012-07-01,2014-06-30
617,12,2015,PSI-90 Score,2012-07-01,2014-06-30
618,10,2015,PSI-90 Score,2011-07-01,2013-06-30
619,07,2015,PSI-90 Score,2011-07-01,2013-06-30
620,05,2015,PSI-90 Score,2011-07-01,2013-06-30
621,04,2015,PSI-90 Score,2011-07-01,2013-06-30
622,01,2015,PSI-90 Score,2011-07-01,2013-06-30
623,12,2014,PSI-90 Score,2011-07-01,2013-06-30
624,01,2023,PSI-90 W Z Score,,
625,04,2023,PSI-90 W Z Score,,
626,07,2023,PSI-90 W Z Score,,
627,10,2023,PSI-90 W Z Score,,
628,01,2022,PSI-90 W Z Score,2018-07-01,2019-12-31
629,04,2022,PSI-90 W Z Score,2018-07-01,2019-12-31
630,07,2022,PSI-90 W Z Score,2018-07-01,2019-12-31
631,10,2022,PSI-90 W Z Score,2018-07-01,2019-12-31
632,01,2021,PSI-90 W Z Score,2017-07-01,2019-06-30
633,03,2021,PSI-90 W Z Score,2017-07-01,2019-06-30
634,04,2021,PSI-90 W Z Score,2017-07-01,2019-06-30
635,07,2021,PSI-90 W Z Score,2017-07-01,2019-06-30
636,10,2021,PSI-90 W Z Score,2017-07-01,2019-06-30
637,10,2020,PSI-90 W Z Score,2016-07-01,2018-06-30
638,07,2020,PSI-90 W Z Score,2016-07-01,2018-06-30
639,04,2020,PSI-90 W Z Score,2016-07-01,2018-06-30
640,01,2020,PSI-90 W Z Score,2016-07-01,2018-06-30
641,10,2019,PSI-90 W Z Score,2015-10-01,2017-06-30
642,07,2019,PSI-90 W Z Score,2015-10-01,2017-06-30
643,04,2019,PSI-90 W Z Score,2015-10-01,2017-06-30
644,03,2019,PSI-90 W Z Score,2015-10-01,2017-06-30
645,10,2018,PSI-90 W Z Score,2014-07-01,2015-09-30
646,07,2018,PSI-90 W Z Score,2014-07-01,2015-09-30
647,05,2018,PSI-90 W Z Score,2014-07-01,2015-09-30
648,01,2018,PSI-90 W Z Score,2014-07-01,2015-09-30
649,10,2017,PSI-90 W Z Score,2013-07-01,2015-06-30
650,07,2017,PSI-90 W Z Score,2013-07-01,2015-06-30
651,04,2017,PSI-90 W Z Score,2013-07-01,2015-06-30
652,12,2016,PSI-90 W Z Score,2013-07-01,2015-06-30
653,11,2016,PSI-90 W Z Score,2012-07-01,2014-06-30
654,08,2016,PSI-90 W Z Score,2012-07-01,2014-06-30
655,05,2016,PSI-90 W Z Score,2012-07-01,2014-06-30
656,12,2015,PSI-90 W Z Score,2012-07-01,2014-06-30
657,10,2015,PSI-90 W Z Score,2011-07-01,2013-06-30
658,07,2015,PSI-90 W Z Score,2011-07-01,2013-06-30
659,05,2015,PSI-90 W Z Score,2011-07-01,2013-06-30
660,04,2015,PSI-90 W Z Score,2011-07-01,2013-06-30
661,01,2015,PSI-90 W Z Score,2011-07-01,2013-06-30
662,12,2014,PSI-90 W Z Score,2011-07-01,2013-06-30
663,01,2023,Domain 1 Score,,
664,04,2023,Domain 1 Score,,
665,07,2023,Domain 1 Score,,
666,10,2023,Domain 1 Score,,
667,01,2022,Domain 1 Score,2018-07-01,2019-12-31
668,04,2022,Domain 1 Score,2018-07-01,2019-12-31
669,07,2022,Domain 1 Score,2018-07-01,2019-12-31
670,10,2022,Domain 1 Score,2018-07-01,2019-12-31
671,01,2021,Domain 1 Score,2017-07-01,2019-06-30
672,03,2021,Domain 1 Score,2017-07-01,2019-06-30
673,04,2021,Domain 1 Score,2017-07-01,2019-06-30
674,07,2021,Domain 1 Score,2017-07-01,2019-06-30
675,10,2021,Domain 1 Score,2017-07-01,2019-06-30
676,10,2020,Domain 1 Score,2016-07-01,2018-06-30
677,07,2020,Domain 1 Score,2016-07-01,2018-06-30
678,04,2020,Domain 1 Score,2016-07-01,2018-06-30
679,01,2020,Domain 1 Score,2016-07-01,2018-06-30
680,10,2019,Domain 1 Score,2015-10-01,2017-06-30
681,07,2019,Domain 1 Score,2015-10-01,2017-06-30
682,04,2019,Domain 1 Score,2015-10-01,2017-06-30
683,03,2019,Domain 1 Score,2015-10-01,2017-06-30
684,10,2018,Domain 1 Score,2014-07-01,2015-09-30
685,07,2018,Domain 1 Score,2014-07-01,2015-09-30
686,05,2018,Domain 1 Score,2014-07-01,2015-09-30
687,01,2018,Domain 1 Score,2014-07-01,2015-09-30
688,10,2017,Domain 1 Score,2013-07-01,2015-06-30
689,07,2017,Domain 1 Score,2013-07-01,2015-06-30
690,04,2017,Domain 1 Score,2013-07-01,2015-06-30
691,12,2016,Domain 1 Score,2013-07-01,2015-06-30
692,11,2016,Domain 1 Score,2012-07-01,2014-06-30
693,08,2016,Domain 1 Score,2012-07-01,2014-06-30
694,05,2016,Domain 1 Score,2012-07-01,2014-06-30
695,12,2015,Domain 1 Score,2012-07-01,2014-06-30
696,10,2015,Domain 1 Score,2011-07-01,2013-06-30
697,07,2015,Domain 1 Score,2011-07-01,2013-06-30
698,05,2015,Domain 1 Score,2011-07-01,2013-06-30
699,04,2015,Domain 1 Score,2011-07-01,2013-06-30
700,01,2015,Domain 1 Score,2011-07-01,2013-06-30
701,12,2014,Domain 1 Score,2011-07-01,2013-06-30
702,01,2023,Domain 2 Score,2021-01-01,2021-12-31
703,04,2023,Domain 2 Score,2021-01-01,2021-12-31
704,07,2023,Domain 2 Score,2021-01-01,2021-12-31
705,10,2023,Domain 2 Score,2021-01-01,2021-12-31
706,01,2022,Domain 2 Score,2019-01-01,2019-12-31
707,04,2022,Domain 2 Score,2019-01-01,2019-12-31
708,07,2022,Domain 2 Score,2019-01-01,2019-12-31
709,10,2022,Domain 2 Score,2019-01-01,2019-12-31
710,01,2021,Domain 2 Score,2018-01-01,2019-12-31
711,03,2021,Domain 2 Score,2018-01-01,2019-12-31
712,04,2021,Domain 2 Score,2018-01-01,2019-12-31
713,07,2021,Domain 2 Score,2018-01-01,2019-12-31
714,10,2021,Domain 2 Score,2018-01-01,2019-12-31
715,10,2020,Domain 2 Score,2017-01-01,2018-12-31
716,07,2020,Domain 2 Score,2017-01-01,2018-12-31
717,04,2020,Domain 2 Score,2017-01-01,2018-12-31
718,01,2020,Domain 2 Score,2017-01-01,2018-12-31
719,10,2019,Domain 2 Score,2016-01-01,2017-12-31
720,07,2019,Domain 2 Score,2016-01-01,2017-12-31
721,04,2019,Domain 2 Score,2016-01-01,2017-12-31
722,03,2019,Domain 2 Score,2016-01-01,2017-12-31
723,10,2018,Domain 2 Score,2015-01-01,2016-12-31
724,07,2018,Domain 2 Score,2015-01-01,2016-12-31
725,05,2018,Domain 2 Score,2015-01-01,2016-12-31
726,01,2018,Domain 2 Score,2015-01-01,2016-12-31
727,10,2017,Domain 2 Score,2014-01-01,2015-12-31
728,07,2017,Domain 2 Score,2014-01-01,2015-12-31
729,04,2017,Domain 2 Score,2014-01-01,2015-12-31
730,12,2016,Domain 2 Score,2014-01-01,2015-12-31
731,11,2016,Domain 2 Score,2013-01-01,2014-12-31
732,08,2016,Domain 2 Score,2013-01-01,2014-12-31
733,05,2016,Domain 2 Score,2013-01-01,2014-12-31
734,12,2015,Domain 2 Score,2013-01-01,2014-12-31
735,10,2015,Domain 2 Score,2012-01-01,2013-12-31
736,07,2015,Domain 2 Score,2012-01-01,2013-12-31
737,05,2015,Domain 2 Score,2012-01-01,2013-12-31
738,04,2015,Domain 2 Score,2012-01-01,2013-12-31
739,01,2015,Domain 2 Score,2012-01-01,2013-12-31
740,12,2014,Domain 2 Score,2012-01-01,2013-12-31
741,01,2023,Total HAC Score,,
742,04,2023,Total HAC Score,,
743,07,2023,Total HAC Score,,
744,10,2023,Total HAC Score,,
745,01,2022,Total HAC Score,,
746,04,2022,Total HAC Score,,
747,07,2022,Total HAC Score,,
748,10,2022,Total HAC Score,,
749,01,2021,Total HAC Score,,
750,03,2021,Total HAC Score,,
751,04,2021,Total HAC Score,,
752,07,2021,Total HAC Score,,
753,10,2021,Total HAC Score,,
754,10,2020,Total HAC Score,,
755,07,2020,Total HAC Score,,
756,04,2020,Total HAC Score,,
757,01,2020,Total HAC Score,,
758,10,2019,Total HAC Score,,
759,07,2019,Total HAC Score,,
760,04,2019,Total HAC Score,,
761,03,2019,Total HAC Score,,
762,10,2018,Total HAC Score,,
763,07,2018,Total HAC Score,,
764,05,2018,Total HAC Score,,
765,01,2018,Total HAC Score,,
766,10,2017,Total HAC Score,,
767,07,2017,Total HAC Score,,
768,04,2017,Total HAC Score,,
769,12,2016,Total HAC Score,,
770,11,2016,Total HAC Score,,
771,08,2016,Total HAC Score,,
772,05,2016,Total HAC Score,,
773,12,2015,Total HAC Score,,
774,10,2015,Total HAC Score,,
775,07,2015,Total HAC Score,,
776,05,2015,Total HAC Score,,
777,04,2015,Total HAC Score,,
778,01,2015,Total HAC Score,,
779,12,2014,Total HAC Score,,
780,01,2023,Payment Reduction,,
781,04,2023,Payment Reduction,,
782,07,2023,Payment Reduction,,
783,10,2023,Payment Reduction,,
784,01,2022,Payment Reduction,,
785,04,2022,Payment Reduction,,
786,07,2022,Payment Reduction,,
787,10,2022,Payment Reduction,,
788,01,2021,Payment Reduction,,
789,03,2021,Payment Reduction,,
790,04,2021,Payment Reduction,,
791,07,2021,Payment Reduction,,
792,10,2021,Payment Reduction,,
793,10,2020,Payment Reduction,,
794,07,2020,Payment Reduction,,
795,04,2020,Payment Reduction,,
796,01,2020,Payment Reduction,,
797,10,2019,Payment Reduction,,
798,07,2019,Payment Reduction,,
799,04,2019,Payment Reduction,,
800,03,2019,Payment Reduction,,
801,10,2018,Payment Reduction,,
802,07,2018,Payment Reduction,,
803,05,2018,Payment Reduction,,
804,01,2018,Payment Reduction,,
805,10,2017,Payment Reduction,,
806,07,2017,Payment Reduction,,
807,04,2017,Payment Reduction,,
808,12,2016,Payment Reduction,,
809,11,2016,Payment Reduction,,
810,08,2016,Payment Reduction,,
811,05,2016,Payment Reduction,,
812,12,2015,Payment Reduction,,
813,10,2015,Payment Reduction,,
814,07,2015,Payment Reduction,,
815,05,2015,Payment Reduction,,
816,04,2015,Payment Reduction,,
817,01,2015,Payment Reduction,,
818,12,2014,Payment Reduction,,
