"Facility ID","Facility Name","Hospital Type","Address","City","State","ZIP Code","County Name","Measure ID","Measure Name","Score","Footnote","Start Date","End Date"
050146,CITY OF HOPE HELFORD CLINICAL RESEARCH HOSPITAL,Acute Care Hospitals,1500 E DUARTE ROAD,DUARTE,CA,91010,LOS ANGELES,PCH_26_DOPC,Clostridium Difficile (C.Diff): Patient Days,75151,,07/01/2018,06/30/2019
050146,CITY OF HOPE HELFORD CLINICAL RESEARCH HOSPITAL,Acute Care Hospitals,1500 E DUARTE ROAD,DUARTE,CA,91010,LOS ANGELES,PCH_26_ELIGCASES,Clostridium Difficile (C.Diff): Predicted Cases,73.940,,07/01/2018,06/30/2019
050146,CITY OF HOPE HELFORD CLINICAL RESEARCH HOSPITAL,Acute Care Hospitals,1500 E DUARTE ROAD,DUARTE,CA,91010,LOS ANGELES,PCH_26_NUMERATOR,Clostridium Difficile (C.Diff): Actual Infections,106,,07/01/2018,06/30/2019
050146,CITY OF HOPE HELFORD CLINICAL RESEARCH HOSPITAL,Acute Care Hospitals,1500 E DUARTE ROAD,DUARTE,CA,91010,LOS ANGELES,PCH_26_SIR,Clostridium Difficile (C.Diff): SIR,1.434,,07/01/2018,06/30/2019
050146,CITY OF HOPE HELFORD CLINICAL RESEARCH HOSPITAL,Acute Care Hospitals,1500 E DUARTE ROAD,DUARTE,CA,91010,LOS ANGELES,PCH_27_DOPC,MRSA Bacteremia: Patient Days,75151,,07/01/2018,06/30/2019
050146,CITY OF HOPE HELFORD CLINICAL RESEARCH HOSPITAL,Acute Care Hospitals,1500 E DUARTE ROAD,DUARTE,CA,91010,LOS ANGELES,PCH_27_ELIGCASES,MRSA Bacteremia: Predicted Cases,7.755,,07/01/2018,06/30/2019
050146,CITY OF HOPE HELFORD CLINICAL RESEARCH HOSPITAL,Acute Care Hospitals,1500 E DUARTE ROAD,DUARTE,CA,91010,LOS ANGELES,PCH_27_NUMERATOR,MRSA Bacteremia: Actual Infections,9,,07/01/2018,06/30/2019
050146,CITY OF HOPE HELFORD CLINICAL RESEARCH HOSPITAL,Acute Care Hospitals,1500 E DUARTE ROAD,DUARTE,CA,91010,LOS ANGELES,PCH_27_SIR,MRSA Bacteremia: SIR,1.161,,07/01/2018,06/30/2019
050146,CITY OF HOPE HELFORD CLINICAL RESEARCH HOSPITAL,Acute Care Hospitals,1500 E DUARTE ROAD,DUARTE,CA,91010,LOS ANGELES,PCH_28_FAC_ADHPCT,Influenza Vaccination Coverage among Healthcare Personnel: Adherence Rate,88,,10/01/2018,03/31/2019
050146,CITY OF HOPE HELFORD CLINICAL RESEARCH HOSPITAL,Acute Care Hospitals,1500 E DUARTE ROAD,DUARTE,CA,91010,LOS ANGELES,PCH_28_FAC_DEN,Influenza Vaccination Coverage among Healthcare Personnel: Denominator,4813,,10/01/2018,03/31/2019
050146,CITY OF HOPE HELFORD CLINICAL RESEARCH HOSPITAL,Acute Care Hospitals,1500 E DUARTE ROAD,DUARTE,CA,91010,LOS ANGELES,PCH_6_DOPC,SSI - Colon Surgery: Number of Procedures,248,,07/01/2018,06/30/2019
050146,CITY OF HOPE HELFORD CLINICAL RESEARCH HOSPITAL,Acute Care Hospitals,1500 E DUARTE ROAD,DUARTE,CA,91010,LOS ANGELES,PCH_6_ELIGCASES,SSI - Colon Surgery: Predicted Cases,11.910,,07/01/2018,06/30/2019
050146,CITY OF HOPE HELFORD CLINICAL RESEARCH HOSPITAL,Acute Care Hospitals,1500 E DUARTE ROAD,DUARTE,CA,91010,LOS ANGELES,PCH_6_NUMERATOR,SSI - Colon Surgery: Actual Infections,19,,07/01/2018,06/30/2019
050146,CITY OF HOPE HELFORD CLINICAL RESEARCH HOSPITAL,Acute Care Hospitals,1500 E DUARTE ROAD,DUARTE,CA,91010,LOS ANGELES,PCH_6_SIR,SSI - Colon Surgery: SIR,1.595,,07/01/2018,06/30/2019
050146,CITY OF HOPE HELFORD CLINICAL RESEARCH HOSPITAL,Acute Care Hospitals,1500 E DUARTE ROAD,DUARTE,CA,91010,LOS ANGELES,PCH_7_DOPC,SSI - Abdominal Hysterectomy: Number of Procedures,180,,07/01/2018,06/30/2019
050146,CITY OF HOPE HELFORD CLINICAL RESEARCH HOSPITAL,Acute Care Hospitals,1500 E DUARTE ROAD,DUARTE,CA,91010,LOS ANGELES,PCH_7_ELIGCASES,SSI - Abdominal Hysterectomy: Predicted Cases,2.795,,07/01/2018,06/30/2019
050146,CITY OF HOPE HELFORD CLINICAL RESEARCH HOSPITAL,Acute Care Hospitals,1500 E DUARTE ROAD,DUARTE,CA,91010,LOS ANGELES,PCH_7_NUMERATOR,SSI - Abdominal Hysterectomy: Actual Infections,0,,07/01/2018,06/30/2019
050146,CITY OF HOPE HELFORD CLINICAL RESEARCH HOSPITAL,Acute Care Hospitals,1500 E DUARTE ROAD,DUARTE,CA,91010,LOS ANGELES,PCH_7_SIR,SSI - Abdominal Hysterectomy: SIR,0.000,,07/01/2018,06/30/2019
050660,USC KENNETH NORRIS JR CANCER HOSPITAL,Acute Care Hospitals,1441 EASTLAKE AVE,LOS ANGELES,CA,90089,LOS ANGELES,PCH_26_DOPC,Clostridium Difficile (C.Diff): Patient Days,15347,,07/01/2018,06/30/2019
050660,USC KENNETH NORRIS JR CANCER HOSPITAL,Acute Care Hospitals,1441 EASTLAKE AVE,LOS ANGELES,CA,90089,LOS ANGELES,PCH_26_ELIGCASES,Clostridium Difficile (C.Diff): Predicted Cases,15.369,,07/01/2018,06/30/2019
050660,USC KENNETH NORRIS JR CANCER HOSPITAL,Acute Care Hospitals,1441 EASTLAKE AVE,LOS ANGELES,CA,90089,LOS ANGELES,PCH_26_NUMERATOR,Clostridium Difficile (C.Diff): Actual Infections,14,,07/01/2018,06/30/2019
050660,USC KENNETH NORRIS JR CANCER HOSPITAL,Acute Care Hospitals,1441 EASTLAKE AVE,LOS ANGELES,CA,90089,LOS ANGELES,PCH_26_SIR,Clostridium Difficile (C.Diff): SIR,0.911,,07/01/2018,06/30/2019
050660,USC KENNETH NORRIS JR CANCER HOSPITAL,Acute Care Hospitals,1441 EASTLAKE AVE,LOS ANGELES,CA,90089,LOS ANGELES,PCH_27_DOPC,MRSA Bacteremia: Patient Days,15347,,07/01/2018,06/30/2019
050660,USC KENNETH NORRIS JR CANCER HOSPITAL,Acute Care Hospitals,1441 EASTLAKE AVE,LOS ANGELES,CA,90089,LOS ANGELES,PCH_27_ELIGCASES,MRSA Bacteremia: Predicted Cases,1.586,,07/01/2018,06/30/2019
050660,USC KENNETH NORRIS JR CANCER HOSPITAL,Acute Care Hospitals,1441 EASTLAKE AVE,LOS ANGELES,CA,90089,LOS ANGELES,PCH_27_NUMERATOR,MRSA Bacteremia: Actual Infections,2,,07/01/2018,06/30/2019
050660,USC KENNETH NORRIS JR CANCER HOSPITAL,Acute Care Hospitals,1441 EASTLAKE AVE,LOS ANGELES,CA,90089,LOS ANGELES,PCH_27_SIR,MRSA Bacteremia: SIR,1.261,,07/01/2018,06/30/2019
050660,USC KENNETH NORRIS JR CANCER HOSPITAL,Acute Care Hospitals,1441 EASTLAKE AVE,LOS ANGELES,CA,90089,LOS ANGELES,PCH_28_FAC_ADHPCT,Influenza Vaccination Coverage among Healthcare Personnel: Adherence Rate,96,,10/01/2018,03/31/2019
050660,USC KENNETH NORRIS JR CANCER HOSPITAL,Acute Care Hospitals,1441 EASTLAKE AVE,LOS ANGELES,CA,90089,LOS ANGELES,PCH_28_FAC_DEN,Influenza Vaccination Coverage among Healthcare Personnel: Denominator,3162,,10/01/2018,03/31/2019
050660,USC KENNETH NORRIS JR CANCER HOSPITAL,Acute Care Hospitals,1441 EASTLAKE AVE,LOS ANGELES,CA,90089,LOS ANGELES,PCH_6_DOPC,SSI - Colon Surgery: Number of Procedures,Not Available,12,07/01/2018,06/30/2019
050660,USC KENNETH NORRIS JR CANCER HOSPITAL,Acute Care Hospitals,1441 EASTLAKE AVE,LOS ANGELES,CA,90089,LOS ANGELES,PCH_6_ELIGCASES,SSI - Colon Surgery: Predicted Cases,Not Available,12,07/01/2018,06/30/2019
050660,USC KENNETH NORRIS JR CANCER HOSPITAL,Acute Care Hospitals,1441 EASTLAKE AVE,LOS ANGELES,CA,90089,LOS ANGELES,PCH_6_NUMERATOR,SSI - Colon Surgery: Actual Infections,Not Available,12,07/01/2018,06/30/2019
050660,USC KENNETH NORRIS JR CANCER HOSPITAL,Acute Care Hospitals,1441 EASTLAKE AVE,LOS ANGELES,CA,90089,LOS ANGELES,PCH_6_SIR,SSI - Colon Surgery: SIR,Not Available,12,07/01/2018,06/30/2019
050660,USC KENNETH NORRIS JR CANCER HOSPITAL,Acute Care Hospitals,1441 EASTLAKE AVE,LOS ANGELES,CA,90089,LOS ANGELES,PCH_7_DOPC,SSI - Abdominal Hysterectomy: Number of Procedures,Not Available,12,07/01/2018,06/30/2019
050660,USC KENNETH NORRIS JR CANCER HOSPITAL,Acute Care Hospitals,1441 EASTLAKE AVE,LOS ANGELES,CA,90089,LOS ANGELES,PCH_7_ELIGCASES,SSI - Abdominal Hysterectomy: Predicted Cases,Not Available,12,07/01/2018,06/30/2019
050660,USC KENNETH NORRIS JR CANCER HOSPITAL,Acute Care Hospitals,1441 EASTLAKE AVE,LOS ANGELES,CA,90089,LOS ANGELES,PCH_7_NUMERATOR,SSI - Abdominal Hysterectomy: Actual Infections,Not Available,12,07/01/2018,06/30/2019
050660,USC KENNETH NORRIS JR CANCER HOSPITAL,Acute Care Hospitals,1441 EASTLAKE AVE,LOS ANGELES,CA,90089,LOS ANGELES,PCH_7_SIR,SSI - Abdominal Hysterectomy: SIR,Not Available,12,07/01/2018,06/30/2019
100079,UNIV OF MIAMI HOSPITAL AND CLINICS-SYLVESTER COMPR,Acute Care Hospitals,1475 NW 12TH AVE,MIAMI,FL,33136,MIAMI-DADE,PCH_26_DOPC,Clostridium Difficile (C.Diff): Patient Days,10615,,07/01/2018,06/30/2019
100079,UNIV OF MIAMI HOSPITAL AND CLINICS-SYLVESTER COMPR,Acute Care Hospitals,1475 NW 12TH AVE,MIAMI,FL,33136,MIAMI-DADE,PCH_26_ELIGCASES,Clostridium Difficile (C.Diff): Predicted Cases,8.292,,07/01/2018,06/30/2019
100079,UNIV OF MIAMI HOSPITAL AND CLINICS-SYLVESTER COMPR,Acute Care Hospitals,1475 NW 12TH AVE,MIAMI,FL,33136,MIAMI-DADE,PCH_26_NUMERATOR,Clostridium Difficile (C.Diff): Actual Infections,25,,07/01/2018,06/30/2019
100079,UNIV OF MIAMI HOSPITAL AND CLINICS-SYLVESTER COMPR,Acute Care Hospitals,1475 NW 12TH AVE,MIAMI,FL,33136,MIAMI-DADE,PCH_26_SIR,Clostridium Difficile (C.Diff): SIR,3.015,,07/01/2018,06/30/2019
100079,UNIV OF MIAMI HOSPITAL AND CLINICS-SYLVESTER COMPR,Acute Care Hospitals,1475 NW 12TH AVE,MIAMI,FL,33136,MIAMI-DADE,PCH_27_DOPC,MRSA Bacteremia: Patient Days,10615,13,07/01/2018,06/30/2019
100079,UNIV OF MIAMI HOSPITAL AND CLINICS-SYLVESTER COMPR,Acute Care Hospitals,1475 NW 12TH AVE,MIAMI,FL,33136,MIAMI-DADE,PCH_27_ELIGCASES,MRSA Bacteremia: Predicted Cases,0.952,13,07/01/2018,06/30/2019
100079,UNIV OF MIAMI HOSPITAL AND CLINICS-SYLVESTER COMPR,Acute Care Hospitals,1475 NW 12TH AVE,MIAMI,FL,33136,MIAMI-DADE,PCH_27_NUMERATOR,MRSA Bacteremia: Actual Infections,0,13,07/01/2018,06/30/2019
100079,UNIV OF MIAMI HOSPITAL AND CLINICS-SYLVESTER COMPR,Acute Care Hospitals,1475 NW 12TH AVE,MIAMI,FL,33136,MIAMI-DADE,PCH_27_SIR,MRSA Bacteremia: SIR,Not Available,13,07/01/2018,06/30/2019
100079,UNIV OF MIAMI HOSPITAL AND CLINICS-SYLVESTER COMPR,Acute Care Hospitals,1475 NW 12TH AVE,MIAMI,FL,33136,MIAMI-DADE,PCH_28_FAC_ADHPCT,Influenza Vaccination Coverage among Healthcare Personnel: Adherence Rate,98,,10/01/2018,03/31/2019
100079,UNIV OF MIAMI HOSPITAL AND CLINICS-SYLVESTER COMPR,Acute Care Hospitals,1475 NW 12TH AVE,MIAMI,FL,33136,MIAMI-DADE,PCH_28_FAC_DEN,Influenza Vaccination Coverage among Healthcare Personnel: Denominator,7273,,10/01/2018,03/31/2019
100079,UNIV OF MIAMI HOSPITAL AND CLINICS-SYLVESTER COMPR,Acute Care Hospitals,1475 NW 12TH AVE,MIAMI,FL,33136,MIAMI-DADE,PCH_6_DOPC,SSI - Colon Surgery: Number of Procedures,Not Available,12,07/01/2018,06/30/2019
100079,UNIV OF MIAMI HOSPITAL AND CLINICS-SYLVESTER COMPR,Acute Care Hospitals,1475 NW 12TH AVE,MIAMI,FL,33136,MIAMI-DADE,PCH_6_ELIGCASES,SSI - Colon Surgery: Predicted Cases,Not Available,12,07/01/2018,06/30/2019
100079,UNIV OF MIAMI HOSPITAL AND CLINICS-SYLVESTER COMPR,Acute Care Hospitals,1475 NW 12TH AVE,MIAMI,FL,33136,MIAMI-DADE,PCH_6_NUMERATOR,SSI - Colon Surgery: Actual Infections,Not Available,12,07/01/2018,06/30/2019
100079,UNIV OF MIAMI HOSPITAL AND CLINICS-SYLVESTER COMPR,Acute Care Hospitals,1475 NW 12TH AVE,MIAMI,FL,33136,MIAMI-DADE,PCH_6_SIR,SSI - Colon Surgery: SIR,Not Available,12,07/01/2018,06/30/2019
100079,UNIV OF MIAMI HOSPITAL AND CLINICS-SYLVESTER COMPR,Acute Care Hospitals,1475 NW 12TH AVE,MIAMI,FL,33136,MIAMI-DADE,PCH_7_DOPC,SSI - Abdominal Hysterectomy: Number of Procedures,51,,07/01/2018,06/30/2019
100079,UNIV OF MIAMI HOSPITAL AND CLINICS-SYLVESTER COMPR,Acute Care Hospitals,1475 NW 12TH AVE,MIAMI,FL,33136,MIAMI-DADE,PCH_7_ELIGCASES,SSI - Abdominal Hysterectomy: Predicted Cases,0.740,,07/01/2018,06/30/2019
100079,UNIV OF MIAMI HOSPITAL AND CLINICS-SYLVESTER COMPR,Acute Care Hospitals,1475 NW 12TH AVE,MIAMI,FL,33136,MIAMI-DADE,PCH_7_NUMERATOR,SSI - Abdominal Hysterectomy: Actual Infections,1,,07/01/2018,06/30/2019
100079,UNIV OF MIAMI HOSPITAL AND CLINICS-SYLVESTER COMPR,Acute Care Hospitals,1475 NW 12TH AVE,MIAMI,FL,33136,MIAMI-DADE,PCH_7_SIR,SSI - Abdominal Hysterectomy: SIR,Not Available,5,07/01/2018,06/30/2019
100271,H LEE MOFFITT CANCER CENTER & RESEARCH INSTITUTE I,Acute Care Hospitals,12902 MAGNOLIA DR,TAMPA,FL,33612,HILLSBOROUGH,PCH_26_DOPC,Clostridium Difficile (C.Diff): Patient Days,61807,,07/01/2018,06/30/2019
100271,H LEE MOFFITT CANCER CENTER & RESEARCH INSTITUTE I,Acute Care Hospitals,12902 MAGNOLIA DR,TAMPA,FL,33612,HILLSBOROUGH,PCH_26_ELIGCASES,Clostridium Difficile (C.Diff): Predicted Cases,65.814,,07/01/2018,06/30/2019
100271,H LEE MOFFITT CANCER CENTER & RESEARCH INSTITUTE I,Acute Care Hospitals,12902 MAGNOLIA DR,TAMPA,FL,33612,HILLSBOROUGH,PCH_26_NUMERATOR,Clostridium Difficile (C.Diff): Actual Infections,27,,07/01/2018,06/30/2019
100271,H LEE MOFFITT CANCER CENTER & RESEARCH INSTITUTE I,Acute Care Hospitals,12902 MAGNOLIA DR,TAMPA,FL,33612,HILLSBOROUGH,PCH_26_SIR,Clostridium Difficile (C.Diff): SIR,0.410,,07/01/2018,06/30/2019
100271,H LEE MOFFITT CANCER CENTER & RESEARCH INSTITUTE I,Acute Care Hospitals,12902 MAGNOLIA DR,TAMPA,FL,33612,HILLSBOROUGH,PCH_27_DOPC,MRSA Bacteremia: Patient Days,61807,,07/01/2018,06/30/2019
100271,H LEE MOFFITT CANCER CENTER & RESEARCH INSTITUTE I,Acute Care Hospitals,12902 MAGNOLIA DR,TAMPA,FL,33612,HILLSBOROUGH,PCH_27_ELIGCASES,MRSA Bacteremia: Predicted Cases,9.099,,07/01/2018,06/30/2019
100271,H LEE MOFFITT CANCER CENTER & RESEARCH INSTITUTE I,Acute Care Hospitals,12902 MAGNOLIA DR,TAMPA,FL,33612,HILLSBOROUGH,PCH_27_NUMERATOR,MRSA Bacteremia: Actual Infections,9,,07/01/2018,06/30/2019
100271,H LEE MOFFITT CANCER CENTER & RESEARCH INSTITUTE I,Acute Care Hospitals,12902 MAGNOLIA DR,TAMPA,FL,33612,HILLSBOROUGH,PCH_27_SIR,MRSA Bacteremia: SIR,0.989,,07/01/2018,06/30/2019
100271,H LEE MOFFITT CANCER CENTER & RESEARCH INSTITUTE I,Acute Care Hospitals,12902 MAGNOLIA DR,TAMPA,FL,33612,HILLSBOROUGH,PCH_28_FAC_ADHPCT,Influenza Vaccination Coverage among Healthcare Personnel: Adherence Rate,95,,10/01/2018,03/31/2019
100271,H LEE MOFFITT CANCER CENTER & RESEARCH INSTITUTE I,Acute Care Hospitals,12902 MAGNOLIA DR,TAMPA,FL,33612,HILLSBOROUGH,PCH_28_FAC_DEN,Influenza Vaccination Coverage among Healthcare Personnel: Denominator,8501,,10/01/2018,03/31/2019
100271,H LEE MOFFITT CANCER CENTER & RESEARCH INSTITUTE I,Acute Care Hospitals,12902 MAGNOLIA DR,TAMPA,FL,33612,HILLSBOROUGH,PCH_6_DOPC,SSI - Colon Surgery: Number of Procedures,333,,07/01/2018,06/30/2019
100271,H LEE MOFFITT CANCER CENTER & RESEARCH INSTITUTE I,Acute Care Hospitals,12902 MAGNOLIA DR,TAMPA,FL,33612,HILLSBOROUGH,PCH_6_ELIGCASES,SSI - Colon Surgery: Predicted Cases,13.654,,07/01/2018,06/30/2019
100271,H LEE MOFFITT CANCER CENTER & RESEARCH INSTITUTE I,Acute Care Hospitals,12902 MAGNOLIA DR,TAMPA,FL,33612,HILLSBOROUGH,PCH_6_NUMERATOR,SSI - Colon Surgery: Actual Infections,11,,07/01/2018,06/30/2019
100271,H LEE MOFFITT CANCER CENTER & RESEARCH INSTITUTE I,Acute Care Hospitals,12902 MAGNOLIA DR,TAMPA,FL,33612,HILLSBOROUGH,PCH_6_SIR,SSI - Colon Surgery: SIR,0.806,,07/01/2018,06/30/2019
100271,H LEE MOFFITT CANCER CENTER & RESEARCH INSTITUTE I,Acute Care Hospitals,12902 MAGNOLIA DR,TAMPA,FL,33612,HILLSBOROUGH,PCH_7_DOPC,SSI - Abdominal Hysterectomy: Number of Procedures,178,,07/01/2018,06/30/2019
100271,H LEE MOFFITT CANCER CENTER & RESEARCH INSTITUTE I,Acute Care Hospitals,12902 MAGNOLIA DR,TAMPA,FL,33612,HILLSBOROUGH,PCH_7_ELIGCASES,SSI - Abdominal Hysterectomy: Predicted Cases,2.240,,07/01/2018,06/30/2019
100271,H LEE MOFFITT CANCER CENTER & RESEARCH INSTITUTE I,Acute Care Hospitals,12902 MAGNOLIA DR,TAMPA,FL,33612,HILLSBOROUGH,PCH_7_NUMERATOR,SSI - Abdominal Hysterectomy: Actual Infections,3,,07/01/2018,06/30/2019
100271,H LEE MOFFITT CANCER CENTER & RESEARCH INSTITUTE I,Acute Care Hospitals,12902 MAGNOLIA DR,TAMPA,FL,33612,HILLSBOROUGH,PCH_7_SIR,SSI - Abdominal Hysterectomy: SIR,1.339,,07/01/2018,06/30/2019
220162,DANA-FARBER CANCER INSTITUTE,Acute Care Hospitals,450 BROOKLINE AVENUE,BOSTON,MA,02115,SUFFOLK,PCH_26_DOPC,Clostridium Difficile (C.Diff): Patient Days,10434,,07/01/2018,06/30/2019
220162,DANA-FARBER CANCER INSTITUTE,Acute Care Hospitals,450 BROOKLINE AVENUE,BOSTON,MA,02115,SUFFOLK,PCH_26_ELIGCASES,Clostridium Difficile (C.Diff): Predicted Cases,5.902,,07/01/2018,06/30/2019
220162,DANA-FARBER CANCER INSTITUTE,Acute Care Hospitals,450 BROOKLINE AVENUE,BOSTON,MA,02115,SUFFOLK,PCH_26_NUMERATOR,Clostridium Difficile (C.Diff): Actual Infections,4,,07/01/2018,06/30/2019
220162,DANA-FARBER CANCER INSTITUTE,Acute Care Hospitals,450 BROOKLINE AVENUE,BOSTON,MA,02115,SUFFOLK,PCH_26_SIR,Clostridium Difficile (C.Diff): SIR,0.678,,07/01/2018,06/30/2019
220162,DANA-FARBER CANCER INSTITUTE,Acute Care Hospitals,450 BROOKLINE AVENUE,BOSTON,MA,02115,SUFFOLK,PCH_27_DOPC,MRSA Bacteremia: Patient Days,10434,13,07/01/2018,06/30/2019
220162,DANA-FARBER CANCER INSTITUTE,Acute Care Hospitals,450 BROOKLINE AVENUE,BOSTON,MA,02115,SUFFOLK,PCH_27_ELIGCASES,MRSA Bacteremia: Predicted Cases,0.672,13,07/01/2018,06/30/2019
220162,DANA-FARBER CANCER INSTITUTE,Acute Care Hospitals,450 BROOKLINE AVENUE,BOSTON,MA,02115,SUFFOLK,PCH_27_NUMERATOR,MRSA Bacteremia: Actual Infections,1,13,07/01/2018,06/30/2019
220162,DANA-FARBER CANCER INSTITUTE,Acute Care Hospitals,450 BROOKLINE AVENUE,BOSTON,MA,02115,SUFFOLK,PCH_27_SIR,MRSA Bacteremia: SIR,Not Available,13,07/01/2018,06/30/2019
220162,DANA-FARBER CANCER INSTITUTE,Acute Care Hospitals,450 BROOKLINE AVENUE,BOSTON,MA,02115,SUFFOLK,PCH_28_FAC_ADHPCT,Influenza Vaccination Coverage among Healthcare Personnel: Adherence Rate,99,,10/01/2018,03/31/2019
220162,DANA-FARBER CANCER INSTITUTE,Acute Care Hospitals,450 BROOKLINE AVENUE,BOSTON,MA,02115,SUFFOLK,PCH_28_FAC_DEN,Influenza Vaccination Coverage among Healthcare Personnel: Denominator,6409,,10/01/2018,03/31/2019
220162,DANA-FARBER CANCER INSTITUTE,Acute Care Hospitals,450 BROOKLINE AVENUE,BOSTON,MA,02115,SUFFOLK,PCH_6_DOPC,SSI - Colon Surgery: Number of Procedures,Not Available,12,07/01/2018,06/30/2019
220162,DANA-FARBER CANCER INSTITUTE,Acute Care Hospitals,450 BROOKLINE AVENUE,BOSTON,MA,02115,SUFFOLK,PCH_6_ELIGCASES,SSI - Colon Surgery: Predicted Cases,Not Available,12,07/01/2018,06/30/2019
220162,DANA-FARBER CANCER INSTITUTE,Acute Care Hospitals,450 BROOKLINE AVENUE,BOSTON,MA,02115,SUFFOLK,PCH_6_NUMERATOR,SSI - Colon Surgery: Actual Infections,Not Available,12,07/01/2018,06/30/2019
220162,DANA-FARBER CANCER INSTITUTE,Acute Care Hospitals,450 BROOKLINE AVENUE,BOSTON,MA,02115,SUFFOLK,PCH_6_SIR,SSI - Colon Surgery: SIR,Not Available,12,07/01/2018,06/30/2019
220162,DANA-FARBER CANCER INSTITUTE,Acute Care Hospitals,450 BROOKLINE AVENUE,BOSTON,MA,02115,SUFFOLK,PCH_7_DOPC,SSI - Abdominal Hysterectomy: Number of Procedures,Not Available,12,07/01/2018,06/30/2019
220162,DANA-FARBER CANCER INSTITUTE,Acute Care Hospitals,450 BROOKLINE AVENUE,BOSTON,MA,02115,SUFFOLK,PCH_7_ELIGCASES,SSI - Abdominal Hysterectomy: Predicted Cases,Not Available,12,07/01/2018,06/30/2019
220162,DANA-FARBER CANCER INSTITUTE,Acute Care Hospitals,450 BROOKLINE AVENUE,BOSTON,MA,02115,SUFFOLK,PCH_7_NUMERATOR,SSI - Abdominal Hysterectomy: Actual Infections,Not Available,12,07/01/2018,06/30/2019
220162,DANA-FARBER CANCER INSTITUTE,Acute Care Hospitals,450 BROOKLINE AVENUE,BOSTON,MA,02115,SUFFOLK,PCH_7_SIR,SSI - Abdominal Hysterectomy: SIR,Not Available,12,07/01/2018,06/30/2019
330154,MEMORIAL HOSPITAL FOR CANCER AND ALLIED DISEASES,Acute Care Hospitals,1275 YORK AVENUE,NEW YORK,NY,10021,NEW YORK,PCH_26_DOPC,Clostridium Difficile (C.Diff): Patient Days,164800,,07/01/2018,06/30/2019
330154,MEMORIAL HOSPITAL FOR CANCER AND ALLIED DISEASES,Acute Care Hospitals,1275 YORK AVENUE,NEW YORK,NY,10021,NEW YORK,PCH_26_ELIGCASES,Clostridium Difficile (C.Diff): Predicted Cases,314.556,,07/01/2018,06/30/2019
330154,MEMORIAL HOSPITAL FOR CANCER AND ALLIED DISEASES,Acute Care Hospitals,1275 YORK AVENUE,NEW YORK,NY,10021,NEW YORK,PCH_26_NUMERATOR,Clostridium Difficile (C.Diff): Actual Infections,214,,07/01/2018,06/30/2019
330154,MEMORIAL HOSPITAL FOR CANCER AND ALLIED DISEASES,Acute Care Hospitals,1275 YORK AVENUE,NEW YORK,NY,10021,NEW YORK,PCH_26_SIR,Clostridium Difficile (C.Diff): SIR,0.680,,07/01/2018,06/30/2019
330154,MEMORIAL HOSPITAL FOR CANCER AND ALLIED DISEASES,Acute Care Hospitals,1275 YORK AVENUE,NEW YORK,NY,10021,NEW YORK,PCH_27_DOPC,MRSA Bacteremia: Patient Days,164800,,07/01/2018,06/30/2019
330154,MEMORIAL HOSPITAL FOR CANCER AND ALLIED DISEASES,Acute Care Hospitals,1275 YORK AVENUE,NEW YORK,NY,10021,NEW YORK,PCH_27_ELIGCASES,MRSA Bacteremia: Predicted Cases,22.417,,07/01/2018,06/30/2019
330154,MEMORIAL HOSPITAL FOR CANCER AND ALLIED DISEASES,Acute Care Hospitals,1275 YORK AVENUE,NEW YORK,NY,10021,NEW YORK,PCH_27_NUMERATOR,MRSA Bacteremia: Actual Infections,13,,07/01/2018,06/30/2019
330154,MEMORIAL HOSPITAL FOR CANCER AND ALLIED DISEASES,Acute Care Hospitals,1275 YORK AVENUE,NEW YORK,NY,10021,NEW YORK,PCH_27_SIR,MRSA Bacteremia: SIR,0.580,,07/01/2018,06/30/2019
330154,MEMORIAL HOSPITAL FOR CANCER AND ALLIED DISEASES,Acute Care Hospitals,1275 YORK AVENUE,NEW YORK,NY,10021,NEW YORK,PCH_28_FAC_ADHPCT,Influenza Vaccination Coverage among Healthcare Personnel: Adherence Rate,82,,10/01/2018,03/31/2019
330154,MEMORIAL HOSPITAL FOR CANCER AND ALLIED DISEASES,Acute Care Hospitals,1275 YORK AVENUE,NEW YORK,NY,10021,NEW YORK,PCH_28_FAC_DEN,Influenza Vaccination Coverage among Healthcare Personnel: Denominator,15813,,10/01/2018,03/31/2019
330154,MEMORIAL HOSPITAL FOR CANCER AND ALLIED DISEASES,Acute Care Hospitals,1275 YORK AVENUE,NEW YORK,NY,10021,NEW YORK,PCH_6_DOPC,SSI - Colon Surgery: Number of Procedures,1203,,07/01/2018,06/30/2019
330154,MEMORIAL HOSPITAL FOR CANCER AND ALLIED DISEASES,Acute Care Hospitals,1275 YORK AVENUE,NEW YORK,NY,10021,NEW YORK,PCH_6_ELIGCASES,SSI - Colon Surgery: Predicted Cases,56.520,,07/01/2018,06/30/2019
330154,MEMORIAL HOSPITAL FOR CANCER AND ALLIED DISEASES,Acute Care Hospitals,1275 YORK AVENUE,NEW YORK,NY,10021,NEW YORK,PCH_6_NUMERATOR,SSI - Colon Surgery: Actual Infections,42,,07/01/2018,06/30/2019
330154,MEMORIAL HOSPITAL FOR CANCER AND ALLIED DISEASES,Acute Care Hospitals,1275 YORK AVENUE,NEW YORK,NY,10021,NEW YORK,PCH_6_SIR,SSI - Colon Surgery: SIR,0.743,,07/01/2018,06/30/2019
330154,MEMORIAL HOSPITAL FOR CANCER AND ALLIED DISEASES,Acute Care Hospitals,1275 YORK AVENUE,NEW YORK,NY,10021,NEW YORK,PCH_7_DOPC,SSI - Abdominal Hysterectomy: Number of Procedures,1085,,07/01/2018,06/30/2019
330154,MEMORIAL HOSPITAL FOR CANCER AND ALLIED DISEASES,Acute Care Hospitals,1275 YORK AVENUE,NEW YORK,NY,10021,NEW YORK,PCH_7_ELIGCASES,SSI - Abdominal Hysterectomy: Predicted Cases,15.604,,07/01/2018,06/30/2019
330154,MEMORIAL HOSPITAL FOR CANCER AND ALLIED DISEASES,Acute Care Hospitals,1275 YORK AVENUE,NEW YORK,NY,10021,NEW YORK,PCH_7_NUMERATOR,SSI - Abdominal Hysterectomy: Actual Infections,13,,07/01/2018,06/30/2019
330154,MEMORIAL HOSPITAL FOR CANCER AND ALLIED DISEASES,Acute Care Hospitals,1275 YORK AVENUE,NEW YORK,NY,10021,NEW YORK,PCH_7_SIR,SSI - Abdominal Hysterectomy: SIR,0.833,,07/01/2018,06/30/2019
330354,ROSWELL PARK CANCER INSTITUTE,Acute Care Hospitals,ELM AND CARLTON STREETS,BUFFALO,NY,14203,ERIE,PCH_26_DOPC,Clostridium Difficile (C.Diff): Patient Days,41811,,07/01/2018,06/30/2019
330354,ROSWELL PARK CANCER INSTITUTE,Acute Care Hospitals,ELM AND CARLTON STREETS,BUFFALO,NY,14203,ERIE,PCH_26_ELIGCASES,Clostridium Difficile (C.Diff): Predicted Cases,86.179,,07/01/2018,06/30/2019
330354,ROSWELL PARK CANCER INSTITUTE,Acute Care Hospitals,ELM AND CARLTON STREETS,BUFFALO,NY,14203,ERIE,PCH_26_NUMERATOR,Clostridium Difficile (C.Diff): Actual Infections,45,,07/01/2018,06/30/2019
330354,ROSWELL PARK CANCER INSTITUTE,Acute Care Hospitals,ELM AND CARLTON STREETS,BUFFALO,NY,14203,ERIE,PCH_26_SIR,Clostridium Difficile (C.Diff): SIR,0.522,,07/01/2018,06/30/2019
330354,ROSWELL PARK CANCER INSTITUTE,Acute Care Hospitals,ELM AND CARLTON STREETS,BUFFALO,NY,14203,ERIE,PCH_27_DOPC,MRSA Bacteremia: Patient Days,41811,,07/01/2018,06/30/2019
330354,ROSWELL PARK CANCER INSTITUTE,Acute Care Hospitals,ELM AND CARLTON STREETS,BUFFALO,NY,14203,ERIE,PCH_27_ELIGCASES,MRSA Bacteremia: Predicted Cases,5.278,,07/01/2018,06/30/2019
330354,ROSWELL PARK CANCER INSTITUTE,Acute Care Hospitals,ELM AND CARLTON STREETS,BUFFALO,NY,14203,ERIE,PCH_27_NUMERATOR,MRSA Bacteremia: Actual Infections,3,,07/01/2018,06/30/2019
330354,ROSWELL PARK CANCER INSTITUTE,Acute Care Hospitals,ELM AND CARLTON STREETS,BUFFALO,NY,14203,ERIE,PCH_27_SIR,MRSA Bacteremia: SIR,0.568,,07/01/2018,06/30/2019
330354,ROSWELL PARK CANCER INSTITUTE,Acute Care Hospitals,ELM AND CARLTON STREETS,BUFFALO,NY,14203,ERIE,PCH_28_FAC_ADHPCT,Influenza Vaccination Coverage among Healthcare Personnel: Adherence Rate,72,,10/01/2018,03/31/2019
330354,ROSWELL PARK CANCER INSTITUTE,Acute Care Hospitals,ELM AND CARLTON STREETS,BUFFALO,NY,14203,ERIE,PCH_28_FAC_DEN,Influenza Vaccination Coverage among Healthcare Personnel: Denominator,5723,,10/01/2018,03/31/2019
330354,ROSWELL PARK CANCER INSTITUTE,Acute Care Hospitals,ELM AND CARLTON STREETS,BUFFALO,NY,14203,ERIE,PCH_6_DOPC,SSI - Colon Surgery: Number of Procedures,183,,07/01/2018,06/30/2019
330354,ROSWELL PARK CANCER INSTITUTE,Acute Care Hospitals,ELM AND CARLTON STREETS,BUFFALO,NY,14203,ERIE,PCH_6_ELIGCASES,SSI - Colon Surgery: Predicted Cases,7.785,,07/01/2018,06/30/2019
330354,ROSWELL PARK CANCER INSTITUTE,Acute Care Hospitals,ELM AND CARLTON STREETS,BUFFALO,NY,14203,ERIE,PCH_6_NUMERATOR,SSI - Colon Surgery: Actual Infections,14,,07/01/2018,06/30/2019
330354,ROSWELL PARK CANCER INSTITUTE,Acute Care Hospitals,ELM AND CARLTON STREETS,BUFFALO,NY,14203,ERIE,PCH_6_SIR,SSI - Colon Surgery: SIR,1.798,,07/01/2018,06/30/2019
330354,ROSWELL PARK CANCER INSTITUTE,Acute Care Hospitals,ELM AND CARLTON STREETS,BUFFALO,NY,14203,ERIE,PCH_7_DOPC,SSI - Abdominal Hysterectomy: Number of Procedures,254,,07/01/2018,06/30/2019
330354,ROSWELL PARK CANCER INSTITUTE,Acute Care Hospitals,ELM AND CARLTON STREETS,BUFFALO,NY,14203,ERIE,PCH_7_ELIGCASES,SSI - Abdominal Hysterectomy: Predicted Cases,3.490,,07/01/2018,06/30/2019
330354,ROSWELL PARK CANCER INSTITUTE,Acute Care Hospitals,ELM AND CARLTON STREETS,BUFFALO,NY,14203,ERIE,PCH_7_NUMERATOR,SSI - Abdominal Hysterectomy: Actual Infections,5,,07/01/2018,06/30/2019
330354,ROSWELL PARK CANCER INSTITUTE,Acute Care Hospitals,ELM AND CARLTON STREETS,BUFFALO,NY,14203,ERIE,PCH_7_SIR,SSI - Abdominal Hysterectomy: SIR,1.433,,07/01/2018,06/30/2019
360242,JAMES CANCER HOSPITAL & SOLOVE RESEARCH INSTITUTE,Acute Care Hospitals,460 WEST TENTH AVENUE,COLUMBUS,OH,43210,FRANKLIN,PCH_26_DOPC,Clostridium Difficile (C.Diff): Patient Days,109847,,07/01/2018,06/30/2019
360242,JAMES CANCER HOSPITAL & SOLOVE RESEARCH INSTITUTE,Acute Care Hospitals,460 WEST TENTH AVENUE,COLUMBUS,OH,43210,FRANKLIN,PCH_26_ELIGCASES,Clostridium Difficile (C.Diff): Predicted Cases,197.755,,07/01/2018,06/30/2019
360242,JAMES CANCER HOSPITAL & SOLOVE RESEARCH INSTITUTE,Acute Care Hospitals,460 WEST TENTH AVENUE,COLUMBUS,OH,43210,FRANKLIN,PCH_26_NUMERATOR,Clostridium Difficile (C.Diff): Actual Infections,116,,07/01/2018,06/30/2019
360242,JAMES CANCER HOSPITAL & SOLOVE RESEARCH INSTITUTE,Acute Care Hospitals,460 WEST TENTH AVENUE,COLUMBUS,OH,43210,FRANKLIN,PCH_26_SIR,Clostridium Difficile (C.Diff): SIR,0.587,,07/01/2018,06/30/2019
360242,JAMES CANCER HOSPITAL & SOLOVE RESEARCH INSTITUTE,Acute Care Hospitals,460 WEST TENTH AVENUE,COLUMBUS,OH,43210,FRANKLIN,PCH_27_DOPC,MRSA Bacteremia: Patient Days,109847,,07/01/2018,06/30/2019
360242,JAMES CANCER HOSPITAL & SOLOVE RESEARCH INSTITUTE,Acute Care Hospitals,460 WEST TENTH AVENUE,COLUMBUS,OH,43210,FRANKLIN,PCH_27_ELIGCASES,MRSA Bacteremia: Predicted Cases,14.878,,07/01/2018,06/30/2019
360242,JAMES CANCER HOSPITAL & SOLOVE RESEARCH INSTITUTE,Acute Care Hospitals,460 WEST TENTH AVENUE,COLUMBUS,OH,43210,FRANKLIN,PCH_27_NUMERATOR,MRSA Bacteremia: Actual Infections,9,,07/01/2018,06/30/2019
360242,JAMES CANCER HOSPITAL & SOLOVE RESEARCH INSTITUTE,Acute Care Hospitals,460 WEST TENTH AVENUE,COLUMBUS,OH,43210,FRANKLIN,PCH_27_SIR,MRSA Bacteremia: SIR,0.605,,07/01/2018,06/30/2019
360242,JAMES CANCER HOSPITAL & SOLOVE RESEARCH INSTITUTE,Acute Care Hospitals,460 WEST TENTH AVENUE,COLUMBUS,OH,43210,FRANKLIN,PCH_28_FAC_ADHPCT,Influenza Vaccination Coverage among Healthcare Personnel: Adherence Rate,96,,10/01/2018,03/31/2019
360242,JAMES CANCER HOSPITAL & SOLOVE RESEARCH INSTITUTE,Acute Care Hospitals,460 WEST TENTH AVENUE,COLUMBUS,OH,43210,FRANKLIN,PCH_28_FAC_DEN,Influenza Vaccination Coverage among Healthcare Personnel: Denominator,4840,,10/01/2018,03/31/2019
360242,JAMES CANCER HOSPITAL & SOLOVE RESEARCH INSTITUTE,Acute Care Hospitals,460 WEST TENTH AVENUE,COLUMBUS,OH,43210,FRANKLIN,PCH_6_DOPC,SSI - Colon Surgery: Number of Procedures,254,,07/01/2018,06/30/2019
360242,JAMES CANCER HOSPITAL & SOLOVE RESEARCH INSTITUTE,Acute Care Hospitals,460 WEST TENTH AVENUE,COLUMBUS,OH,43210,FRANKLIN,PCH_6_ELIGCASES,SSI - Colon Surgery: Predicted Cases,12.414,,07/01/2018,06/30/2019
360242,JAMES CANCER HOSPITAL & SOLOVE RESEARCH INSTITUTE,Acute Care Hospitals,460 WEST TENTH AVENUE,COLUMBUS,OH,43210,FRANKLIN,PCH_6_NUMERATOR,SSI - Colon Surgery: Actual Infections,10,,07/01/2018,06/30/2019
360242,JAMES CANCER HOSPITAL & SOLOVE RESEARCH INSTITUTE,Acute Care Hospitals,460 WEST TENTH AVENUE,COLUMBUS,OH,43210,FRANKLIN,PCH_6_SIR,SSI - Colon Surgery: SIR,0.806,,07/01/2018,06/30/2019
360242,JAMES CANCER HOSPITAL & SOLOVE RESEARCH INSTITUTE,Acute Care Hospitals,460 WEST TENTH AVENUE,COLUMBUS,OH,43210,FRANKLIN,PCH_7_DOPC,SSI - Abdominal Hysterectomy: Number of Procedures,503,,07/01/2018,06/30/2019
360242,JAMES CANCER HOSPITAL & SOLOVE RESEARCH INSTITUTE,Acute Care Hospitals,460 WEST TENTH AVENUE,COLUMBUS,OH,43210,FRANKLIN,PCH_7_ELIGCASES,SSI - Abdominal Hysterectomy: Predicted Cases,7.353,,07/01/2018,06/30/2019
360242,JAMES CANCER HOSPITAL & SOLOVE RESEARCH INSTITUTE,Acute Care Hospitals,460 WEST TENTH AVENUE,COLUMBUS,OH,43210,FRANKLIN,PCH_7_NUMERATOR,SSI - Abdominal Hysterectomy: Actual Infections,1,,07/01/2018,06/30/2019
360242,JAMES CANCER HOSPITAL & SOLOVE RESEARCH INSTITUTE,Acute Care Hospitals,460 WEST TENTH AVENUE,COLUMBUS,OH,43210,FRANKLIN,PCH_7_SIR,SSI - Abdominal Hysterectomy: SIR,0.136,,07/01/2018,06/30/2019
390196,HOSPITAL OF THE FOX CHASE CANCER CENTER,Acute Care Hospitals,333 COTTMAN AVENUE,PHILADELPHIA,PA,19111,PHILADELPHIA,PCH_26_DOPC,Clostridium Difficile (C.Diff): Patient Days,22931,,07/01/2018,06/30/2019
390196,HOSPITAL OF THE FOX CHASE CANCER CENTER,Acute Care Hospitals,333 COTTMAN AVENUE,PHILADELPHIA,PA,19111,PHILADELPHIA,PCH_26_ELIGCASES,Clostridium Difficile (C.Diff): Predicted Cases,16.831,,07/01/2018,06/30/2019
390196,HOSPITAL OF THE FOX CHASE CANCER CENTER,Acute Care Hospitals,333 COTTMAN AVENUE,PHILADELPHIA,PA,19111,PHILADELPHIA,PCH_26_NUMERATOR,Clostridium Difficile (C.Diff): Actual Infections,17,,07/01/2018,06/30/2019
390196,HOSPITAL OF THE FOX CHASE CANCER CENTER,Acute Care Hospitals,333 COTTMAN AVENUE,PHILADELPHIA,PA,19111,PHILADELPHIA,PCH_26_SIR,Clostridium Difficile (C.Diff): SIR,1.010,,07/01/2018,06/30/2019
390196,HOSPITAL OF THE FOX CHASE CANCER CENTER,Acute Care Hospitals,333 COTTMAN AVENUE,PHILADELPHIA,PA,19111,PHILADELPHIA,PCH_27_DOPC,MRSA Bacteremia: Patient Days,22931,,07/01/2018,06/30/2019
390196,HOSPITAL OF THE FOX CHASE CANCER CENTER,Acute Care Hospitals,333 COTTMAN AVENUE,PHILADELPHIA,PA,19111,PHILADELPHIA,PCH_27_ELIGCASES,MRSA Bacteremia: Predicted Cases,1.712,,07/01/2018,06/30/2019
390196,HOSPITAL OF THE FOX CHASE CANCER CENTER,Acute Care Hospitals,333 COTTMAN AVENUE,PHILADELPHIA,PA,19111,PHILADELPHIA,PCH_27_NUMERATOR,MRSA Bacteremia: Actual Infections,1,,07/01/2018,06/30/2019
390196,HOSPITAL OF THE FOX CHASE CANCER CENTER,Acute Care Hospitals,333 COTTMAN AVENUE,PHILADELPHIA,PA,19111,PHILADELPHIA,PCH_27_SIR,MRSA Bacteremia: SIR,0.584,,07/01/2018,06/30/2019
390196,HOSPITAL OF THE FOX CHASE CANCER CENTER,Acute Care Hospitals,333 COTTMAN AVENUE,PHILADELPHIA,PA,19111,PHILADELPHIA,PCH_28_FAC_ADHPCT,Influenza Vaccination Coverage among Healthcare Personnel: Adherence Rate,79,,10/01/2018,03/31/2019
390196,HOSPITAL OF THE FOX CHASE CANCER CENTER,Acute Care Hospitals,333 COTTMAN AVENUE,PHILADELPHIA,PA,19111,PHILADELPHIA,PCH_28_FAC_DEN,Influenza Vaccination Coverage among Healthcare Personnel: Denominator,2159,,10/01/2018,03/31/2019
390196,HOSPITAL OF THE FOX CHASE CANCER CENTER,Acute Care Hospitals,333 COTTMAN AVENUE,PHILADELPHIA,PA,19111,PHILADELPHIA,PCH_6_DOPC,SSI - Colon Surgery: Number of Procedures,142,,07/01/2018,06/30/2019
390196,HOSPITAL OF THE FOX CHASE CANCER CENTER,Acute Care Hospitals,333 COTTMAN AVENUE,PHILADELPHIA,PA,19111,PHILADELPHIA,PCH_6_ELIGCASES,SSI - Colon Surgery: Predicted Cases,5.668,,07/01/2018,06/30/2019
390196,HOSPITAL OF THE FOX CHASE CANCER CENTER,Acute Care Hospitals,333 COTTMAN AVENUE,PHILADELPHIA,PA,19111,PHILADELPHIA,PCH_6_NUMERATOR,SSI - Colon Surgery: Actual Infections,7,,07/01/2018,06/30/2019
390196,HOSPITAL OF THE FOX CHASE CANCER CENTER,Acute Care Hospitals,333 COTTMAN AVENUE,PHILADELPHIA,PA,19111,PHILADELPHIA,PCH_6_SIR,SSI - Colon Surgery: SIR,1.235,,07/01/2018,06/30/2019
390196,HOSPITAL OF THE FOX CHASE CANCER CENTER,Acute Care Hospitals,333 COTTMAN AVENUE,PHILADELPHIA,PA,19111,PHILADELPHIA,PCH_7_DOPC,SSI - Abdominal Hysterectomy: Number of Procedures,339,,07/01/2018,06/30/2019
390196,HOSPITAL OF THE FOX CHASE CANCER CENTER,Acute Care Hospitals,333 COTTMAN AVENUE,PHILADELPHIA,PA,19111,PHILADELPHIA,PCH_7_ELIGCASES,SSI - Abdominal Hysterectomy: Predicted Cases,4.329,,07/01/2018,06/30/2019
390196,HOSPITAL OF THE FOX CHASE CANCER CENTER,Acute Care Hospitals,333 COTTMAN AVENUE,PHILADELPHIA,PA,19111,PHILADELPHIA,PCH_7_NUMERATOR,SSI - Abdominal Hysterectomy: Actual Infections,1,,07/01/2018,06/30/2019
390196,HOSPITAL OF THE FOX CHASE CANCER CENTER,Acute Care Hospitals,333 COTTMAN AVENUE,PHILADELPHIA,PA,19111,PHILADELPHIA,PCH_7_SIR,SSI - Abdominal Hysterectomy: SIR,0.231,,07/01/2018,06/30/2019
450076,"UNIVERSITY OF TEXAS M D ANDERSON CANCER CENTER,THE",Acute Care Hospitals,1515 HOLCOMBE BLVD,HOUSTON,TX,77030,HARRIS,PCH_26_DOPC,Clostridium Difficile (C.Diff): Patient Days,212542,,07/01/2018,06/30/2019
450076,"UNIVERSITY OF TEXAS M D ANDERSON CANCER CENTER,THE",Acute Care Hospitals,1515 HOLCOMBE BLVD,HOUSTON,TX,77030,HARRIS,PCH_26_ELIGCASES,Clostridium Difficile (C.Diff): Predicted Cases,255.959,,07/01/2018,06/30/2019
450076,"UNIVERSITY OF TEXAS M D ANDERSON CANCER CENTER,THE",Acute Care Hospitals,1515 HOLCOMBE BLVD,HOUSTON,TX,77030,HARRIS,PCH_26_NUMERATOR,Clostridium Difficile (C.Diff): Actual Infections,38,,07/01/2018,06/30/2019
450076,"UNIVERSITY OF TEXAS M D ANDERSON CANCER CENTER,THE",Acute Care Hospitals,1515 HOLCOMBE BLVD,HOUSTON,TX,77030,HARRIS,PCH_26_SIR,Clostridium Difficile (C.Diff): SIR,0.148,,07/01/2018,06/30/2019
450076,"UNIVERSITY OF TEXAS M D ANDERSON CANCER CENTER,THE",Acute Care Hospitals,1515 HOLCOMBE BLVD,HOUSTON,TX,77030,HARRIS,PCH_27_DOPC,MRSA Bacteremia: Patient Days,212542,,07/01/2018,06/30/2019
450076,"UNIVERSITY OF TEXAS M D ANDERSON CANCER CENTER,THE",Acute Care Hospitals,1515 HOLCOMBE BLVD,HOUSTON,TX,77030,HARRIS,PCH_27_ELIGCASES,MRSA Bacteremia: Predicted Cases,29.615,,07/01/2018,06/30/2019
450076,"UNIVERSITY OF TEXAS M D ANDERSON CANCER CENTER,THE",Acute Care Hospitals,1515 HOLCOMBE BLVD,HOUSTON,TX,77030,HARRIS,PCH_27_NUMERATOR,MRSA Bacteremia: Actual Infections,13,,07/01/2018,06/30/2019
450076,"UNIVERSITY OF TEXAS M D ANDERSON CANCER CENTER,THE",Acute Care Hospitals,1515 HOLCOMBE BLVD,HOUSTON,TX,77030,HARRIS,PCH_27_SIR,MRSA Bacteremia: SIR,0.439,,07/01/2018,06/30/2019
450076,"UNIVERSITY OF TEXAS M D ANDERSON CANCER CENTER,THE",Acute Care Hospitals,1515 HOLCOMBE BLVD,HOUSTON,TX,77030,HARRIS,PCH_28_FAC_ADHPCT,Influenza Vaccination Coverage among Healthcare Personnel: Adherence Rate,94,,10/01/2018,03/31/2019
450076,"UNIVERSITY OF TEXAS M D ANDERSON CANCER CENTER,THE",Acute Care Hospitals,1515 HOLCOMBE BLVD,HOUSTON,TX,77030,HARRIS,PCH_28_FAC_DEN,Influenza Vaccination Coverage among Healthcare Personnel: Denominator,21974,,10/01/2018,03/31/2019
450076,"UNIVERSITY OF TEXAS M D ANDERSON CANCER CENTER,THE",Acute Care Hospitals,1515 HOLCOMBE BLVD,HOUSTON,TX,77030,HARRIS,PCH_6_DOPC,SSI - Colon Surgery: Number of Procedures,731,,07/01/2018,06/30/2019
450076,"UNIVERSITY OF TEXAS M D ANDERSON CANCER CENTER,THE",Acute Care Hospitals,1515 HOLCOMBE BLVD,HOUSTON,TX,77030,HARRIS,PCH_6_ELIGCASES,SSI - Colon Surgery: Predicted Cases,36.141,,07/01/2018,06/30/2019
450076,"UNIVERSITY OF TEXAS M D ANDERSON CANCER CENTER,THE",Acute Care Hospitals,1515 HOLCOMBE BLVD,HOUSTON,TX,77030,HARRIS,PCH_6_NUMERATOR,SSI - Colon Surgery: Actual Infections,38,,07/01/2018,06/30/2019
450076,"UNIVERSITY OF TEXAS M D ANDERSON CANCER CENTER,THE",Acute Care Hospitals,1515 HOLCOMBE BLVD,HOUSTON,TX,77030,HARRIS,PCH_6_SIR,SSI - Colon Surgery: SIR,1.051,,07/01/2018,06/30/2019
450076,"UNIVERSITY OF TEXAS M D ANDERSON CANCER CENTER,THE",Acute Care Hospitals,1515 HOLCOMBE BLVD,HOUSTON,TX,77030,HARRIS,PCH_7_DOPC,SSI - Abdominal Hysterectomy: Number of Procedures,413,,07/01/2018,06/30/2019
450076,"UNIVERSITY OF TEXAS M D ANDERSON CANCER CENTER,THE",Acute Care Hospitals,1515 HOLCOMBE BLVD,HOUSTON,TX,77030,HARRIS,PCH_7_ELIGCASES,SSI - Abdominal Hysterectomy: Predicted Cases,6.893,,07/01/2018,06/30/2019
450076,"UNIVERSITY OF TEXAS M D ANDERSON CANCER CENTER,THE",Acute Care Hospitals,1515 HOLCOMBE BLVD,HOUSTON,TX,77030,HARRIS,PCH_7_NUMERATOR,SSI - Abdominal Hysterectomy: Actual Infections,8,,07/01/2018,06/30/2019
450076,"UNIVERSITY OF TEXAS M D ANDERSON CANCER CENTER,THE",Acute Care Hospitals,1515 HOLCOMBE BLVD,HOUSTON,TX,77030,HARRIS,PCH_7_SIR,SSI - Abdominal Hysterectomy: SIR,1.161,,07/01/2018,06/30/2019
500138,SEATTLE CANCER CARE ALLIANCE,Acute Care Hospitals,825 EASTLAKE AVENUE EAST,SEATTLE,WA,98109,KING,PCH_26_DOPC,Clostridium Difficile (C.Diff): Patient Days,6551,,07/01/2018,06/30/2019
500138,SEATTLE CANCER CARE ALLIANCE,Acute Care Hospitals,825 EASTLAKE AVENUE EAST,SEATTLE,WA,98109,KING,PCH_26_ELIGCASES,Clostridium Difficile (C.Diff): Predicted Cases,7.984,,07/01/2018,06/30/2019
500138,SEATTLE CANCER CARE ALLIANCE,Acute Care Hospitals,825 EASTLAKE AVENUE EAST,SEATTLE,WA,98109,KING,PCH_26_NUMERATOR,Clostridium Difficile (C.Diff): Actual Infections,24,,07/01/2018,06/30/2019
500138,SEATTLE CANCER CARE ALLIANCE,Acute Care Hospitals,825 EASTLAKE AVENUE EAST,SEATTLE,WA,98109,KING,PCH_26_SIR,Clostridium Difficile (C.Diff): SIR,3.006,,07/01/2018,06/30/2019
500138,SEATTLE CANCER CARE ALLIANCE,Acute Care Hospitals,825 EASTLAKE AVENUE EAST,SEATTLE,WA,98109,KING,PCH_27_DOPC,MRSA Bacteremia: Patient Days,6551,13,07/01/2018,06/30/2019
500138,SEATTLE CANCER CARE ALLIANCE,Acute Care Hospitals,825 EASTLAKE AVENUE EAST,SEATTLE,WA,98109,KING,PCH_27_ELIGCASES,MRSA Bacteremia: Predicted Cases,0.423,13,07/01/2018,06/30/2019
500138,SEATTLE CANCER CARE ALLIANCE,Acute Care Hospitals,825 EASTLAKE AVENUE EAST,SEATTLE,WA,98109,KING,PCH_27_NUMERATOR,MRSA Bacteremia: Actual Infections,1,13,07/01/2018,06/30/2019
500138,SEATTLE CANCER CARE ALLIANCE,Acute Care Hospitals,825 EASTLAKE AVENUE EAST,SEATTLE,WA,98109,KING,PCH_27_SIR,MRSA Bacteremia: SIR,Not Available,13,07/01/2018,06/30/2019
500138,SEATTLE CANCER CARE ALLIANCE,Acute Care Hospitals,825 EASTLAKE AVENUE EAST,SEATTLE,WA,98109,KING,PCH_28_FAC_ADHPCT,Influenza Vaccination Coverage among Healthcare Personnel: Adherence Rate,95,,10/01/2018,03/31/2019
500138,SEATTLE CANCER CARE ALLIANCE,Acute Care Hospitals,825 EASTLAKE AVENUE EAST,SEATTLE,WA,98109,KING,PCH_28_FAC_DEN,Influenza Vaccination Coverage among Healthcare Personnel: Denominator,2345,,10/01/2018,03/31/2019
500138,SEATTLE CANCER CARE ALLIANCE,Acute Care Hospitals,825 EASTLAKE AVENUE EAST,SEATTLE,WA,98109,KING,PCH_6_DOPC,SSI - Colon Surgery: Number of Procedures,Not Available,12,07/01/2018,06/30/2019
500138,SEATTLE CANCER CARE ALLIANCE,Acute Care Hospitals,825 EASTLAKE AVENUE EAST,SEATTLE,WA,98109,KING,PCH_6_ELIGCASES,SSI - Colon Surgery: Predicted Cases,Not Available,12,07/01/2018,06/30/2019
500138,SEATTLE CANCER CARE ALLIANCE,Acute Care Hospitals,825 EASTLAKE AVENUE EAST,SEATTLE,WA,98109,KING,PCH_6_NUMERATOR,SSI - Colon Surgery: Actual Infections,Not Available,12,07/01/2018,06/30/2019
500138,SEATTLE CANCER CARE ALLIANCE,Acute Care Hospitals,825 EASTLAKE AVENUE EAST,SEATTLE,WA,98109,KING,PCH_6_SIR,SSI - Colon Surgery: SIR,Not Available,12,07/01/2018,06/30/2019
500138,SEATTLE CANCER CARE ALLIANCE,Acute Care Hospitals,825 EASTLAKE AVENUE EAST,SEATTLE,WA,98109,KING,PCH_7_DOPC,SSI - Abdominal Hysterectomy: Number of Procedures,Not Available,12,07/01/2018,06/30/2019
500138,SEATTLE CANCER CARE ALLIANCE,Acute Care Hospitals,825 EASTLAKE AVENUE EAST,SEATTLE,WA,98109,KING,PCH_7_ELIGCASES,SSI - Abdominal Hysterectomy: Predicted Cases,Not Available,12,07/01/2018,06/30/2019
500138,SEATTLE CANCER CARE ALLIANCE,Acute Care Hospitals,825 EASTLAKE AVENUE EAST,SEATTLE,WA,98109,KING,PCH_7_NUMERATOR,SSI - Abdominal Hysterectomy: Actual Infections,Not Available,12,07/01/2018,06/30/2019
500138,SEATTLE CANCER CARE ALLIANCE,Acute Care Hospitals,825 EASTLAKE AVENUE EAST,SEATTLE,WA,98109,KING,PCH_7_SIR,SSI - Abdominal Hysterectomy: SIR,Not Available,12,07/01/2018,06/30/2019
