"Measure ID","Measure Name","Score","Footnote","Start Date","End Date"
OP_10,Abdomen CT Use of Contrast Material,6.9,,07/01/2017,06/30/2018
OP_11,Thorax CT Use of Contrast Material,1.4,,07/01/2017,06/30/2018
OP_13,Outpatients who got cardiac imaging stress tests before low-risk outpatient surgery,4.7,,07/01/2017,06/30/2018
OP_14,Outpatients with brain CT scans who got a sinus CT scan at the same time,1.2,,07/01/2017,06/30/2018
OP_8,MRI Lumbar Spine for Low Back Pain,38.7,,07/01/2017,06/30/2018
OP_9,Mammography Follow-up Rates,8.9,,07/01/2017,06/30/2018
