"Facility ID","Facility Name","Hospital Type","Address","City","State","ZIP Code","County Name","Measure ID","Measure Name","Score","Footnote","Start Date","End Date"
050146,CITY OF HOPE HELFORD CLINICAL RESEARCH HOSPITAL,Acute Care Hospitals,1500 E DUARTE ROAD,DUARTE,CA,91010,LOS ANGELES,PCH_26_DOPC,Clostridium Difficile (C.Diff): Patient Days,73781,,04/01/2021,03/31/2022
050146,CITY OF HOPE HELFORD CLINICAL RESEARCH HOSPITAL,Acute Care Hospitals,1500 E DUARTE ROAD,DUARTE,CA,91010,LOS ANGELES,PCH_26_ELIGCASES,Clostridium Difficile (C.Diff): Predicted Cases,75.683,,04/01/2021,03/31/2022
050146,CITY OF HOPE HELFORD CLINICAL RESEARCH HOSPITAL,Acute Care Hospitals,1500 E DUARTE ROAD,DUARTE,CA,91010,LOS ANGELES,PCH_26_NUMERATOR,Clostridium Difficile (C.Diff): Actual Infections,83,,04/01/2021,03/31/2022
050146,CITY OF HOPE HELFORD CLINICAL RESEARCH HOSPITAL,Acute Care Hospitals,1500 E DUARTE ROAD,DUARTE,CA,91010,LOS ANGELES,PCH_26_SIR,Clostridium Difficile (C.Diff): SIR,1.097,,04/01/2021,03/31/2022
050146,CITY OF HOPE HELFORD CLINICAL RESEARCH HOSPITAL,Acute Care Hospitals,1500 E DUARTE ROAD,DUARTE,CA,91010,LOS ANGELES,PCH_27_DOPC,MRSA Bacteremia: Patient Days,73781,,04/01/2021,03/31/2022
050146,CITY OF HOPE HELFORD CLINICAL RESEARCH HOSPITAL,Acute Care Hospitals,1500 E DUARTE ROAD,DUARTE,CA,91010,LOS ANGELES,PCH_27_ELIGCASES,MRSA Bacteremia: Predicted Cases,7.042,,04/01/2021,03/31/2022
050146,CITY OF HOPE HELFORD CLINICAL RESEARCH HOSPITAL,Acute Care Hospitals,1500 E DUARTE ROAD,DUARTE,CA,91010,LOS ANGELES,PCH_27_NUMERATOR,MRSA Bacteremia: Actual Infections,2,,04/01/2021,03/31/2022
050146,CITY OF HOPE HELFORD CLINICAL RESEARCH HOSPITAL,Acute Care Hospitals,1500 E DUARTE ROAD,DUARTE,CA,91010,LOS ANGELES,PCH_27_SIR,MRSA Bacteremia: SIR,0.284,,04/01/2021,03/31/2022
050146,CITY OF HOPE HELFORD CLINICAL RESEARCH HOSPITAL,Acute Care Hospitals,1500 E DUARTE ROAD,DUARTE,CA,91010,LOS ANGELES,PCH_28_FAC_ADHPCT,Influenza Vaccination Coverage among Healthcare Personnel: Adherence Rate,89,,10/01/2021,03/31/2022
050146,CITY OF HOPE HELFORD CLINICAL RESEARCH HOSPITAL,Acute Care Hospitals,1500 E DUARTE ROAD,DUARTE,CA,91010,LOS ANGELES,PCH_28_FAC_DEN,Influenza Vaccination Coverage among Healthcare Personnel: Denominator,6841,,10/01/2021,03/31/2022
050146,CITY OF HOPE HELFORD CLINICAL RESEARCH HOSPITAL,Acute Care Hospitals,1500 E DUARTE ROAD,DUARTE,CA,91010,LOS ANGELES,PCH_38_FAC_ADHPCT,Percentage of healthcare personnel who completed COVID-19 primary vaccination series: Adherence Rate,94.1,,01/01/2022,03/31/2022
050146,CITY OF HOPE HELFORD CLINICAL RESEARCH HOSPITAL,Acute Care Hospitals,1500 E DUARTE ROAD,DUARTE,CA,91010,LOS ANGELES,PCH_38_FAC_DEN,Percentage of healthcare personnel who completed COVID-19 primary vaccination series: Denominator,8719,,01/01/2022,03/31/2022
050146,CITY OF HOPE HELFORD CLINICAL RESEARCH HOSPITAL,Acute Care Hospitals,1500 E DUARTE ROAD,DUARTE,CA,91010,LOS ANGELES,PCH_4_DOPC,Central Line-Associated Bloodstream Infection (CLABSI): Number of Procedures,59009,,04/01/2021,03/31/2022
050146,CITY OF HOPE HELFORD CLINICAL RESEARCH HOSPITAL,Acute Care Hospitals,1500 E DUARTE ROAD,DUARTE,CA,91010,LOS ANGELES,PCH_4_ELIGCASES,Central Line-Associated Bloodstream Infection (CLABSI): Predicted Cases,58.006,,04/01/2021,03/31/2022
050146,CITY OF HOPE HELFORD CLINICAL RESEARCH HOSPITAL,Acute Care Hospitals,1500 E DUARTE ROAD,DUARTE,CA,91010,LOS ANGELES,PCH_4_NUMERATOR,Central Line-Associated Bloodstream Infection (CLABSI): Actual Infections,61,,04/01/2021,03/31/2022
050146,CITY OF HOPE HELFORD CLINICAL RESEARCH HOSPITAL,Acute Care Hospitals,1500 E DUARTE ROAD,DUARTE,CA,91010,LOS ANGELES,PCH_4_SIR,Central Line-Associated Bloodstream Infection (CLABSI): SIR,1.052,,04/01/2021,03/31/2022
050146,CITY OF HOPE HELFORD CLINICAL RESEARCH HOSPITAL,Acute Care Hospitals,1500 E DUARTE ROAD,DUARTE,CA,91010,LOS ANGELES,PCH_5_DOPC,Catheter-Associated Urinary Tract Infections (CAUTI): Number of Procedures,10601,,04/01/2021,03/31/2022
050146,CITY OF HOPE HELFORD CLINICAL RESEARCH HOSPITAL,Acute Care Hospitals,1500 E DUARTE ROAD,DUARTE,CA,91010,LOS ANGELES,PCH_5_ELIGCASES,Catheter-Associated Urinary Tract Infections (CAUTI): Predicted Cases,11.407,,04/01/2021,03/31/2022
050146,CITY OF HOPE HELFORD CLINICAL RESEARCH HOSPITAL,Acute Care Hospitals,1500 E DUARTE ROAD,DUARTE,CA,91010,LOS ANGELES,PCH_5_NUMERATOR,Catheter-Associated Urinary Tract Infections (CAUTI): Actual Infections,5,,04/01/2021,03/31/2022
050146,CITY OF HOPE HELFORD CLINICAL RESEARCH HOSPITAL,Acute Care Hospitals,1500 E DUARTE ROAD,DUARTE,CA,91010,LOS ANGELES,PCH_5_SIR,Catheter-Associated Urinary Tract Infections (CAUTI): SIR,0.438,,04/01/2021,03/31/2022
050146,CITY OF HOPE HELFORD CLINICAL RESEARCH HOSPITAL,Acute Care Hospitals,1500 E DUARTE ROAD,DUARTE,CA,91010,LOS ANGELES,PCH_6_DOPC,SSI - Colon Surgery: Number of Procedures,291,,04/01/2021,03/31/2022
050146,CITY OF HOPE HELFORD CLINICAL RESEARCH HOSPITAL,Acute Care Hospitals,1500 E DUARTE ROAD,DUARTE,CA,91010,LOS ANGELES,PCH_6_ELIGCASES,SSI - Colon Surgery: Predicted Cases,13.022,,04/01/2021,03/31/2022
050146,CITY OF HOPE HELFORD CLINICAL RESEARCH HOSPITAL,Acute Care Hospitals,1500 E DUARTE ROAD,DUARTE,CA,91010,LOS ANGELES,PCH_6_NUMERATOR,SSI - Colon Surgery: Actual Infections,7,,04/01/2021,03/31/2022
050146,CITY OF HOPE HELFORD CLINICAL RESEARCH HOSPITAL,Acute Care Hospitals,1500 E DUARTE ROAD,DUARTE,CA,91010,LOS ANGELES,PCH_6_SIR,SSI - Colon Surgery: SIR,0.538,,04/01/2021,03/31/2022
050146,CITY OF HOPE HELFORD CLINICAL RESEARCH HOSPITAL,Acute Care Hospitals,1500 E DUARTE ROAD,DUARTE,CA,91010,LOS ANGELES,PCH_7_DOPC,SSI - Abdominal Hysterectomy: Number of Procedures,210,,04/01/2021,03/31/2022
050146,CITY OF HOPE HELFORD CLINICAL RESEARCH HOSPITAL,Acute Care Hospitals,1500 E DUARTE ROAD,DUARTE,CA,91010,LOS ANGELES,PCH_7_ELIGCASES,SSI - Abdominal Hysterectomy: Predicted Cases,3.036,,04/01/2021,03/31/2022
050146,CITY OF HOPE HELFORD CLINICAL RESEARCH HOSPITAL,Acute Care Hospitals,1500 E DUARTE ROAD,DUARTE,CA,91010,LOS ANGELES,PCH_7_NUMERATOR,SSI - Abdominal Hysterectomy: Actual Infections,1,,04/01/2021,03/31/2022
050146,CITY OF HOPE HELFORD CLINICAL RESEARCH HOSPITAL,Acute Care Hospitals,1500 E DUARTE ROAD,DUARTE,CA,91010,LOS ANGELES,PCH_7_SIR,SSI - Abdominal Hysterectomy: SIR,0.329,,04/01/2021,03/31/2022
050660,USC KENNETH NORRIS JR CANCER HOSPITAL,Acute Care Hospitals,1441 EASTLAKE AVE,LOS ANGELES,CA,90089,LOS ANGELES,PCH_26_DOPC,Clostridium Difficile (C.Diff): Patient Days,13118,,04/01/2021,03/31/2022
050660,USC KENNETH NORRIS JR CANCER HOSPITAL,Acute Care Hospitals,1441 EASTLAKE AVE,LOS ANGELES,CA,90089,LOS ANGELES,PCH_26_ELIGCASES,Clostridium Difficile (C.Diff): Predicted Cases,13.136,,04/01/2021,03/31/2022
050660,USC KENNETH NORRIS JR CANCER HOSPITAL,Acute Care Hospitals,1441 EASTLAKE AVE,LOS ANGELES,CA,90089,LOS ANGELES,PCH_26_NUMERATOR,Clostridium Difficile (C.Diff): Actual Infections,9,,04/01/2021,03/31/2022
050660,USC KENNETH NORRIS JR CANCER HOSPITAL,Acute Care Hospitals,1441 EASTLAKE AVE,LOS ANGELES,CA,90089,LOS ANGELES,PCH_26_SIR,Clostridium Difficile (C.Diff): SIR,0.685,,04/01/2021,03/31/2022
050660,USC KENNETH NORRIS JR CANCER HOSPITAL,Acute Care Hospitals,1441 EASTLAKE AVE,LOS ANGELES,CA,90089,LOS ANGELES,PCH_27_DOPC,MRSA Bacteremia: Patient Days,13118,,04/01/2021,03/31/2022
050660,USC KENNETH NORRIS JR CANCER HOSPITAL,Acute Care Hospitals,1441 EASTLAKE AVE,LOS ANGELES,CA,90089,LOS ANGELES,PCH_27_ELIGCASES,MRSA Bacteremia: Predicted Cases,1.355,,04/01/2021,03/31/2022
050660,USC KENNETH NORRIS JR CANCER HOSPITAL,Acute Care Hospitals,1441 EASTLAKE AVE,LOS ANGELES,CA,90089,LOS ANGELES,PCH_27_NUMERATOR,MRSA Bacteremia: Actual Infections,0,,04/01/2021,03/31/2022
050660,USC KENNETH NORRIS JR CANCER HOSPITAL,Acute Care Hospitals,1441 EASTLAKE AVE,LOS ANGELES,CA,90089,LOS ANGELES,PCH_27_SIR,MRSA Bacteremia: SIR,0.000,,04/01/2021,03/31/2022
050660,USC KENNETH NORRIS JR CANCER HOSPITAL,Acute Care Hospitals,1441 EASTLAKE AVE,LOS ANGELES,CA,90089,LOS ANGELES,PCH_28_FAC_ADHPCT,Influenza Vaccination Coverage among Healthcare Personnel: Adherence Rate,94,,10/01/2021,03/31/2022
050660,USC KENNETH NORRIS JR CANCER HOSPITAL,Acute Care Hospitals,1441 EASTLAKE AVE,LOS ANGELES,CA,90089,LOS ANGELES,PCH_28_FAC_DEN,Influenza Vaccination Coverage among Healthcare Personnel: Denominator,2697,,10/01/2021,03/31/2022
050660,USC KENNETH NORRIS JR CANCER HOSPITAL,Acute Care Hospitals,1441 EASTLAKE AVE,LOS ANGELES,CA,90089,LOS ANGELES,PCH_38_FAC_ADHPCT,Percentage of healthcare personnel who completed COVID-19 primary vaccination series: Adherence Rate,96.1,,01/01/2022,03/31/2022
050660,USC KENNETH NORRIS JR CANCER HOSPITAL,Acute Care Hospitals,1441 EASTLAKE AVE,LOS ANGELES,CA,90089,LOS ANGELES,PCH_38_FAC_DEN,Percentage of healthcare personnel who completed COVID-19 primary vaccination series: Denominator,2100,,01/01/2022,03/31/2022
050660,USC KENNETH NORRIS JR CANCER HOSPITAL,Acute Care Hospitals,1441 EASTLAKE AVE,LOS ANGELES,CA,90089,LOS ANGELES,PCH_4_DOPC,Central Line-Associated Bloodstream Infection (CLABSI): Number of Procedures,9048,,04/01/2021,03/31/2022
050660,USC KENNETH NORRIS JR CANCER HOSPITAL,Acute Care Hospitals,1441 EASTLAKE AVE,LOS ANGELES,CA,90089,LOS ANGELES,PCH_4_ELIGCASES,Central Line-Associated Bloodstream Infection (CLABSI): Predicted Cases,8.224,,04/01/2021,03/31/2022
050660,USC KENNETH NORRIS JR CANCER HOSPITAL,Acute Care Hospitals,1441 EASTLAKE AVE,LOS ANGELES,CA,90089,LOS ANGELES,PCH_4_NUMERATOR,Central Line-Associated Bloodstream Infection (CLABSI): Actual Infections,7,,04/01/2021,03/31/2022
050660,USC KENNETH NORRIS JR CANCER HOSPITAL,Acute Care Hospitals,1441 EASTLAKE AVE,LOS ANGELES,CA,90089,LOS ANGELES,PCH_4_SIR,Central Line-Associated Bloodstream Infection (CLABSI): SIR,0.851,,04/01/2021,03/31/2022
050660,USC KENNETH NORRIS JR CANCER HOSPITAL,Acute Care Hospitals,1441 EASTLAKE AVE,LOS ANGELES,CA,90089,LOS ANGELES,PCH_5_DOPC,Catheter-Associated Urinary Tract Infections (CAUTI): Number of Procedures,1415,,04/01/2021,03/31/2022
050660,USC KENNETH NORRIS JR CANCER HOSPITAL,Acute Care Hospitals,1441 EASTLAKE AVE,LOS ANGELES,CA,90089,LOS ANGELES,PCH_5_ELIGCASES,Catheter-Associated Urinary Tract Infections (CAUTI): Predicted Cases,1.334,,04/01/2021,03/31/2022
050660,USC KENNETH NORRIS JR CANCER HOSPITAL,Acute Care Hospitals,1441 EASTLAKE AVE,LOS ANGELES,CA,90089,LOS ANGELES,PCH_5_NUMERATOR,Catheter-Associated Urinary Tract Infections (CAUTI): Actual Infections,2,,04/01/2021,03/31/2022
050660,USC KENNETH NORRIS JR CANCER HOSPITAL,Acute Care Hospitals,1441 EASTLAKE AVE,LOS ANGELES,CA,90089,LOS ANGELES,PCH_5_SIR,Catheter-Associated Urinary Tract Infections (CAUTI): SIR,1.499,,04/01/2021,03/31/2022
050660,USC KENNETH NORRIS JR CANCER HOSPITAL,Acute Care Hospitals,1441 EASTLAKE AVE,LOS ANGELES,CA,90089,LOS ANGELES,PCH_6_DOPC,SSI - Colon Surgery: Number of Procedures,Not Available,12,04/01/2021,03/31/2022
050660,USC KENNETH NORRIS JR CANCER HOSPITAL,Acute Care Hospitals,1441 EASTLAKE AVE,LOS ANGELES,CA,90089,LOS ANGELES,PCH_6_ELIGCASES,SSI - Colon Surgery: Predicted Cases,Not Available,12,04/01/2021,03/31/2022
050660,USC KENNETH NORRIS JR CANCER HOSPITAL,Acute Care Hospitals,1441 EASTLAKE AVE,LOS ANGELES,CA,90089,LOS ANGELES,PCH_6_NUMERATOR,SSI - Colon Surgery: Actual Infections,Not Available,12,04/01/2021,03/31/2022
050660,USC KENNETH NORRIS JR CANCER HOSPITAL,Acute Care Hospitals,1441 EASTLAKE AVE,LOS ANGELES,CA,90089,LOS ANGELES,PCH_6_SIR,SSI - Colon Surgery: SIR,Not Available,12,04/01/2021,03/31/2022
050660,USC KENNETH NORRIS JR CANCER HOSPITAL,Acute Care Hospitals,1441 EASTLAKE AVE,LOS ANGELES,CA,90089,LOS ANGELES,PCH_7_DOPC,SSI - Abdominal Hysterectomy: Number of Procedures,Not Available,12,04/01/2021,03/31/2022
050660,USC KENNETH NORRIS JR CANCER HOSPITAL,Acute Care Hospitals,1441 EASTLAKE AVE,LOS ANGELES,CA,90089,LOS ANGELES,PCH_7_ELIGCASES,SSI - Abdominal Hysterectomy: Predicted Cases,Not Available,12,04/01/2021,03/31/2022
050660,USC KENNETH NORRIS JR CANCER HOSPITAL,Acute Care Hospitals,1441 EASTLAKE AVE,LOS ANGELES,CA,90089,LOS ANGELES,PCH_7_NUMERATOR,SSI - Abdominal Hysterectomy: Actual Infections,Not Available,12,04/01/2021,03/31/2022
050660,USC KENNETH NORRIS JR CANCER HOSPITAL,Acute Care Hospitals,1441 EASTLAKE AVE,LOS ANGELES,CA,90089,LOS ANGELES,PCH_7_SIR,SSI - Abdominal Hysterectomy: SIR,Not Available,12,04/01/2021,03/31/2022
100079,UNIV OF MIAMI HOSPITAL AND CLINICS-SYLVESTER COMPR,Acute Care Hospitals,1475 NW 12TH AVE,MIAMI,FL,33136,MIAMI-DADE,PCH_26_DOPC,Clostridium Difficile (C.Diff): Patient Days,7147,,04/01/2021,03/31/2022
100079,UNIV OF MIAMI HOSPITAL AND CLINICS-SYLVESTER COMPR,Acute Care Hospitals,1475 NW 12TH AVE,MIAMI,FL,33136,MIAMI-DADE,PCH_26_ELIGCASES,Clostridium Difficile (C.Diff): Predicted Cases,6.775,,04/01/2021,03/31/2022
100079,UNIV OF MIAMI HOSPITAL AND CLINICS-SYLVESTER COMPR,Acute Care Hospitals,1475 NW 12TH AVE,MIAMI,FL,33136,MIAMI-DADE,PCH_26_NUMERATOR,Clostridium Difficile (C.Diff): Actual Infections,11,,04/01/2021,03/31/2022
100079,UNIV OF MIAMI HOSPITAL AND CLINICS-SYLVESTER COMPR,Acute Care Hospitals,1475 NW 12TH AVE,MIAMI,FL,33136,MIAMI-DADE,PCH_26_SIR,Clostridium Difficile (C.Diff): SIR,1.624,,04/01/2021,03/31/2022
100079,UNIV OF MIAMI HOSPITAL AND CLINICS-SYLVESTER COMPR,Acute Care Hospitals,1475 NW 12TH AVE,MIAMI,FL,33136,MIAMI-DADE,PCH_27_DOPC,MRSA Bacteremia: Patient Days,7147,13,04/01/2021,03/31/2022
100079,UNIV OF MIAMI HOSPITAL AND CLINICS-SYLVESTER COMPR,Acute Care Hospitals,1475 NW 12TH AVE,MIAMI,FL,33136,MIAMI-DADE,PCH_27_ELIGCASES,MRSA Bacteremia: Predicted Cases,0.641,13,04/01/2021,03/31/2022
100079,UNIV OF MIAMI HOSPITAL AND CLINICS-SYLVESTER COMPR,Acute Care Hospitals,1475 NW 12TH AVE,MIAMI,FL,33136,MIAMI-DADE,PCH_27_NUMERATOR,MRSA Bacteremia: Actual Infections,0,13,04/01/2021,03/31/2022
100079,UNIV OF MIAMI HOSPITAL AND CLINICS-SYLVESTER COMPR,Acute Care Hospitals,1475 NW 12TH AVE,MIAMI,FL,33136,MIAMI-DADE,PCH_27_SIR,MRSA Bacteremia: SIR,Not Available,13,04/01/2021,03/31/2022
100079,UNIV OF MIAMI HOSPITAL AND CLINICS-SYLVESTER COMPR,Acute Care Hospitals,1475 NW 12TH AVE,MIAMI,FL,33136,MIAMI-DADE,PCH_28_FAC_ADHPCT,Influenza Vaccination Coverage among Healthcare Personnel: Adherence Rate,96,,10/01/2021,03/31/2022
100079,UNIV OF MIAMI HOSPITAL AND CLINICS-SYLVESTER COMPR,Acute Care Hospitals,1475 NW 12TH AVE,MIAMI,FL,33136,MIAMI-DADE,PCH_28_FAC_DEN,Influenza Vaccination Coverage among Healthcare Personnel: Denominator,7299,,10/01/2021,03/31/2022
100079,UNIV OF MIAMI HOSPITAL AND CLINICS-SYLVESTER COMPR,Acute Care Hospitals,1475 NW 12TH AVE,MIAMI,FL,33136,MIAMI-DADE,PCH_38_FAC_ADHPCT,Percentage of healthcare personnel who completed COVID-19 primary vaccination series: Adherence Rate,78.9,,01/01/2022,03/31/2022
100079,UNIV OF MIAMI HOSPITAL AND CLINICS-SYLVESTER COMPR,Acute Care Hospitals,1475 NW 12TH AVE,MIAMI,FL,33136,MIAMI-DADE,PCH_38_FAC_DEN,Percentage of healthcare personnel who completed COVID-19 primary vaccination series: Denominator,14007,,01/01/2022,03/31/2022
100079,UNIV OF MIAMI HOSPITAL AND CLINICS-SYLVESTER COMPR,Acute Care Hospitals,1475 NW 12TH AVE,MIAMI,FL,33136,MIAMI-DADE,PCH_4_DOPC,Central Line-Associated Bloodstream Infection (CLABSI): Number of Procedures,6691,,04/01/2021,03/31/2022
100079,UNIV OF MIAMI HOSPITAL AND CLINICS-SYLVESTER COMPR,Acute Care Hospitals,1475 NW 12TH AVE,MIAMI,FL,33136,MIAMI-DADE,PCH_4_ELIGCASES,Central Line-Associated Bloodstream Infection (CLABSI): Predicted Cases,6.405,,04/01/2021,03/31/2022
100079,UNIV OF MIAMI HOSPITAL AND CLINICS-SYLVESTER COMPR,Acute Care Hospitals,1475 NW 12TH AVE,MIAMI,FL,33136,MIAMI-DADE,PCH_4_NUMERATOR,Central Line-Associated Bloodstream Infection (CLABSI): Actual Infections,3,,04/01/2021,03/31/2022
100079,UNIV OF MIAMI HOSPITAL AND CLINICS-SYLVESTER COMPR,Acute Care Hospitals,1475 NW 12TH AVE,MIAMI,FL,33136,MIAMI-DADE,PCH_4_SIR,Central Line-Associated Bloodstream Infection (CLABSI): SIR,0.468,,04/01/2021,03/31/2022
100079,UNIV OF MIAMI HOSPITAL AND CLINICS-SYLVESTER COMPR,Acute Care Hospitals,1475 NW 12TH AVE,MIAMI,FL,33136,MIAMI-DADE,PCH_5_DOPC,Catheter-Associated Urinary Tract Infections (CAUTI): Number of Procedures,201,13,04/01/2021,03/31/2022
100079,UNIV OF MIAMI HOSPITAL AND CLINICS-SYLVESTER COMPR,Acute Care Hospitals,1475 NW 12TH AVE,MIAMI,FL,33136,MIAMI-DADE,PCH_5_ELIGCASES,Catheter-Associated Urinary Tract Infections (CAUTI): Predicted Cases,0.154,13,04/01/2021,03/31/2022
100079,UNIV OF MIAMI HOSPITAL AND CLINICS-SYLVESTER COMPR,Acute Care Hospitals,1475 NW 12TH AVE,MIAMI,FL,33136,MIAMI-DADE,PCH_5_NUMERATOR,Catheter-Associated Urinary Tract Infections (CAUTI): Actual Infections,0,13,04/01/2021,03/31/2022
100079,UNIV OF MIAMI HOSPITAL AND CLINICS-SYLVESTER COMPR,Acute Care Hospitals,1475 NW 12TH AVE,MIAMI,FL,33136,MIAMI-DADE,PCH_5_SIR,Catheter-Associated Urinary Tract Infections (CAUTI): SIR,Not Available,13,04/01/2021,03/31/2022
100079,UNIV OF MIAMI HOSPITAL AND CLINICS-SYLVESTER COMPR,Acute Care Hospitals,1475 NW 12TH AVE,MIAMI,FL,33136,MIAMI-DADE,PCH_6_DOPC,SSI - Colon Surgery: Number of Procedures,Not Available,12,04/01/2021,03/31/2022
100079,UNIV OF MIAMI HOSPITAL AND CLINICS-SYLVESTER COMPR,Acute Care Hospitals,1475 NW 12TH AVE,MIAMI,FL,33136,MIAMI-DADE,PCH_6_ELIGCASES,SSI - Colon Surgery: Predicted Cases,Not Available,12,04/01/2021,03/31/2022
100079,UNIV OF MIAMI HOSPITAL AND CLINICS-SYLVESTER COMPR,Acute Care Hospitals,1475 NW 12TH AVE,MIAMI,FL,33136,MIAMI-DADE,PCH_6_NUMERATOR,SSI - Colon Surgery: Actual Infections,Not Available,12,04/01/2021,03/31/2022
100079,UNIV OF MIAMI HOSPITAL AND CLINICS-SYLVESTER COMPR,Acute Care Hospitals,1475 NW 12TH AVE,MIAMI,FL,33136,MIAMI-DADE,PCH_6_SIR,SSI - Colon Surgery: SIR,Not Available,12,04/01/2021,03/31/2022
100079,UNIV OF MIAMI HOSPITAL AND CLINICS-SYLVESTER COMPR,Acute Care Hospitals,1475 NW 12TH AVE,MIAMI,FL,33136,MIAMI-DADE,PCH_7_DOPC,SSI - Abdominal Hysterectomy: Number of Procedures,1,13,04/01/2021,03/31/2022
100079,UNIV OF MIAMI HOSPITAL AND CLINICS-SYLVESTER COMPR,Acute Care Hospitals,1475 NW 12TH AVE,MIAMI,FL,33136,MIAMI-DADE,PCH_7_ELIGCASES,SSI - Abdominal Hysterectomy: Predicted Cases,0.011,13,04/01/2021,03/31/2022
100079,UNIV OF MIAMI HOSPITAL AND CLINICS-SYLVESTER COMPR,Acute Care Hospitals,1475 NW 12TH AVE,MIAMI,FL,33136,MIAMI-DADE,PCH_7_NUMERATOR,SSI - Abdominal Hysterectomy: Actual Infections,0,13,04/01/2021,03/31/2022
100079,UNIV OF MIAMI HOSPITAL AND CLINICS-SYLVESTER COMPR,Acute Care Hospitals,1475 NW 12TH AVE,MIAMI,FL,33136,MIAMI-DADE,PCH_7_SIR,SSI - Abdominal Hysterectomy: SIR,Not Available,13,04/01/2021,03/31/2022
100271,H LEE MOFFITT CANCER CENTER & RESEARCH INSTITUTE I,Acute Care Hospitals,12902 MAGNOLIA DR,TAMPA,FL,33612,HILLSBOROUGH,PCH_26_DOPC,Clostridium Difficile (C.Diff): Patient Days,66845,,04/01/2021,03/31/2022
100271,H LEE MOFFITT CANCER CENTER & RESEARCH INSTITUTE I,Acute Care Hospitals,12902 MAGNOLIA DR,TAMPA,FL,33612,HILLSBOROUGH,PCH_26_ELIGCASES,Clostridium Difficile (C.Diff): Predicted Cases,67.609,,04/01/2021,03/31/2022
100271,H LEE MOFFITT CANCER CENTER & RESEARCH INSTITUTE I,Acute Care Hospitals,12902 MAGNOLIA DR,TAMPA,FL,33612,HILLSBOROUGH,PCH_26_NUMERATOR,Clostridium Difficile (C.Diff): Actual Infections,29,,04/01/2021,03/31/2022
100271,H LEE MOFFITT CANCER CENTER & RESEARCH INSTITUTE I,Acute Care Hospitals,12902 MAGNOLIA DR,TAMPA,FL,33612,HILLSBOROUGH,PCH_26_SIR,Clostridium Difficile (C.Diff): SIR,0.429,,04/01/2021,03/31/2022
100271,H LEE MOFFITT CANCER CENTER & RESEARCH INSTITUTE I,Acute Care Hospitals,12902 MAGNOLIA DR,TAMPA,FL,33612,HILLSBOROUGH,PCH_27_DOPC,MRSA Bacteremia: Patient Days,66845,,04/01/2021,03/31/2022
100271,H LEE MOFFITT CANCER CENTER & RESEARCH INSTITUTE I,Acute Care Hospitals,12902 MAGNOLIA DR,TAMPA,FL,33612,HILLSBOROUGH,PCH_27_ELIGCASES,MRSA Bacteremia: Predicted Cases,10.444,,04/01/2021,03/31/2022
100271,H LEE MOFFITT CANCER CENTER & RESEARCH INSTITUTE I,Acute Care Hospitals,12902 MAGNOLIA DR,TAMPA,FL,33612,HILLSBOROUGH,PCH_27_NUMERATOR,MRSA Bacteremia: Actual Infections,15,,04/01/2021,03/31/2022
100271,H LEE MOFFITT CANCER CENTER & RESEARCH INSTITUTE I,Acute Care Hospitals,12902 MAGNOLIA DR,TAMPA,FL,33612,HILLSBOROUGH,PCH_27_SIR,MRSA Bacteremia: SIR,1.436,,04/01/2021,03/31/2022
100271,H LEE MOFFITT CANCER CENTER & RESEARCH INSTITUTE I,Acute Care Hospitals,12902 MAGNOLIA DR,TAMPA,FL,33612,HILLSBOROUGH,PCH_28_FAC_ADHPCT,Influenza Vaccination Coverage among Healthcare Personnel: Adherence Rate,84,,10/01/2021,03/31/2022
100271,H LEE MOFFITT CANCER CENTER & RESEARCH INSTITUTE I,Acute Care Hospitals,12902 MAGNOLIA DR,TAMPA,FL,33612,HILLSBOROUGH,PCH_28_FAC_DEN,Influenza Vaccination Coverage among Healthcare Personnel: Denominator,8455,,10/01/2021,03/31/2022
100271,H LEE MOFFITT CANCER CENTER & RESEARCH INSTITUTE I,Acute Care Hospitals,12902 MAGNOLIA DR,TAMPA,FL,33612,HILLSBOROUGH,PCH_38_FAC_ADHPCT,Percentage of healthcare personnel who completed COVID-19 primary vaccination series: Adherence Rate,87.5,,01/01/2022,03/31/2022
100271,H LEE MOFFITT CANCER CENTER & RESEARCH INSTITUTE I,Acute Care Hospitals,12902 MAGNOLIA DR,TAMPA,FL,33612,HILLSBOROUGH,PCH_38_FAC_DEN,Percentage of healthcare personnel who completed COVID-19 primary vaccination series: Denominator,8844,,01/01/2022,03/31/2022
100271,H LEE MOFFITT CANCER CENTER & RESEARCH INSTITUTE I,Acute Care Hospitals,12902 MAGNOLIA DR,TAMPA,FL,33612,HILLSBOROUGH,PCH_4_DOPC,Central Line-Associated Bloodstream Infection (CLABSI): Number of Procedures,43707,,04/01/2021,03/31/2022
100271,H LEE MOFFITT CANCER CENTER & RESEARCH INSTITUTE I,Acute Care Hospitals,12902 MAGNOLIA DR,TAMPA,FL,33612,HILLSBOROUGH,PCH_4_ELIGCASES,Central Line-Associated Bloodstream Infection (CLABSI): Predicted Cases,48.637,,04/01/2021,03/31/2022
100271,H LEE MOFFITT CANCER CENTER & RESEARCH INSTITUTE I,Acute Care Hospitals,12902 MAGNOLIA DR,TAMPA,FL,33612,HILLSBOROUGH,PCH_4_NUMERATOR,Central Line-Associated Bloodstream Infection (CLABSI): Actual Infections,62,,04/01/2021,03/31/2022
100271,H LEE MOFFITT CANCER CENTER & RESEARCH INSTITUTE I,Acute Care Hospitals,12902 MAGNOLIA DR,TAMPA,FL,33612,HILLSBOROUGH,PCH_4_SIR,Central Line-Associated Bloodstream Infection (CLABSI): SIR,1.275,,04/01/2021,03/31/2022
100271,H LEE MOFFITT CANCER CENTER & RESEARCH INSTITUTE I,Acute Care Hospitals,12902 MAGNOLIA DR,TAMPA,FL,33612,HILLSBOROUGH,PCH_5_DOPC,Catheter-Associated Urinary Tract Infections (CAUTI): Number of Procedures,10376,,04/01/2021,03/31/2022
100271,H LEE MOFFITT CANCER CENTER & RESEARCH INSTITUTE I,Acute Care Hospitals,12902 MAGNOLIA DR,TAMPA,FL,33612,HILLSBOROUGH,PCH_5_ELIGCASES,Catheter-Associated Urinary Tract Infections (CAUTI): Predicted Cases,12.418,,04/01/2021,03/31/2022
100271,H LEE MOFFITT CANCER CENTER & RESEARCH INSTITUTE I,Acute Care Hospitals,12902 MAGNOLIA DR,TAMPA,FL,33612,HILLSBOROUGH,PCH_5_NUMERATOR,Catheter-Associated Urinary Tract Infections (CAUTI): Actual Infections,16,,04/01/2021,03/31/2022
100271,H LEE MOFFITT CANCER CENTER & RESEARCH INSTITUTE I,Acute Care Hospitals,12902 MAGNOLIA DR,TAMPA,FL,33612,HILLSBOROUGH,PCH_5_SIR,Catheter-Associated Urinary Tract Infections (CAUTI): SIR,1.288,,04/01/2021,03/31/2022
100271,H LEE MOFFITT CANCER CENTER & RESEARCH INSTITUTE I,Acute Care Hospitals,12902 MAGNOLIA DR,TAMPA,FL,33612,HILLSBOROUGH,PCH_6_DOPC,SSI - Colon Surgery: Number of Procedures,416,,04/01/2021,03/31/2022
100271,H LEE MOFFITT CANCER CENTER & RESEARCH INSTITUTE I,Acute Care Hospitals,12902 MAGNOLIA DR,TAMPA,FL,33612,HILLSBOROUGH,PCH_6_ELIGCASES,SSI - Colon Surgery: Predicted Cases,17.783,,04/01/2021,03/31/2022
100271,H LEE MOFFITT CANCER CENTER & RESEARCH INSTITUTE I,Acute Care Hospitals,12902 MAGNOLIA DR,TAMPA,FL,33612,HILLSBOROUGH,PCH_6_NUMERATOR,SSI - Colon Surgery: Actual Infections,17,,04/01/2021,03/31/2022
100271,H LEE MOFFITT CANCER CENTER & RESEARCH INSTITUTE I,Acute Care Hospitals,12902 MAGNOLIA DR,TAMPA,FL,33612,HILLSBOROUGH,PCH_6_SIR,SSI - Colon Surgery: SIR,0.956,,04/01/2021,03/31/2022
100271,H LEE MOFFITT CANCER CENTER & RESEARCH INSTITUTE I,Acute Care Hospitals,12902 MAGNOLIA DR,TAMPA,FL,33612,HILLSBOROUGH,PCH_7_DOPC,SSI - Abdominal Hysterectomy: Number of Procedures,211,,04/01/2021,03/31/2022
100271,H LEE MOFFITT CANCER CENTER & RESEARCH INSTITUTE I,Acute Care Hospitals,12902 MAGNOLIA DR,TAMPA,FL,33612,HILLSBOROUGH,PCH_7_ELIGCASES,SSI - Abdominal Hysterectomy: Predicted Cases,2.530,,04/01/2021,03/31/2022
100271,H LEE MOFFITT CANCER CENTER & RESEARCH INSTITUTE I,Acute Care Hospitals,12902 MAGNOLIA DR,TAMPA,FL,33612,HILLSBOROUGH,PCH_7_NUMERATOR,SSI - Abdominal Hysterectomy: Actual Infections,0,,04/01/2021,03/31/2022
100271,H LEE MOFFITT CANCER CENTER & RESEARCH INSTITUTE I,Acute Care Hospitals,12902 MAGNOLIA DR,TAMPA,FL,33612,HILLSBOROUGH,PCH_7_SIR,SSI - Abdominal Hysterectomy: SIR,0.000,,04/01/2021,03/31/2022
220162,DANA-FARBER CANCER INSTITUTE,Acute Care Hospitals,450 BROOKLINE AVENUE,BOSTON,MA,02115,SUFFOLK,PCH_26_DOPC,Clostridium Difficile (C.Diff): Patient Days,10056,,04/01/2021,03/31/2022
220162,DANA-FARBER CANCER INSTITUTE,Acute Care Hospitals,450 BROOKLINE AVENUE,BOSTON,MA,02115,SUFFOLK,PCH_26_ELIGCASES,Clostridium Difficile (C.Diff): Predicted Cases,9.282,,04/01/2021,03/31/2022
220162,DANA-FARBER CANCER INSTITUTE,Acute Care Hospitals,450 BROOKLINE AVENUE,BOSTON,MA,02115,SUFFOLK,PCH_26_NUMERATOR,Clostridium Difficile (C.Diff): Actual Infections,10,,04/01/2021,03/31/2022
220162,DANA-FARBER CANCER INSTITUTE,Acute Care Hospitals,450 BROOKLINE AVENUE,BOSTON,MA,02115,SUFFOLK,PCH_26_SIR,Clostridium Difficile (C.Diff): SIR,1.077,,04/01/2021,03/31/2022
220162,DANA-FARBER CANCER INSTITUTE,Acute Care Hospitals,450 BROOKLINE AVENUE,BOSTON,MA,02115,SUFFOLK,PCH_27_DOPC,MRSA Bacteremia: Patient Days,10056,13,04/01/2021,03/31/2022
220162,DANA-FARBER CANCER INSTITUTE,Acute Care Hospitals,450 BROOKLINE AVENUE,BOSTON,MA,02115,SUFFOLK,PCH_27_ELIGCASES,MRSA Bacteremia: Predicted Cases,0.649,13,04/01/2021,03/31/2022
220162,DANA-FARBER CANCER INSTITUTE,Acute Care Hospitals,450 BROOKLINE AVENUE,BOSTON,MA,02115,SUFFOLK,PCH_27_NUMERATOR,MRSA Bacteremia: Actual Infections,0,13,04/01/2021,03/31/2022
220162,DANA-FARBER CANCER INSTITUTE,Acute Care Hospitals,450 BROOKLINE AVENUE,BOSTON,MA,02115,SUFFOLK,PCH_27_SIR,MRSA Bacteremia: SIR,Not Available,13,04/01/2021,03/31/2022
220162,DANA-FARBER CANCER INSTITUTE,Acute Care Hospitals,450 BROOKLINE AVENUE,BOSTON,MA,02115,SUFFOLK,PCH_28_FAC_ADHPCT,Influenza Vaccination Coverage among Healthcare Personnel: Adherence Rate,98,,10/01/2021,03/31/2022
220162,DANA-FARBER CANCER INSTITUTE,Acute Care Hospitals,450 BROOKLINE AVENUE,BOSTON,MA,02115,SUFFOLK,PCH_28_FAC_DEN,Influenza Vaccination Coverage among Healthcare Personnel: Denominator,8751,,10/01/2021,03/31/2022
220162,DANA-FARBER CANCER INSTITUTE,Acute Care Hospitals,450 BROOKLINE AVENUE,BOSTON,MA,02115,SUFFOLK,PCH_38_FAC_ADHPCT,Percentage of healthcare personnel who completed COVID-19 primary vaccination series: Adherence Rate,99.7,,01/01/2022,03/31/2022
220162,DANA-FARBER CANCER INSTITUTE,Acute Care Hospitals,450 BROOKLINE AVENUE,BOSTON,MA,02115,SUFFOLK,PCH_38_FAC_DEN,Percentage of healthcare personnel who completed COVID-19 primary vaccination series: Denominator,7522,,01/01/2022,03/31/2022
220162,DANA-FARBER CANCER INSTITUTE,Acute Care Hospitals,450 BROOKLINE AVENUE,BOSTON,MA,02115,SUFFOLK,PCH_4_DOPC,Central Line-Associated Bloodstream Infection (CLABSI): Number of Procedures,6268,,04/01/2021,03/31/2022
220162,DANA-FARBER CANCER INSTITUTE,Acute Care Hospitals,450 BROOKLINE AVENUE,BOSTON,MA,02115,SUFFOLK,PCH_4_ELIGCASES,Central Line-Associated Bloodstream Infection (CLABSI): Predicted Cases,5.716,,04/01/2021,03/31/2022
220162,DANA-FARBER CANCER INSTITUTE,Acute Care Hospitals,450 BROOKLINE AVENUE,BOSTON,MA,02115,SUFFOLK,PCH_4_NUMERATOR,Central Line-Associated Bloodstream Infection (CLABSI): Actual Infections,5,,04/01/2021,03/31/2022
220162,DANA-FARBER CANCER INSTITUTE,Acute Care Hospitals,450 BROOKLINE AVENUE,BOSTON,MA,02115,SUFFOLK,PCH_4_SIR,Central Line-Associated Bloodstream Infection (CLABSI): SIR,0.875,,04/01/2021,03/31/2022
220162,DANA-FARBER CANCER INSTITUTE,Acute Care Hospitals,450 BROOKLINE AVENUE,BOSTON,MA,02115,SUFFOLK,PCH_5_DOPC,Catheter-Associated Urinary Tract Infections (CAUTI): Number of Procedures,1027,,04/01/2021,03/31/2022
220162,DANA-FARBER CANCER INSTITUTE,Acute Care Hospitals,450 BROOKLINE AVENUE,BOSTON,MA,02115,SUFFOLK,PCH_5_ELIGCASES,Catheter-Associated Urinary Tract Infections (CAUTI): Predicted Cases,1.048,,04/01/2021,03/31/2022
220162,DANA-FARBER CANCER INSTITUTE,Acute Care Hospitals,450 BROOKLINE AVENUE,BOSTON,MA,02115,SUFFOLK,PCH_5_NUMERATOR,Catheter-Associated Urinary Tract Infections (CAUTI): Actual Infections,2,,04/01/2021,03/31/2022
220162,DANA-FARBER CANCER INSTITUTE,Acute Care Hospitals,450 BROOKLINE AVENUE,BOSTON,MA,02115,SUFFOLK,PCH_5_SIR,Catheter-Associated Urinary Tract Infections (CAUTI): SIR,1.908,,04/01/2021,03/31/2022
220162,DANA-FARBER CANCER INSTITUTE,Acute Care Hospitals,450 BROOKLINE AVENUE,BOSTON,MA,02115,SUFFOLK,PCH_6_DOPC,SSI - Colon Surgery: Number of Procedures,Not Available,12,04/01/2021,03/31/2022
220162,DANA-FARBER CANCER INSTITUTE,Acute Care Hospitals,450 BROOKLINE AVENUE,BOSTON,MA,02115,SUFFOLK,PCH_6_ELIGCASES,SSI - Colon Surgery: Predicted Cases,Not Available,12,04/01/2021,03/31/2022
220162,DANA-FARBER CANCER INSTITUTE,Acute Care Hospitals,450 BROOKLINE AVENUE,BOSTON,MA,02115,SUFFOLK,PCH_6_NUMERATOR,SSI - Colon Surgery: Actual Infections,Not Available,12,04/01/2021,03/31/2022
220162,DANA-FARBER CANCER INSTITUTE,Acute Care Hospitals,450 BROOKLINE AVENUE,BOSTON,MA,02115,SUFFOLK,PCH_6_SIR,SSI - Colon Surgery: SIR,Not Available,12,04/01/2021,03/31/2022
220162,DANA-FARBER CANCER INSTITUTE,Acute Care Hospitals,450 BROOKLINE AVENUE,BOSTON,MA,02115,SUFFOLK,PCH_7_DOPC,SSI - Abdominal Hysterectomy: Number of Procedures,Not Available,12,04/01/2021,03/31/2022
220162,DANA-FARBER CANCER INSTITUTE,Acute Care Hospitals,450 BROOKLINE AVENUE,BOSTON,MA,02115,SUFFOLK,PCH_7_ELIGCASES,SSI - Abdominal Hysterectomy: Predicted Cases,Not Available,12,04/01/2021,03/31/2022
220162,DANA-FARBER CANCER INSTITUTE,Acute Care Hospitals,450 BROOKLINE AVENUE,BOSTON,MA,02115,SUFFOLK,PCH_7_NUMERATOR,SSI - Abdominal Hysterectomy: Actual Infections,Not Available,12,04/01/2021,03/31/2022
220162,DANA-FARBER CANCER INSTITUTE,Acute Care Hospitals,450 BROOKLINE AVENUE,BOSTON,MA,02115,SUFFOLK,PCH_7_SIR,SSI - Abdominal Hysterectomy: SIR,Not Available,12,04/01/2021,03/31/2022
330154,MEMORIAL HOSPITAL FOR CANCER AND ALLIED DISEASES,Acute Care Hospitals,1275 YORK AVENUE,NEW YORK,NY,10021,NEW YORK,PCH_26_DOPC,Clostridium Difficile (C.Diff): Patient Days,164148,,04/01/2021,03/31/2022
330154,MEMORIAL HOSPITAL FOR CANCER AND ALLIED DISEASES,Acute Care Hospitals,1275 YORK AVENUE,NEW YORK,NY,10021,NEW YORK,PCH_26_ELIGCASES,Clostridium Difficile (C.Diff): Predicted Cases,326.663,,04/01/2021,03/31/2022
330154,MEMORIAL HOSPITAL FOR CANCER AND ALLIED DISEASES,Acute Care Hospitals,1275 YORK AVENUE,NEW YORK,NY,10021,NEW YORK,PCH_26_NUMERATOR,Clostridium Difficile (C.Diff): Actual Infections,218,,04/01/2021,03/31/2022
330154,MEMORIAL HOSPITAL FOR CANCER AND ALLIED DISEASES,Acute Care Hospitals,1275 YORK AVENUE,NEW YORK,NY,10021,NEW YORK,PCH_26_SIR,Clostridium Difficile (C.Diff): SIR,0.667,,04/01/2021,03/31/2022
330154,MEMORIAL HOSPITAL FOR CANCER AND ALLIED DISEASES,Acute Care Hospitals,1275 YORK AVENUE,NEW YORK,NY,10021,NEW YORK,PCH_27_DOPC,MRSA Bacteremia: Patient Days,164148,,04/01/2021,03/31/2022
330154,MEMORIAL HOSPITAL FOR CANCER AND ALLIED DISEASES,Acute Care Hospitals,1275 YORK AVENUE,NEW YORK,NY,10021,NEW YORK,PCH_27_ELIGCASES,MRSA Bacteremia: Predicted Cases,20.468,,04/01/2021,03/31/2022
330154,MEMORIAL HOSPITAL FOR CANCER AND ALLIED DISEASES,Acute Care Hospitals,1275 YORK AVENUE,NEW YORK,NY,10021,NEW YORK,PCH_27_NUMERATOR,MRSA Bacteremia: Actual Infections,11,,04/01/2021,03/31/2022
330154,MEMORIAL HOSPITAL FOR CANCER AND ALLIED DISEASES,Acute Care Hospitals,1275 YORK AVENUE,NEW YORK,NY,10021,NEW YORK,PCH_27_SIR,MRSA Bacteremia: SIR,0.537,,04/01/2021,03/31/2022
330154,MEMORIAL HOSPITAL FOR CANCER AND ALLIED DISEASES,Acute Care Hospitals,1275 YORK AVENUE,NEW YORK,NY,10021,NEW YORK,PCH_28_FAC_ADHPCT,Influenza Vaccination Coverage among Healthcare Personnel: Adherence Rate,83,,10/01/2021,03/31/2022
330154,MEMORIAL HOSPITAL FOR CANCER AND ALLIED DISEASES,Acute Care Hospitals,1275 YORK AVENUE,NEW YORK,NY,10021,NEW YORK,PCH_28_FAC_DEN,Influenza Vaccination Coverage among Healthcare Personnel: Denominator,15526,,10/01/2021,03/31/2022
330154,MEMORIAL HOSPITAL FOR CANCER AND ALLIED DISEASES,Acute Care Hospitals,1275 YORK AVENUE,NEW YORK,NY,10021,NEW YORK,PCH_38_FAC_ADHPCT,Percentage of healthcare personnel who completed COVID-19 primary vaccination series: Adherence Rate,100,,01/01/2022,03/31/2022
330154,MEMORIAL HOSPITAL FOR CANCER AND ALLIED DISEASES,Acute Care Hospitals,1275 YORK AVENUE,NEW YORK,NY,10021,NEW YORK,PCH_38_FAC_DEN,Percentage of healthcare personnel who completed COVID-19 primary vaccination series: Denominator,22698,,01/01/2022,03/31/2022
330154,MEMORIAL HOSPITAL FOR CANCER AND ALLIED DISEASES,Acute Care Hospitals,1275 YORK AVENUE,NEW YORK,NY,10021,NEW YORK,PCH_4_DOPC,Central Line-Associated Bloodstream Infection (CLABSI): Number of Procedures,86998,,04/01/2021,03/31/2022
330154,MEMORIAL HOSPITAL FOR CANCER AND ALLIED DISEASES,Acute Care Hospitals,1275 YORK AVENUE,NEW YORK,NY,10021,NEW YORK,PCH_4_ELIGCASES,Central Line-Associated Bloodstream Infection (CLABSI): Predicted Cases,107.658,,04/01/2021,03/31/2022
330154,MEMORIAL HOSPITAL FOR CANCER AND ALLIED DISEASES,Acute Care Hospitals,1275 YORK AVENUE,NEW YORK,NY,10021,NEW YORK,PCH_4_NUMERATOR,Central Line-Associated Bloodstream Infection (CLABSI): Actual Infections,120,,04/01/2021,03/31/2022
330154,MEMORIAL HOSPITAL FOR CANCER AND ALLIED DISEASES,Acute Care Hospitals,1275 YORK AVENUE,NEW YORK,NY,10021,NEW YORK,PCH_4_SIR,Central Line-Associated Bloodstream Infection (CLABSI): SIR,1.115,,04/01/2021,03/31/2022
330154,MEMORIAL HOSPITAL FOR CANCER AND ALLIED DISEASES,Acute Care Hospitals,1275 YORK AVENUE,NEW YORK,NY,10021,NEW YORK,PCH_5_DOPC,Catheter-Associated Urinary Tract Infections (CAUTI): Number of Procedures,25095,,04/01/2021,03/31/2022
330154,MEMORIAL HOSPITAL FOR CANCER AND ALLIED DISEASES,Acute Care Hospitals,1275 YORK AVENUE,NEW YORK,NY,10021,NEW YORK,PCH_5_ELIGCASES,Catheter-Associated Urinary Tract Infections (CAUTI): Predicted Cases,29.712,,04/01/2021,03/31/2022
330154,MEMORIAL HOSPITAL FOR CANCER AND ALLIED DISEASES,Acute Care Hospitals,1275 YORK AVENUE,NEW YORK,NY,10021,NEW YORK,PCH_5_NUMERATOR,Catheter-Associated Urinary Tract Infections (CAUTI): Actual Infections,40,,04/01/2021,03/31/2022
330154,MEMORIAL HOSPITAL FOR CANCER AND ALLIED DISEASES,Acute Care Hospitals,1275 YORK AVENUE,NEW YORK,NY,10021,NEW YORK,PCH_5_SIR,Catheter-Associated Urinary Tract Infections (CAUTI): SIR,1.346,,04/01/2021,03/31/2022
330154,MEMORIAL HOSPITAL FOR CANCER AND ALLIED DISEASES,Acute Care Hospitals,1275 YORK AVENUE,NEW YORK,NY,10021,NEW YORK,PCH_6_DOPC,SSI - Colon Surgery: Number of Procedures,1192,,04/01/2021,03/31/2022
330154,MEMORIAL HOSPITAL FOR CANCER AND ALLIED DISEASES,Acute Care Hospitals,1275 YORK AVENUE,NEW YORK,NY,10021,NEW YORK,PCH_6_ELIGCASES,SSI - Colon Surgery: Predicted Cases,56.073,,04/01/2021,03/31/2022
330154,MEMORIAL HOSPITAL FOR CANCER AND ALLIED DISEASES,Acute Care Hospitals,1275 YORK AVENUE,NEW YORK,NY,10021,NEW YORK,PCH_6_NUMERATOR,SSI - Colon Surgery: Actual Infections,53,,04/01/2021,03/31/2022
330154,MEMORIAL HOSPITAL FOR CANCER AND ALLIED DISEASES,Acute Care Hospitals,1275 YORK AVENUE,NEW YORK,NY,10021,NEW YORK,PCH_6_SIR,SSI - Colon Surgery: SIR,0.945,,04/01/2021,03/31/2022
330154,MEMORIAL HOSPITAL FOR CANCER AND ALLIED DISEASES,Acute Care Hospitals,1275 YORK AVENUE,NEW YORK,NY,10021,NEW YORK,PCH_7_DOPC,SSI - Abdominal Hysterectomy: Number of Procedures,930,,04/01/2021,03/31/2022
330154,MEMORIAL HOSPITAL FOR CANCER AND ALLIED DISEASES,Acute Care Hospitals,1275 YORK AVENUE,NEW YORK,NY,10021,NEW YORK,PCH_7_ELIGCASES,SSI - Abdominal Hysterectomy: Predicted Cases,12.723,,04/01/2021,03/31/2022
330154,MEMORIAL HOSPITAL FOR CANCER AND ALLIED DISEASES,Acute Care Hospitals,1275 YORK AVENUE,NEW YORK,NY,10021,NEW YORK,PCH_7_NUMERATOR,SSI - Abdominal Hysterectomy: Actual Infections,11,,04/01/2021,03/31/2022
330154,MEMORIAL HOSPITAL FOR CANCER AND ALLIED DISEASES,Acute Care Hospitals,1275 YORK AVENUE,NEW YORK,NY,10021,NEW YORK,PCH_7_SIR,SSI - Abdominal Hysterectomy: SIR,0.865,,04/01/2021,03/31/2022
330354,ROSWELL PARK CANCER INSTITUTE,Acute Care Hospitals,ELM AND CARLTON STREETS,BUFFALO,NY,14203,ERIE,PCH_26_DOPC,Clostridium Difficile (C.Diff): Patient Days,43845,,04/01/2021,03/31/2022
330354,ROSWELL PARK CANCER INSTITUTE,Acute Care Hospitals,ELM AND CARLTON STREETS,BUFFALO,NY,14203,ERIE,PCH_26_ELIGCASES,Clostridium Difficile (C.Diff): Predicted Cases,81.766,,04/01/2021,03/31/2022
330354,ROSWELL PARK CANCER INSTITUTE,Acute Care Hospitals,ELM AND CARLTON STREETS,BUFFALO,NY,14203,ERIE,PCH_26_NUMERATOR,Clostridium Difficile (C.Diff): Actual Infections,56,,04/01/2021,03/31/2022
330354,ROSWELL PARK CANCER INSTITUTE,Acute Care Hospitals,ELM AND CARLTON STREETS,BUFFALO,NY,14203,ERIE,PCH_26_SIR,Clostridium Difficile (C.Diff): SIR,0.685,,04/01/2021,03/31/2022
330354,ROSWELL PARK CANCER INSTITUTE,Acute Care Hospitals,ELM AND CARLTON STREETS,BUFFALO,NY,14203,ERIE,PCH_27_DOPC,MRSA Bacteremia: Patient Days,43845,,04/01/2021,03/31/2022
330354,ROSWELL PARK CANCER INSTITUTE,Acute Care Hospitals,ELM AND CARLTON STREETS,BUFFALO,NY,14203,ERIE,PCH_27_ELIGCASES,MRSA Bacteremia: Predicted Cases,4.398,,04/01/2021,03/31/2022
330354,ROSWELL PARK CANCER INSTITUTE,Acute Care Hospitals,ELM AND CARLTON STREETS,BUFFALO,NY,14203,ERIE,PCH_27_NUMERATOR,MRSA Bacteremia: Actual Infections,1,,04/01/2021,03/31/2022
330354,ROSWELL PARK CANCER INSTITUTE,Acute Care Hospitals,ELM AND CARLTON STREETS,BUFFALO,NY,14203,ERIE,PCH_27_SIR,MRSA Bacteremia: SIR,0.227,,04/01/2021,03/31/2022
330354,ROSWELL PARK CANCER INSTITUTE,Acute Care Hospitals,ELM AND CARLTON STREETS,BUFFALO,NY,14203,ERIE,PCH_28_FAC_ADHPCT,Influenza Vaccination Coverage among Healthcare Personnel: Adherence Rate,58,,10/01/2021,03/31/2022
330354,ROSWELL PARK CANCER INSTITUTE,Acute Care Hospitals,ELM AND CARLTON STREETS,BUFFALO,NY,14203,ERIE,PCH_28_FAC_DEN,Influenza Vaccination Coverage among Healthcare Personnel: Denominator,5086,,10/01/2021,03/31/2022
330354,ROSWELL PARK CANCER INSTITUTE,Acute Care Hospitals,ELM AND CARLTON STREETS,BUFFALO,NY,14203,ERIE,PCH_38_FAC_ADHPCT,Percentage of healthcare personnel who completed COVID-19 primary vaccination series: Adherence Rate,96,,01/01/2022,03/31/2022
330354,ROSWELL PARK CANCER INSTITUTE,Acute Care Hospitals,ELM AND CARLTON STREETS,BUFFALO,NY,14203,ERIE,PCH_38_FAC_DEN,Percentage of healthcare personnel who completed COVID-19 primary vaccination series: Denominator,4126,,01/01/2022,03/31/2022
330354,ROSWELL PARK CANCER INSTITUTE,Acute Care Hospitals,ELM AND CARLTON STREETS,BUFFALO,NY,14203,ERIE,PCH_4_DOPC,Central Line-Associated Bloodstream Infection (CLABSI): Number of Procedures,30130,,04/01/2021,03/31/2022
330354,ROSWELL PARK CANCER INSTITUTE,Acute Care Hospitals,ELM AND CARLTON STREETS,BUFFALO,NY,14203,ERIE,PCH_4_ELIGCASES,Central Line-Associated Bloodstream Infection (CLABSI): Predicted Cases,32.328,,04/01/2021,03/31/2022
330354,ROSWELL PARK CANCER INSTITUTE,Acute Care Hospitals,ELM AND CARLTON STREETS,BUFFALO,NY,14203,ERIE,PCH_4_NUMERATOR,Central Line-Associated Bloodstream Infection (CLABSI): Actual Infections,34,,04/01/2021,03/31/2022
330354,ROSWELL PARK CANCER INSTITUTE,Acute Care Hospitals,ELM AND CARLTON STREETS,BUFFALO,NY,14203,ERIE,PCH_4_SIR,Central Line-Associated Bloodstream Infection (CLABSI): SIR,1.052,,04/01/2021,03/31/2022
330354,ROSWELL PARK CANCER INSTITUTE,Acute Care Hospitals,ELM AND CARLTON STREETS,BUFFALO,NY,14203,ERIE,PCH_5_DOPC,Catheter-Associated Urinary Tract Infections (CAUTI): Number of Procedures,11059,,04/01/2021,03/31/2022
330354,ROSWELL PARK CANCER INSTITUTE,Acute Care Hospitals,ELM AND CARLTON STREETS,BUFFALO,NY,14203,ERIE,PCH_5_ELIGCASES,Catheter-Associated Urinary Tract Infections (CAUTI): Predicted Cases,11.696,,04/01/2021,03/31/2022
330354,ROSWELL PARK CANCER INSTITUTE,Acute Care Hospitals,ELM AND CARLTON STREETS,BUFFALO,NY,14203,ERIE,PCH_5_NUMERATOR,Catheter-Associated Urinary Tract Infections (CAUTI): Actual Infections,14,,04/01/2021,03/31/2022
330354,ROSWELL PARK CANCER INSTITUTE,Acute Care Hospitals,ELM AND CARLTON STREETS,BUFFALO,NY,14203,ERIE,PCH_5_SIR,Catheter-Associated Urinary Tract Infections (CAUTI): SIR,1.197,,04/01/2021,03/31/2022
330354,ROSWELL PARK CANCER INSTITUTE,Acute Care Hospitals,ELM AND CARLTON STREETS,BUFFALO,NY,14203,ERIE,PCH_6_DOPC,SSI - Colon Surgery: Number of Procedures,282,,04/01/2021,03/31/2022
330354,ROSWELL PARK CANCER INSTITUTE,Acute Care Hospitals,ELM AND CARLTON STREETS,BUFFALO,NY,14203,ERIE,PCH_6_ELIGCASES,SSI - Colon Surgery: Predicted Cases,12.317,,04/01/2021,03/31/2022
330354,ROSWELL PARK CANCER INSTITUTE,Acute Care Hospitals,ELM AND CARLTON STREETS,BUFFALO,NY,14203,ERIE,PCH_6_NUMERATOR,SSI - Colon Surgery: Actual Infections,9,,04/01/2021,03/31/2022
330354,ROSWELL PARK CANCER INSTITUTE,Acute Care Hospitals,ELM AND CARLTON STREETS,BUFFALO,NY,14203,ERIE,PCH_6_SIR,SSI - Colon Surgery: SIR,0.731,,04/01/2021,03/31/2022
330354,ROSWELL PARK CANCER INSTITUTE,Acute Care Hospitals,ELM AND CARLTON STREETS,BUFFALO,NY,14203,ERIE,PCH_7_DOPC,SSI - Abdominal Hysterectomy: Number of Procedures,288,,04/01/2021,03/31/2022
330354,ROSWELL PARK CANCER INSTITUTE,Acute Care Hospitals,ELM AND CARLTON STREETS,BUFFALO,NY,14203,ERIE,PCH_7_ELIGCASES,SSI - Abdominal Hysterectomy: Predicted Cases,4.126,,04/01/2021,03/31/2022
330354,ROSWELL PARK CANCER INSTITUTE,Acute Care Hospitals,ELM AND CARLTON STREETS,BUFFALO,NY,14203,ERIE,PCH_7_NUMERATOR,SSI - Abdominal Hysterectomy: Actual Infections,3,,04/01/2021,03/31/2022
330354,ROSWELL PARK CANCER INSTITUTE,Acute Care Hospitals,ELM AND CARLTON STREETS,BUFFALO,NY,14203,ERIE,PCH_7_SIR,SSI - Abdominal Hysterectomy: SIR,0.727,,04/01/2021,03/31/2022
360242,JAMES CANCER HOSPITAL & SOLOVE RESEARCH INSTITUTE,Acute Care Hospitals,460 WEST TENTH AVENUE,COLUMBUS,OH,43210,FRANKLIN,PCH_26_DOPC,Clostridium Difficile (C.Diff): Patient Days,109871,,04/01/2021,03/31/2022
360242,JAMES CANCER HOSPITAL & SOLOVE RESEARCH INSTITUTE,Acute Care Hospitals,460 WEST TENTH AVENUE,COLUMBUS,OH,43210,FRANKLIN,PCH_26_ELIGCASES,Clostridium Difficile (C.Diff): Predicted Cases,199.831,,04/01/2021,03/31/2022
360242,JAMES CANCER HOSPITAL & SOLOVE RESEARCH INSTITUTE,Acute Care Hospitals,460 WEST TENTH AVENUE,COLUMBUS,OH,43210,FRANKLIN,PCH_26_NUMERATOR,Clostridium Difficile (C.Diff): Actual Infections,99,,04/01/2021,03/31/2022
360242,JAMES CANCER HOSPITAL & SOLOVE RESEARCH INSTITUTE,Acute Care Hospitals,460 WEST TENTH AVENUE,COLUMBUS,OH,43210,FRANKLIN,PCH_26_SIR,Clostridium Difficile (C.Diff): SIR,0.495,,04/01/2021,03/31/2022
360242,JAMES CANCER HOSPITAL & SOLOVE RESEARCH INSTITUTE,Acute Care Hospitals,460 WEST TENTH AVENUE,COLUMBUS,OH,43210,FRANKLIN,PCH_27_DOPC,MRSA Bacteremia: Patient Days,109871,,04/01/2021,03/31/2022
360242,JAMES CANCER HOSPITAL & SOLOVE RESEARCH INSTITUTE,Acute Care Hospitals,460 WEST TENTH AVENUE,COLUMBUS,OH,43210,FRANKLIN,PCH_27_ELIGCASES,MRSA Bacteremia: Predicted Cases,17.019,,04/01/2021,03/31/2022
360242,JAMES CANCER HOSPITAL & SOLOVE RESEARCH INSTITUTE,Acute Care Hospitals,460 WEST TENTH AVENUE,COLUMBUS,OH,43210,FRANKLIN,PCH_27_NUMERATOR,MRSA Bacteremia: Actual Infections,12,,04/01/2021,03/31/2022
360242,JAMES CANCER HOSPITAL & SOLOVE RESEARCH INSTITUTE,Acute Care Hospitals,460 WEST TENTH AVENUE,COLUMBUS,OH,43210,FRANKLIN,PCH_27_SIR,MRSA Bacteremia: SIR,0.705,,04/01/2021,03/31/2022
360242,JAMES CANCER HOSPITAL & SOLOVE RESEARCH INSTITUTE,Acute Care Hospitals,460 WEST TENTH AVENUE,COLUMBUS,OH,43210,FRANKLIN,PCH_28_FAC_ADHPCT,Influenza Vaccination Coverage among Healthcare Personnel: Adherence Rate,93,,10/01/2021,03/31/2022
360242,JAMES CANCER HOSPITAL & SOLOVE RESEARCH INSTITUTE,Acute Care Hospitals,460 WEST TENTH AVENUE,COLUMBUS,OH,43210,FRANKLIN,PCH_28_FAC_DEN,Influenza Vaccination Coverage among Healthcare Personnel: Denominator,6065,,10/01/2021,03/31/2022
360242,JAMES CANCER HOSPITAL & SOLOVE RESEARCH INSTITUTE,Acute Care Hospitals,460 WEST TENTH AVENUE,COLUMBUS,OH,43210,FRANKLIN,PCH_38_FAC_ADHPCT,Percentage of healthcare personnel who completed COVID-19 primary vaccination series: Adherence Rate,90.5,,01/01/2022,03/31/2022
360242,JAMES CANCER HOSPITAL & SOLOVE RESEARCH INSTITUTE,Acute Care Hospitals,460 WEST TENTH AVENUE,COLUMBUS,OH,43210,FRANKLIN,PCH_38_FAC_DEN,Percentage of healthcare personnel who completed COVID-19 primary vaccination series: Denominator,7324,,01/01/2022,03/31/2022
360242,JAMES CANCER HOSPITAL & SOLOVE RESEARCH INSTITUTE,Acute Care Hospitals,460 WEST TENTH AVENUE,COLUMBUS,OH,43210,FRANKLIN,PCH_4_DOPC,Central Line-Associated Bloodstream Infection (CLABSI): Number of Procedures,52708,,04/01/2021,03/31/2022
360242,JAMES CANCER HOSPITAL & SOLOVE RESEARCH INSTITUTE,Acute Care Hospitals,460 WEST TENTH AVENUE,COLUMBUS,OH,43210,FRANKLIN,PCH_4_ELIGCASES,Central Line-Associated Bloodstream Infection (CLABSI): Predicted Cases,65.526,,04/01/2021,03/31/2022
360242,JAMES CANCER HOSPITAL & SOLOVE RESEARCH INSTITUTE,Acute Care Hospitals,460 WEST TENTH AVENUE,COLUMBUS,OH,43210,FRANKLIN,PCH_4_NUMERATOR,Central Line-Associated Bloodstream Infection (CLABSI): Actual Infections,52,,04/01/2021,03/31/2022
360242,JAMES CANCER HOSPITAL & SOLOVE RESEARCH INSTITUTE,Acute Care Hospitals,460 WEST TENTH AVENUE,COLUMBUS,OH,43210,FRANKLIN,PCH_4_SIR,Central Line-Associated Bloodstream Infection (CLABSI): SIR,0.794,,04/01/2021,03/31/2022
360242,JAMES CANCER HOSPITAL & SOLOVE RESEARCH INSTITUTE,Acute Care Hospitals,460 WEST TENTH AVENUE,COLUMBUS,OH,43210,FRANKLIN,PCH_5_DOPC,Catheter-Associated Urinary Tract Infections (CAUTI): Number of Procedures,21541,,04/01/2021,03/31/2022
360242,JAMES CANCER HOSPITAL & SOLOVE RESEARCH INSTITUTE,Acute Care Hospitals,460 WEST TENTH AVENUE,COLUMBUS,OH,43210,FRANKLIN,PCH_5_ELIGCASES,Catheter-Associated Urinary Tract Infections (CAUTI): Predicted Cases,26.376,,04/01/2021,03/31/2022
360242,JAMES CANCER HOSPITAL & SOLOVE RESEARCH INSTITUTE,Acute Care Hospitals,460 WEST TENTH AVENUE,COLUMBUS,OH,43210,FRANKLIN,PCH_5_NUMERATOR,Catheter-Associated Urinary Tract Infections (CAUTI): Actual Infections,14,,04/01/2021,03/31/2022
360242,JAMES CANCER HOSPITAL & SOLOVE RESEARCH INSTITUTE,Acute Care Hospitals,460 WEST TENTH AVENUE,COLUMBUS,OH,43210,FRANKLIN,PCH_5_SIR,Catheter-Associated Urinary Tract Infections (CAUTI): SIR,0.531,,04/01/2021,03/31/2022
360242,JAMES CANCER HOSPITAL & SOLOVE RESEARCH INSTITUTE,Acute Care Hospitals,460 WEST TENTH AVENUE,COLUMBUS,OH,43210,FRANKLIN,PCH_6_DOPC,SSI - Colon Surgery: Number of Procedures,429,,04/01/2021,03/31/2022
360242,JAMES CANCER HOSPITAL & SOLOVE RESEARCH INSTITUTE,Acute Care Hospitals,460 WEST TENTH AVENUE,COLUMBUS,OH,43210,FRANKLIN,PCH_6_ELIGCASES,SSI - Colon Surgery: Predicted Cases,20.512,,04/01/2021,03/31/2022
360242,JAMES CANCER HOSPITAL & SOLOVE RESEARCH INSTITUTE,Acute Care Hospitals,460 WEST TENTH AVENUE,COLUMBUS,OH,43210,FRANKLIN,PCH_6_NUMERATOR,SSI - Colon Surgery: Actual Infections,18,,04/01/2021,03/31/2022
360242,JAMES CANCER HOSPITAL & SOLOVE RESEARCH INSTITUTE,Acute Care Hospitals,460 WEST TENTH AVENUE,COLUMBUS,OH,43210,FRANKLIN,PCH_6_SIR,SSI - Colon Surgery: SIR,0.878,,04/01/2021,03/31/2022
360242,JAMES CANCER HOSPITAL & SOLOVE RESEARCH INSTITUTE,Acute Care Hospitals,460 WEST TENTH AVENUE,COLUMBUS,OH,43210,FRANKLIN,PCH_7_DOPC,SSI - Abdominal Hysterectomy: Number of Procedures,463,,04/01/2021,03/31/2022
360242,JAMES CANCER HOSPITAL & SOLOVE RESEARCH INSTITUTE,Acute Care Hospitals,460 WEST TENTH AVENUE,COLUMBUS,OH,43210,FRANKLIN,PCH_7_ELIGCASES,SSI - Abdominal Hysterectomy: Predicted Cases,6.913,,04/01/2021,03/31/2022
360242,JAMES CANCER HOSPITAL & SOLOVE RESEARCH INSTITUTE,Acute Care Hospitals,460 WEST TENTH AVENUE,COLUMBUS,OH,43210,FRANKLIN,PCH_7_NUMERATOR,SSI - Abdominal Hysterectomy: Actual Infections,10,,04/01/2021,03/31/2022
360242,JAMES CANCER HOSPITAL & SOLOVE RESEARCH INSTITUTE,Acute Care Hospitals,460 WEST TENTH AVENUE,COLUMBUS,OH,43210,FRANKLIN,PCH_7_SIR,SSI - Abdominal Hysterectomy: SIR,1.447,,04/01/2021,03/31/2022
390196,HOSPITAL OF THE FOX CHASE CANCER CENTER,Acute Care Hospitals,333 COTTMAN AVENUE,PHILADELPHIA,PA,19111,PHILADELPHIA,PCH_26_DOPC,Clostridium Difficile (C.Diff): Patient Days,20845,,04/01/2021,03/31/2022
390196,HOSPITAL OF THE FOX CHASE CANCER CENTER,Acute Care Hospitals,333 COTTMAN AVENUE,PHILADELPHIA,PA,19111,PHILADELPHIA,PCH_26_ELIGCASES,Clostridium Difficile (C.Diff): Predicted Cases,14.451,,04/01/2021,03/31/2022
390196,HOSPITAL OF THE FOX CHASE CANCER CENTER,Acute Care Hospitals,333 COTTMAN AVENUE,PHILADELPHIA,PA,19111,PHILADELPHIA,PCH_26_NUMERATOR,Clostridium Difficile (C.Diff): Actual Infections,6,,04/01/2021,03/31/2022
390196,HOSPITAL OF THE FOX CHASE CANCER CENTER,Acute Care Hospitals,333 COTTMAN AVENUE,PHILADELPHIA,PA,19111,PHILADELPHIA,PCH_26_SIR,Clostridium Difficile (C.Diff): SIR,0.415,,04/01/2021,03/31/2022
390196,HOSPITAL OF THE FOX CHASE CANCER CENTER,Acute Care Hospitals,333 COTTMAN AVENUE,PHILADELPHIA,PA,19111,PHILADELPHIA,PCH_27_DOPC,MRSA Bacteremia: Patient Days,21505,,04/01/2021,03/31/2022
390196,HOSPITAL OF THE FOX CHASE CANCER CENTER,Acute Care Hospitals,333 COTTMAN AVENUE,PHILADELPHIA,PA,19111,PHILADELPHIA,PCH_27_ELIGCASES,MRSA Bacteremia: Predicted Cases,1.533,,04/01/2021,03/31/2022
390196,HOSPITAL OF THE FOX CHASE CANCER CENTER,Acute Care Hospitals,333 COTTMAN AVENUE,PHILADELPHIA,PA,19111,PHILADELPHIA,PCH_27_NUMERATOR,MRSA Bacteremia: Actual Infections,0,,04/01/2021,03/31/2022
390196,HOSPITAL OF THE FOX CHASE CANCER CENTER,Acute Care Hospitals,333 COTTMAN AVENUE,PHILADELPHIA,PA,19111,PHILADELPHIA,PCH_27_SIR,MRSA Bacteremia: SIR,0.000,,04/01/2021,03/31/2022
390196,HOSPITAL OF THE FOX CHASE CANCER CENTER,Acute Care Hospitals,333 COTTMAN AVENUE,PHILADELPHIA,PA,19111,PHILADELPHIA,PCH_28_FAC_ADHPCT,Influenza Vaccination Coverage among Healthcare Personnel: Adherence Rate,91,,10/01/2021,03/31/2022
390196,HOSPITAL OF THE FOX CHASE CANCER CENTER,Acute Care Hospitals,333 COTTMAN AVENUE,PHILADELPHIA,PA,19111,PHILADELPHIA,PCH_28_FAC_DEN,Influenza Vaccination Coverage among Healthcare Personnel: Denominator,2121,,10/01/2021,03/31/2022
390196,HOSPITAL OF THE FOX CHASE CANCER CENTER,Acute Care Hospitals,333 COTTMAN AVENUE,PHILADELPHIA,PA,19111,PHILADELPHIA,PCH_38_FAC_ADHPCT,Percentage of healthcare personnel who completed COVID-19 primary vaccination series: Adherence Rate,99.4,,01/01/2022,03/31/2022
390196,HOSPITAL OF THE FOX CHASE CANCER CENTER,Acute Care Hospitals,333 COTTMAN AVENUE,PHILADELPHIA,PA,19111,PHILADELPHIA,PCH_38_FAC_DEN,Percentage of healthcare personnel who completed COVID-19 primary vaccination series: Denominator,2151,,01/01/2022,03/31/2022
390196,HOSPITAL OF THE FOX CHASE CANCER CENTER,Acute Care Hospitals,333 COTTMAN AVENUE,PHILADELPHIA,PA,19111,PHILADELPHIA,PCH_4_DOPC,Central Line-Associated Bloodstream Infection (CLABSI): Number of Procedures,10354,,04/01/2021,03/31/2022
390196,HOSPITAL OF THE FOX CHASE CANCER CENTER,Acute Care Hospitals,333 COTTMAN AVENUE,PHILADELPHIA,PA,19111,PHILADELPHIA,PCH_4_ELIGCASES,Central Line-Associated Bloodstream Infection (CLABSI): Predicted Cases,9.424,,04/01/2021,03/31/2022
390196,HOSPITAL OF THE FOX CHASE CANCER CENTER,Acute Care Hospitals,333 COTTMAN AVENUE,PHILADELPHIA,PA,19111,PHILADELPHIA,PCH_4_NUMERATOR,Central Line-Associated Bloodstream Infection (CLABSI): Actual Infections,3,,04/01/2021,03/31/2022
390196,HOSPITAL OF THE FOX CHASE CANCER CENTER,Acute Care Hospitals,333 COTTMAN AVENUE,PHILADELPHIA,PA,19111,PHILADELPHIA,PCH_4_SIR,Central Line-Associated Bloodstream Infection (CLABSI): SIR,0.318,,04/01/2021,03/31/2022
390196,HOSPITAL OF THE FOX CHASE CANCER CENTER,Acute Care Hospitals,333 COTTMAN AVENUE,PHILADELPHIA,PA,19111,PHILADELPHIA,PCH_5_DOPC,Catheter-Associated Urinary Tract Infections (CAUTI): Number of Procedures,5036,,04/01/2021,03/31/2022
390196,HOSPITAL OF THE FOX CHASE CANCER CENTER,Acute Care Hospitals,333 COTTMAN AVENUE,PHILADELPHIA,PA,19111,PHILADELPHIA,PCH_5_ELIGCASES,Catheter-Associated Urinary Tract Infections (CAUTI): Predicted Cases,4.981,,04/01/2021,03/31/2022
390196,HOSPITAL OF THE FOX CHASE CANCER CENTER,Acute Care Hospitals,333 COTTMAN AVENUE,PHILADELPHIA,PA,19111,PHILADELPHIA,PCH_5_NUMERATOR,Catheter-Associated Urinary Tract Infections (CAUTI): Actual Infections,4,,04/01/2021,03/31/2022
390196,HOSPITAL OF THE FOX CHASE CANCER CENTER,Acute Care Hospitals,333 COTTMAN AVENUE,PHILADELPHIA,PA,19111,PHILADELPHIA,PCH_5_SIR,Catheter-Associated Urinary Tract Infections (CAUTI): SIR,0.803,,04/01/2021,03/31/2022
390196,HOSPITAL OF THE FOX CHASE CANCER CENTER,Acute Care Hospitals,333 COTTMAN AVENUE,PHILADELPHIA,PA,19111,PHILADELPHIA,PCH_6_DOPC,SSI - Colon Surgery: Number of Procedures,214,,04/01/2021,03/31/2022
390196,HOSPITAL OF THE FOX CHASE CANCER CENTER,Acute Care Hospitals,333 COTTMAN AVENUE,PHILADELPHIA,PA,19111,PHILADELPHIA,PCH_6_ELIGCASES,SSI - Colon Surgery: Predicted Cases,9.561,,04/01/2021,03/31/2022
390196,HOSPITAL OF THE FOX CHASE CANCER CENTER,Acute Care Hospitals,333 COTTMAN AVENUE,PHILADELPHIA,PA,19111,PHILADELPHIA,PCH_6_NUMERATOR,SSI - Colon Surgery: Actual Infections,2,,04/01/2021,03/31/2022
390196,HOSPITAL OF THE FOX CHASE CANCER CENTER,Acute Care Hospitals,333 COTTMAN AVENUE,PHILADELPHIA,PA,19111,PHILADELPHIA,PCH_6_SIR,SSI - Colon Surgery: SIR,0.209,,04/01/2021,03/31/2022
390196,HOSPITAL OF THE FOX CHASE CANCER CENTER,Acute Care Hospitals,333 COTTMAN AVENUE,PHILADELPHIA,PA,19111,PHILADELPHIA,PCH_7_DOPC,SSI - Abdominal Hysterectomy: Number of Procedures,135,,04/01/2021,03/31/2022
390196,HOSPITAL OF THE FOX CHASE CANCER CENTER,Acute Care Hospitals,333 COTTMAN AVENUE,PHILADELPHIA,PA,19111,PHILADELPHIA,PCH_7_ELIGCASES,SSI - Abdominal Hysterectomy: Predicted Cases,1.835,,04/01/2021,03/31/2022
390196,HOSPITAL OF THE FOX CHASE CANCER CENTER,Acute Care Hospitals,333 COTTMAN AVENUE,PHILADELPHIA,PA,19111,PHILADELPHIA,PCH_7_NUMERATOR,SSI - Abdominal Hysterectomy: Actual Infections,0,,04/01/2021,03/31/2022
390196,HOSPITAL OF THE FOX CHASE CANCER CENTER,Acute Care Hospitals,333 COTTMAN AVENUE,PHILADELPHIA,PA,19111,PHILADELPHIA,PCH_7_SIR,SSI - Abdominal Hysterectomy: SIR,0.000,,04/01/2021,03/31/2022
450076,"UNIVERSITY OF TEXAS M D ANDERSON CANCER CENTER,THE",Acute Care Hospitals,1515 HOLCOMBE BLVD,HOUSTON,TX,77030,HARRIS,PCH_26_DOPC,Clostridium Difficile (C.Diff): Patient Days,222121,,04/01/2021,03/31/2022
450076,"UNIVERSITY OF TEXAS M D ANDERSON CANCER CENTER,THE",Acute Care Hospitals,1515 HOLCOMBE BLVD,HOUSTON,TX,77030,HARRIS,PCH_26_ELIGCASES,Clostridium Difficile (C.Diff): Predicted Cases,270.508,,04/01/2021,03/31/2022
450076,"UNIVERSITY OF TEXAS M D ANDERSON CANCER CENTER,THE",Acute Care Hospitals,1515 HOLCOMBE BLVD,HOUSTON,TX,77030,HARRIS,PCH_26_NUMERATOR,Clostridium Difficile (C.Diff): Actual Infections,58,,04/01/2021,03/31/2022
450076,"UNIVERSITY OF TEXAS M D ANDERSON CANCER CENTER,THE",Acute Care Hospitals,1515 HOLCOMBE BLVD,HOUSTON,TX,77030,HARRIS,PCH_26_SIR,Clostridium Difficile (C.Diff): SIR,0.214,,04/01/2021,03/31/2022
450076,"UNIVERSITY OF TEXAS M D ANDERSON CANCER CENTER,THE",Acute Care Hospitals,1515 HOLCOMBE BLVD,HOUSTON,TX,77030,HARRIS,PCH_27_DOPC,MRSA Bacteremia: Patient Days,222121,,04/01/2021,03/31/2022
450076,"UNIVERSITY OF TEXAS M D ANDERSON CANCER CENTER,THE",Acute Care Hospitals,1515 HOLCOMBE BLVD,HOUSTON,TX,77030,HARRIS,PCH_27_ELIGCASES,MRSA Bacteremia: Predicted Cases,29.259,,04/01/2021,03/31/2022
450076,"UNIVERSITY OF TEXAS M D ANDERSON CANCER CENTER,THE",Acute Care Hospitals,1515 HOLCOMBE BLVD,HOUSTON,TX,77030,HARRIS,PCH_27_NUMERATOR,MRSA Bacteremia: Actual Infections,13,,04/01/2021,03/31/2022
450076,"UNIVERSITY OF TEXAS M D ANDERSON CANCER CENTER,THE",Acute Care Hospitals,1515 HOLCOMBE BLVD,HOUSTON,TX,77030,HARRIS,PCH_27_SIR,MRSA Bacteremia: SIR,0.444,,04/01/2021,03/31/2022
450076,"UNIVERSITY OF TEXAS M D ANDERSON CANCER CENTER,THE",Acute Care Hospitals,1515 HOLCOMBE BLVD,HOUSTON,TX,77030,HARRIS,PCH_28_FAC_ADHPCT,Influenza Vaccination Coverage among Healthcare Personnel: Adherence Rate,87,,10/01/2021,03/31/2022
450076,"UNIVERSITY OF TEXAS M D ANDERSON CANCER CENTER,THE",Acute Care Hospitals,1515 HOLCOMBE BLVD,HOUSTON,TX,77030,HARRIS,PCH_28_FAC_DEN,Influenza Vaccination Coverage among Healthcare Personnel: Denominator,23258,,10/01/2021,03/31/2022
450076,"UNIVERSITY OF TEXAS M D ANDERSON CANCER CENTER,THE",Acute Care Hospitals,1515 HOLCOMBE BLVD,HOUSTON,TX,77030,HARRIS,PCH_38_FAC_ADHPCT,Percentage of healthcare personnel who completed COVID-19 primary vaccination series: Adherence Rate,89.1,,01/01/2022,03/31/2022
450076,"UNIVERSITY OF TEXAS M D ANDERSON CANCER CENTER,THE",Acute Care Hospitals,1515 HOLCOMBE BLVD,HOUSTON,TX,77030,HARRIS,PCH_38_FAC_DEN,Percentage of healthcare personnel who completed COVID-19 primary vaccination series: Denominator,24394,,01/01/2022,03/31/2022
450076,"UNIVERSITY OF TEXAS M D ANDERSON CANCER CENTER,THE",Acute Care Hospitals,1515 HOLCOMBE BLVD,HOUSTON,TX,77030,HARRIS,PCH_4_DOPC,Central Line-Associated Bloodstream Infection (CLABSI): Number of Procedures,125033,,04/01/2021,03/31/2022
450076,"UNIVERSITY OF TEXAS M D ANDERSON CANCER CENTER,THE",Acute Care Hospitals,1515 HOLCOMBE BLVD,HOUSTON,TX,77030,HARRIS,PCH_4_ELIGCASES,Central Line-Associated Bloodstream Infection (CLABSI): Predicted Cases,139.927,,04/01/2021,03/31/2022
450076,"UNIVERSITY OF TEXAS M D ANDERSON CANCER CENTER,THE",Acute Care Hospitals,1515 HOLCOMBE BLVD,HOUSTON,TX,77030,HARRIS,PCH_4_NUMERATOR,Central Line-Associated Bloodstream Infection (CLABSI): Actual Infections,40,,04/01/2021,03/31/2022
450076,"UNIVERSITY OF TEXAS M D ANDERSON CANCER CENTER,THE",Acute Care Hospitals,1515 HOLCOMBE BLVD,HOUSTON,TX,77030,HARRIS,PCH_4_SIR,Central Line-Associated Bloodstream Infection (CLABSI): SIR,0.286,,04/01/2021,03/31/2022
450076,"UNIVERSITY OF TEXAS M D ANDERSON CANCER CENTER,THE",Acute Care Hospitals,1515 HOLCOMBE BLVD,HOUSTON,TX,77030,HARRIS,PCH_5_DOPC,Catheter-Associated Urinary Tract Infections (CAUTI): Number of Procedures,33436,,04/01/2021,03/31/2022
450076,"UNIVERSITY OF TEXAS M D ANDERSON CANCER CENTER,THE",Acute Care Hospitals,1515 HOLCOMBE BLVD,HOUSTON,TX,77030,HARRIS,PCH_5_ELIGCASES,Catheter-Associated Urinary Tract Infections (CAUTI): Predicted Cases,31.041,,04/01/2021,03/31/2022
450076,"UNIVERSITY OF TEXAS M D ANDERSON CANCER CENTER,THE",Acute Care Hospitals,1515 HOLCOMBE BLVD,HOUSTON,TX,77030,HARRIS,PCH_5_NUMERATOR,Catheter-Associated Urinary Tract Infections (CAUTI): Actual Infections,23,,04/01/2021,03/31/2022
450076,"UNIVERSITY OF TEXAS M D ANDERSON CANCER CENTER,THE",Acute Care Hospitals,1515 HOLCOMBE BLVD,HOUSTON,TX,77030,HARRIS,PCH_5_SIR,Catheter-Associated Urinary Tract Infections (CAUTI): SIR,0.741,,04/01/2021,03/31/2022
450076,"UNIVERSITY OF TEXAS M D ANDERSON CANCER CENTER,THE",Acute Care Hospitals,1515 HOLCOMBE BLVD,HOUSTON,TX,77030,HARRIS,PCH_6_DOPC,SSI - Colon Surgery: Number of Procedures,831,,04/01/2021,03/31/2022
450076,"UNIVERSITY OF TEXAS M D ANDERSON CANCER CENTER,THE",Acute Care Hospitals,1515 HOLCOMBE BLVD,HOUSTON,TX,77030,HARRIS,PCH_6_ELIGCASES,SSI - Colon Surgery: Predicted Cases,39.750,,04/01/2021,03/31/2022
450076,"UNIVERSITY OF TEXAS M D ANDERSON CANCER CENTER,THE",Acute Care Hospitals,1515 HOLCOMBE BLVD,HOUSTON,TX,77030,HARRIS,PCH_6_NUMERATOR,SSI - Colon Surgery: Actual Infections,30,,04/01/2021,03/31/2022
450076,"UNIVERSITY OF TEXAS M D ANDERSON CANCER CENTER,THE",Acute Care Hospitals,1515 HOLCOMBE BLVD,HOUSTON,TX,77030,HARRIS,PCH_6_SIR,SSI - Colon Surgery: SIR,0.755,,04/01/2021,03/31/2022
450076,"UNIVERSITY OF TEXAS M D ANDERSON CANCER CENTER,THE",Acute Care Hospitals,1515 HOLCOMBE BLVD,HOUSTON,TX,77030,HARRIS,PCH_7_DOPC,SSI - Abdominal Hysterectomy: Number of Procedures,399,,04/01/2021,03/31/2022
450076,"UNIVERSITY OF TEXAS M D ANDERSON CANCER CENTER,THE",Acute Care Hospitals,1515 HOLCOMBE BLVD,HOUSTON,TX,77030,HARRIS,PCH_7_ELIGCASES,SSI - Abdominal Hysterectomy: Predicted Cases,6.417,,04/01/2021,03/31/2022
450076,"UNIVERSITY OF TEXAS M D ANDERSON CANCER CENTER,THE",Acute Care Hospitals,1515 HOLCOMBE BLVD,HOUSTON,TX,77030,HARRIS,PCH_7_NUMERATOR,SSI - Abdominal Hysterectomy: Actual Infections,6,,04/01/2021,03/31/2022
450076,"UNIVERSITY OF TEXAS M D ANDERSON CANCER CENTER,THE",Acute Care Hospitals,1515 HOLCOMBE BLVD,HOUSTON,TX,77030,HARRIS,PCH_7_SIR,SSI - Abdominal Hysterectomy: SIR,0.935,,04/01/2021,03/31/2022
500138,SEATTLE CANCER CARE ALLIANCE,Acute Care Hospitals,825 EASTLAKE AVENUE EAST,SEATTLE,WA,98109,KING,PCH_26_DOPC,Clostridium Difficile (C.Diff): Patient Days,6578,,04/01/2021,03/31/2022
500138,SEATTLE CANCER CARE ALLIANCE,Acute Care Hospitals,825 EASTLAKE AVENUE EAST,SEATTLE,WA,98109,KING,PCH_26_ELIGCASES,Clostridium Difficile (C.Diff): Predicted Cases,7.966,,04/01/2021,03/31/2022
500138,SEATTLE CANCER CARE ALLIANCE,Acute Care Hospitals,825 EASTLAKE AVENUE EAST,SEATTLE,WA,98109,KING,PCH_26_NUMERATOR,Clostridium Difficile (C.Diff): Actual Infections,12,,04/01/2021,03/31/2022
500138,SEATTLE CANCER CARE ALLIANCE,Acute Care Hospitals,825 EASTLAKE AVENUE EAST,SEATTLE,WA,98109,KING,PCH_26_SIR,Clostridium Difficile (C.Diff): SIR,1.506,,04/01/2021,03/31/2022
500138,SEATTLE CANCER CARE ALLIANCE,Acute Care Hospitals,825 EASTLAKE AVENUE EAST,SEATTLE,WA,98109,KING,PCH_27_DOPC,MRSA Bacteremia: Patient Days,6578,13,04/01/2021,03/31/2022
500138,SEATTLE CANCER CARE ALLIANCE,Acute Care Hospitals,825 EASTLAKE AVENUE EAST,SEATTLE,WA,98109,KING,PCH_27_ELIGCASES,MRSA Bacteremia: Predicted Cases,0.424,13,04/01/2021,03/31/2022
500138,SEATTLE CANCER CARE ALLIANCE,Acute Care Hospitals,825 EASTLAKE AVENUE EAST,SEATTLE,WA,98109,KING,PCH_27_NUMERATOR,MRSA Bacteremia: Actual Infections,0,13,04/01/2021,03/31/2022
500138,SEATTLE CANCER CARE ALLIANCE,Acute Care Hospitals,825 EASTLAKE AVENUE EAST,SEATTLE,WA,98109,KING,PCH_27_SIR,MRSA Bacteremia: SIR,Not Available,13,04/01/2021,03/31/2022
500138,SEATTLE CANCER CARE ALLIANCE,Acute Care Hospitals,825 EASTLAKE AVENUE EAST,SEATTLE,WA,98109,KING,PCH_28_FAC_ADHPCT,Influenza Vaccination Coverage among Healthcare Personnel: Adherence Rate,91,,10/01/2021,03/31/2022
500138,SEATTLE CANCER CARE ALLIANCE,Acute Care Hospitals,825 EASTLAKE AVENUE EAST,SEATTLE,WA,98109,KING,PCH_28_FAC_DEN,Influenza Vaccination Coverage among Healthcare Personnel: Denominator,3131,,10/01/2021,03/31/2022
500138,SEATTLE CANCER CARE ALLIANCE,Acute Care Hospitals,825 EASTLAKE AVENUE EAST,SEATTLE,WA,98109,KING,PCH_38_FAC_ADHPCT,Percentage of healthcare personnel who completed COVID-19 primary vaccination series: Adherence Rate,97.5,,01/01/2022,03/31/2022
500138,SEATTLE CANCER CARE ALLIANCE,Acute Care Hospitals,825 EASTLAKE AVENUE EAST,SEATTLE,WA,98109,KING,PCH_38_FAC_DEN,Percentage of healthcare personnel who completed COVID-19 primary vaccination series: Denominator,2889,,01/01/2022,03/31/2022
500138,SEATTLE CANCER CARE ALLIANCE,Acute Care Hospitals,825 EASTLAKE AVENUE EAST,SEATTLE,WA,98109,KING,PCH_4_DOPC,Central Line-Associated Bloodstream Infection (CLABSI): Number of Procedures,5979,,04/01/2021,03/31/2022
500138,SEATTLE CANCER CARE ALLIANCE,Acute Care Hospitals,825 EASTLAKE AVENUE EAST,SEATTLE,WA,98109,KING,PCH_4_ELIGCASES,Central Line-Associated Bloodstream Infection (CLABSI): Predicted Cases,7.492,,04/01/2021,03/31/2022
500138,SEATTLE CANCER CARE ALLIANCE,Acute Care Hospitals,825 EASTLAKE AVENUE EAST,SEATTLE,WA,98109,KING,PCH_4_NUMERATOR,Central Line-Associated Bloodstream Infection (CLABSI): Actual Infections,5,,04/01/2021,03/31/2022
500138,SEATTLE CANCER CARE ALLIANCE,Acute Care Hospitals,825 EASTLAKE AVENUE EAST,SEATTLE,WA,98109,KING,PCH_4_SIR,Central Line-Associated Bloodstream Infection (CLABSI): SIR,0.667,,04/01/2021,03/31/2022
500138,SEATTLE CANCER CARE ALLIANCE,Acute Care Hospitals,825 EASTLAKE AVENUE EAST,SEATTLE,WA,98109,KING,PCH_5_DOPC,Catheter-Associated Urinary Tract Infections (CAUTI): Number of Procedures,344,13,04/01/2021,03/31/2022
500138,SEATTLE CANCER CARE ALLIANCE,Acute Care Hospitals,825 EASTLAKE AVENUE EAST,SEATTLE,WA,98109,KING,PCH_5_ELIGCASES,Catheter-Associated Urinary Tract Infections (CAUTI): Predicted Cases,0.351,13,04/01/2021,03/31/2022
500138,SEATTLE CANCER CARE ALLIANCE,Acute Care Hospitals,825 EASTLAKE AVENUE EAST,SEATTLE,WA,98109,KING,PCH_5_NUMERATOR,Catheter-Associated Urinary Tract Infections (CAUTI): Actual Infections,0,13,04/01/2021,03/31/2022
500138,SEATTLE CANCER CARE ALLIANCE,Acute Care Hospitals,825 EASTLAKE AVENUE EAST,SEATTLE,WA,98109,KING,PCH_5_SIR,Catheter-Associated Urinary Tract Infections (CAUTI): SIR,Not Available,13,04/01/2021,03/31/2022
500138,SEATTLE CANCER CARE ALLIANCE,Acute Care Hospitals,825 EASTLAKE AVENUE EAST,SEATTLE,WA,98109,KING,PCH_6_DOPC,SSI - Colon Surgery: Number of Procedures,Not Available,12,04/01/2021,03/31/2022
500138,SEATTLE CANCER CARE ALLIANCE,Acute Care Hospitals,825 EASTLAKE AVENUE EAST,SEATTLE,WA,98109,KING,PCH_6_ELIGCASES,SSI - Colon Surgery: Predicted Cases,Not Available,12,04/01/2021,03/31/2022
500138,SEATTLE CANCER CARE ALLIANCE,Acute Care Hospitals,825 EASTLAKE AVENUE EAST,SEATTLE,WA,98109,KING,PCH_6_NUMERATOR,SSI - Colon Surgery: Actual Infections,Not Available,12,04/01/2021,03/31/2022
500138,SEATTLE CANCER CARE ALLIANCE,Acute Care Hospitals,825 EASTLAKE AVENUE EAST,SEATTLE,WA,98109,KING,PCH_6_SIR,SSI - Colon Surgery: SIR,Not Available,12,04/01/2021,03/31/2022
500138,SEATTLE CANCER CARE ALLIANCE,Acute Care Hospitals,825 EASTLAKE AVENUE EAST,SEATTLE,WA,98109,KING,PCH_7_DOPC,SSI - Abdominal Hysterectomy: Number of Procedures,Not Available,12,04/01/2021,03/31/2022
500138,SEATTLE CANCER CARE ALLIANCE,Acute Care Hospitals,825 EASTLAKE AVENUE EAST,SEATTLE,WA,98109,KING,PCH_7_ELIGCASES,SSI - Abdominal Hysterectomy: Predicted Cases,Not Available,12,04/01/2021,03/31/2022
500138,SEATTLE CANCER CARE ALLIANCE,Acute Care Hospitals,825 EASTLAKE AVENUE EAST,SEATTLE,WA,98109,KING,PCH_7_NUMERATOR,SSI - Abdominal Hysterectomy: Actual Infections,Not Available,12,04/01/2021,03/31/2022
500138,SEATTLE CANCER CARE ALLIANCE,Acute Care Hospitals,825 EASTLAKE AVENUE EAST,SEATTLE,WA,98109,KING,PCH_7_SIR,SSI - Abdominal Hysterectomy: SIR,Not Available,12,04/01/2021,03/31/2022
