"Measure Name","Measure ID","Measure Start Quarter","Measure Start Date","Measure End Quarter","Measure End Date"
"Median Time from ED Arrival to ED Departure for Admitted ED Patients","ED-1b","4Q2015","10012015","3Q2016","09302016"
"Admit Decision Time to ED Departure Time for Admitted Patients","ED-2b","4Q2015","10012015","3Q2016","09302016"
"Median Time to Fibrinolysis","OP-1","4Q2015","10012015","3Q2016","09302016"
"Median Time from ED Arrival to ED Departure for Discharged ED Patients","OP-18b","4Q2015","10012015","3Q2016","09302016"
"Fibrinolytic Therapy Received Within 30 Minutes of ED Arrival","OP-2","4Q2015","10012015","3Q2016","09302016"
"Median Time from ED Arrival to Provider Contact for ED patients","OP-20","4Q2015","10012015","3Q2016","09302016"
"Median Time to Pain Management for Long Bone Fracture","OP-21","4Q2015","10012015","3Q2016","09302016"
"Head CT or MRI Scan Results for Acute Ischemic Stroke or Hemorrhagic Stroke Patients who Received Head CT or MRI Scan Interpretation Within 45 minutes of ED Arrival","OP-23","4Q2015","10012015","3Q2016","09302016"
"Median Time to Transfer to Another Facility for Acute Coronary Intervention- Reporting Rate","OP-3b","4Q2015","10012015","3Q2016","09302016"
"Aspirin at Arrival","OP-4","4Q2015","10012015","3Q2016","09302016"
"Median Time to ECG","OP-5","4Q2015","10012015","3Q2016","09302016"
"Thrombolytic Therapy","STK-4","4Q2015","10012015","3Q2016","09302016"
"Venous Thromboembolism Warfarin Therapy Discharge Instructions","VTE-5","4Q2015","10012015","3Q2016","09302016"
"Hospital Acquired Potentially-Preventable Venous Thromboembolism","VTE-6","4Q2015","10012015","3Q2016","09302016"
"Patients Assessed and Given Influenza Vaccination","IMM-2","4Q2015","10012015","1Q2016","03312016"
"Willingness to Recommend this Hospital","Q22","4Q2015","10012015","3Q2016","09302016"
"Overall Rating of Hospital","Q21","4Q2015","10012015","3Q2016","09302016"
"Care Transition","Composite 7 (Q23 to 25)","4Q2015","10012015","3Q2016","09302016"
"Discharge Information","Composite 6 Q19 & Q20","4Q2015","10012015","3Q2016","09302016"
"Quietness of Hospital Environment","Q9","4Q2015","10012015","3Q2016","09302016"
"Cleanliness of Hospital Environment","Q8","4Q2015","10012015","3Q2016","09302016"
"Communication about Medicines","Composite 5 Q16 & Q17","4Q2015","10012015","3Q2016","09302016"
"Pain Management","Composite 4 Q13 & Q14","4Q2015","10012015","3Q2016","09302016"
"Responsiveness of Hospital Staff","Composite 3 Q4 & Q11","4Q2015","10012015","3Q2016","09302016"
"Communication with Doctors","Composite 2 Q5 to Q7","4Q2015","10012015","3Q2016","09302016"
"Communication with Nurses","Composite 1 Q1 to Q3","4Q2015","10012015","3Q2016","09302016"
"Death rate for heart attack patients","MORT-30-AMI","4Q2012","10012012","3Q2015","09302015"
"Death rate for chronic obstructive pulmonary disease patients","MORT-30-COPD","4Q2012","10012012","3Q2015","09302015"
"Death rate for heart failure patients","MORT-30-HF","4Q2012","10012012","3Q2015","09302015"
"Death rate for pneumonia patients","MORT-30-PN","4Q2012","10012012","3Q2015","09302015"
"Rate of readmission for heart attack patients","READM-30-AMI","4Q2012","10012012","3Q2015","09302015"
"Rate of readmission for chronic obstructive pulmonary disease patients","READM-30-COPD","4Q2012","10012012","3Q2015","09302015"
"Rate of readmission for heart failure patients","READM-30-HF","4Q2012","10012012","3Q2015","09302015"
"Rate of readmission for pneumonia patients","READM-30-PN","4Q2012","10012012","3Q2015","09302015"
"PSI_10","PSI_10","4Q2015","10012015","4Q2016","12312016"
"PSI_11","PSI_11","4Q2015","10012015","4Q2016","12312016"
"PSI_12","PSI_12","4Q2015","10012015","4Q2016","12312016"
"PSI_13","PSI_13","4Q2015","10012015","4Q2016","12312016"
"PSI_14","PSI_14","4Q2015","10012015","4Q2016","12312016"
"PSI_15","PSI_15","4Q2015","10012015","4Q2016","12312016"
"PSI_3","PSI_3","4Q2015","10012015","4Q2016","12312016"
"PSI_4","PSI_4","4Q2015","10012015","4Q2016","12312016"
"PSI_6","PSI_6","4Q2015","10012015","4Q2016","12312016"
"PSI_7","PSI_7","4Q2015","10012015","4Q2016","12312016"
"PSI_8","PSI_8","4Q2015","10012015","4Q2016","12312016"
"PSI_9","PSI_9","4Q2015","10012015","4Q2016","12312016"
