"Provider ID","Measure","Score","Footnote"
"AK","HAI_1_SIR","1.31",""
"AL","HAI_1_SIR","0.66",""
"AR","HAI_1_SIR","0.51",""
"AS","HAI_1_SIR","Not Available","No data are available for publication from the hospital for this measure because this hospital does not have ICU locations."
"AZ","HAI_1_SIR","0.63",""
"CA","HAI_1_SIR","0.52",""
"CO","HAI_1_SIR","0.50",""
"CT","HAI_1_SIR","0.54",""
"DC","HAI_1_SIR","0.74",""
"DE","HAI_1_SIR","0.79",""
"FL","HAI_1_SIR","0.56",""
"GA","HAI_1_SIR","0.79",""
"GU","HAI_1_SIR","Not Available","No data are available for publication from the hospital for this measure because this hospital does not have ICU locations."
"HI","HAI_1_SIR","0.11",""
"IA","HAI_1_SIR","0.61",""
"ID","HAI_1_SIR","0.44",""
"IL","HAI_1_SIR","0.66",""
"IN","HAI_1_SIR","0.53",""
"KS","HAI_1_SIR","0.48",""
"KY","HAI_1_SIR","0.74",""
"LA","HAI_1_SIR","0.70",""
"MA","HAI_1_SIR","0.45",""
"MD","HAI_1_SIR","0.63",""
"ME","HAI_1_SIR","1.24",""
"MI","HAI_1_SIR","0.40",""
"MN","HAI_1_SIR","0.48",""
"MO","HAI_1_SIR","0.46",""
"MP","HAI_1_SIR","Not Available","No data are available for publication from the hospital for this measure because this hospital does not have ICU locations."
"MS","HAI_1_SIR","0.80",""
"MT","HAI_1_SIR","0.59",""
"NC","HAI_1_SIR","0.53",""
"ND","HAI_1_SIR","0.39",""
"NE","HAI_1_SIR","0.84",""
"NH","HAI_1_SIR","0.79",""
"NJ","HAI_1_SIR","0.77",""
"NM","HAI_1_SIR","0.63",""
"NV","HAI_1_SIR","0.46",""
"NY","HAI_1_SIR","0.63",""
"OH","HAI_1_SIR","0.53",""
"OK","HAI_1_SIR","0.48",""
"OR","HAI_1_SIR","0.41",""
"PA","HAI_1_SIR","0.52",""
"PR","HAI_1_SIR","1.11",""
"RI","HAI_1_SIR","0.95",""
"SC","HAI_1_SIR","0.71",""
"SD","HAI_1_SIR","0.27",""
"TN","HAI_1_SIR","0.70",""
"TX","HAI_1_SIR","0.54",""
"UT","HAI_1_SIR","0.59",""
"VA","HAI_1_SIR","0.61",""
"VI","HAI_1_SIR","Not Available",""
"VT","HAI_1_SIR","0.18",""
"WA","HAI_1_SIR","0.43",""
"WI","HAI_1_SIR","0.66",""
"WV","HAI_1_SIR","0.44",""
"WY","HAI_1_SIR","0.51",""
"AK","HAI_2_SIR","0.24",""
"AL","HAI_2_SIR","0.76",""
"AR","HAI_2_SIR","1.25",""
"AS","HAI_2_SIR","Not Available","No data are available for publication from the hospital for this measure because this hospital does not have ICU locations."
"AZ","HAI_2_SIR","1.03",""
"CA","HAI_2_SIR","1.06",""
"CO","HAI_2_SIR","0.88",""
"CT","HAI_2_SIR","1.96",""
"DC","HAI_2_SIR","1.47",""
"DE","HAI_2_SIR","1.17",""
"FL","HAI_2_SIR","0.91",""
"GA","HAI_2_SIR","0.90",""
"GU","HAI_2_SIR","Not Available","No data are available for publication from the hospital for this measure because this hospital does not have ICU locations."
"HI","HAI_2_SIR","0.60",""
"IA","HAI_2_SIR","1.02",""
"ID","HAI_2_SIR","1.51",""
"IL","HAI_2_SIR","1.08",""
"IN","HAI_2_SIR","1.21",""
"KS","HAI_2_SIR","0.92",""
"KY","HAI_2_SIR","1.14",""
"LA","HAI_2_SIR","0.81",""
"MA","HAI_2_SIR","1.54",""
"MD","HAI_2_SIR","1.97",""
"ME","HAI_2_SIR","1.18",""
"MI","HAI_2_SIR","1.14",""
"MN","HAI_2_SIR","1.56",""
"MO","HAI_2_SIR","1.02",""
"MP","HAI_2_SIR","Not Available","No data are available for publication from the hospital for this measure because this hospital does not have ICU locations."
"MS","HAI_2_SIR","1.05",""
"MT","HAI_2_SIR","1.23",""
"NC","HAI_2_SIR","1.11",""
"ND","HAI_2_SIR","0.76",""
"NE","HAI_2_SIR","1.78",""
"NH","HAI_2_SIR","1.18",""
"NJ","HAI_2_SIR","1.03",""
"NM","HAI_2_SIR","0.81",""
"NV","HAI_2_SIR","1.24",""
"NY","HAI_2_SIR","1.25",""
"OH","HAI_2_SIR","0.96",""
"OK","HAI_2_SIR","0.69",""
"OR","HAI_2_SIR","1.16",""
"PA","HAI_2_SIR","0.91",""
"PR","HAI_2_SIR","0.94",""
"RI","HAI_2_SIR","1.34",""
"SC","HAI_2_SIR","1.72",""
"SD","HAI_2_SIR","1.35",""
"TN","HAI_2_SIR","1.43",""
"TX","HAI_2_SIR","0.94",""
"UT","HAI_2_SIR","2.57",""
"VA","HAI_2_SIR","0.93",""
"VI","HAI_2_SIR","Not Available",""
"VT","HAI_2_SIR","1.23",""
"WA","HAI_2_SIR","1.09",""
"WI","HAI_2_SIR","0.94",""
"WV","HAI_2_SIR","0.70",""
"WY","HAI_2_SIR","0.40",""
"AK","HAI_3_SIR","1.34",""
"AL","HAI_3_SIR","0.52",""
"AR","HAI_3_SIR","0.92",""
"AS","HAI_3_SIR","Not Available","No data are available for publication from the hospital for this measure because this hospital does not have ICU locations."
"AZ","HAI_3_SIR","1.18",""
"CA","HAI_3_SIR","0.78",""
"CO","HAI_3_SIR","0.74",""
"CT","HAI_3_SIR","1.15",""
"DC","HAI_3_SIR","0.53",""
"DE","HAI_3_SIR","0.72",""
"FL","HAI_3_SIR","0.69",""
"GA","HAI_3_SIR","0.80",""
"GU","HAI_3_SIR","Not Available","No data are available for publication from the hospital for this measure because this hospital does not have ICU locations."
"HI","HAI_3_SIR","0.90",""
"IA","HAI_3_SIR","1.01",""
"ID","HAI_3_SIR","1.30",""
"IL","HAI_3_SIR","0.66",""
"IN","HAI_3_SIR","1.09",""
"KS","HAI_3_SIR","0.93",""
"KY","HAI_3_SIR","0.98",""
"LA","HAI_3_SIR","0.97",""
"MA","HAI_3_SIR","0.81",""
"MD","HAI_3_SIR","1.25",""
"ME","HAI_3_SIR","0.84",""
"MI","HAI_3_SIR","0.88",""
"MN","HAI_3_SIR","0.76",""
"MO","HAI_3_SIR","0.63",""
"MP","HAI_3_SIR","Not Available","No data are available for publication from the hospital for this measure because this hospital does not have ICU locations."
"MS","HAI_3_SIR","0.81",""
"MT","HAI_3_SIR","0.42",""
"NC","HAI_3_SIR","0.74",""
"ND","HAI_3_SIR","1.15",""
"NE","HAI_3_SIR","1.20",""
"NH","HAI_3_SIR","0.84",""
"NJ","HAI_3_SIR","0.67",""
"NM","HAI_3_SIR","0.63",""
"NV","HAI_3_SIR","1.02",""
"NY","HAI_3_SIR","0.80",""
"OH","HAI_3_SIR","0.80",""
"OK","HAI_3_SIR","0.72",""
"OR","HAI_3_SIR","0.88",""
"PA","HAI_3_SIR","0.76",""
"PR","HAI_3_SIR","Not Available","No data are available for publication from the hospital for this measure because this hospital does not have ICU locations."
"RI","HAI_3_SIR","1.10",""
"SC","HAI_3_SIR","1.36",""
"SD","HAI_3_SIR","1.16",""
"TN","HAI_3_SIR","1.09",""
"TX","HAI_3_SIR","0.70",""
"UT","HAI_3_SIR","1.65",""
"VA","HAI_3_SIR","0.67",""
"VI","HAI_3_SIR","Not Available","No data are available for publication from the hospital for this measure because this hospital does not have ICU locations."
"VT","HAI_3_SIR","1.71",""
"WA","HAI_3_SIR","0.64",""
"WI","HAI_3_SIR","0.88",""
"WV","HAI_3_SIR","1.00",""
"WY","HAI_3_SIR","1.18",""
"AK","HAI_4_SIR","0.98",""
"AL","HAI_4_SIR","0.49",""
"AR","HAI_4_SIR","1.04",""
"AS","HAI_4_SIR","Not Available","No data are available for publication from the hospital for this measure because this hospital does not have ICU locations."
"AZ","HAI_4_SIR","1.53",""
"CA","HAI_4_SIR","0.98",""
"CO","HAI_4_SIR","0.78",""
"CT","HAI_4_SIR","1.38",""
"DC","HAI_4_SIR","1.99",""
"DE","HAI_4_SIR","0.86",""
"FL","HAI_4_SIR","0.90",""
"GA","HAI_4_SIR","0.89",""
"GU","HAI_4_SIR","Not Available","No data are available for publication from the hospital for this measure because this hospital does not have ICU locations."
"HI","HAI_4_SIR","2.17",""
"IA","HAI_4_SIR","0.99",""
"ID","HAI_4_SIR","1.38",""
"IL","HAI_4_SIR","0.93",""
"IN","HAI_4_SIR","0.79",""
"KS","HAI_4_SIR","0.61",""
"KY","HAI_4_SIR","0.90",""
"LA","HAI_4_SIR","1.33",""
"MA","HAI_4_SIR","0.66",""
"MD","HAI_4_SIR","2.44",""
"ME","HAI_4_SIR","0.65",""
"MI","HAI_4_SIR","1.33",""
"MN","HAI_4_SIR","1.64",""
"MO","HAI_4_SIR","0.75",""
"MP","HAI_4_SIR","Not Available","No data are available for publication from the hospital for this measure because this hospital does not have ICU locations."
"MS","HAI_4_SIR","1.24",""
"MT","HAI_4_SIR","0.26",""
"NC","HAI_4_SIR","0.77",""
"ND","HAI_4_SIR","1.52",""
"NE","HAI_4_SIR","1.52",""
"NH","HAI_4_SIR","1.44",""
"NJ","HAI_4_SIR","0.98",""
"NM","HAI_4_SIR","1.08",""
"NV","HAI_4_SIR","0.46",""
"NY","HAI_4_SIR","1.18",""
"OH","HAI_4_SIR","0.89",""
"OK","HAI_4_SIR","0.81",""
"OR","HAI_4_SIR","0.47",""
"PA","HAI_4_SIR","1.04",""
"PR","HAI_4_SIR","Not Available","No data are available for publication from the hospital for this measure because this hospital does not have ICU locations."
"RI","HAI_4_SIR","1.29",""
"SC","HAI_4_SIR","1.18",""
"SD","HAI_4_SIR","0.61",""
"TN","HAI_4_SIR","0.99",""
"TX","HAI_4_SIR","0.81",""
"UT","HAI_4_SIR","0.96",""
"VA","HAI_4_SIR","0.89",""
"VI","HAI_4_SIR","Not Available","No data are available for publication from the hospital for this measure because this hospital does not have ICU locations."
"VT","HAI_4_SIR","0.00","The lower limit of the confidence interval cannot be calculated if the number of observed infections equals zero."
"WA","HAI_4_SIR","0.72",""
"WI","HAI_4_SIR","1.58",""
"WV","HAI_4_SIR","0.74",""
"WY","HAI_4_SIR","1.64",""
