"CMS Certification Number","Facility Name","Address","City","County","State","Zip","Telephone","Patients who reported that staff definitely gave care in a professional way and the facility was clean","Patients who reported that staff somewhat gave care in a professional way or the facility was somewhat clean","Patients who reported that staff did not give care in a professional way or the facility was not clean","Facilities and staff linear mean score","Patients who reported that staff definitely communicated about what to expect during and after the procedure","Patients who reported that staff somewhat communicated about what to expect during and after the procedure","Patients who reported that staff did not communicate about what to expect during and after the procedure","Communication about your procedure linear mean score","Patients who gave the facility a rating of 9 or 10 on a scale from 0 (lowest) to 10 (highest)","Patients who gave the facility a rating of 7 or 8 on a scale from 0 (lowest) to 10 (highest)","Patients who gave the facility a rating of 0 to 6 on a scale from 0 (lowest) to 10 (highest)","Patients� rating of the facility linear mean score","Patients who reported YES they would DEFINITELY recommend the facility to family or friends.","Patients who reported PROBABLY YES they would recommend the facility to family or friends.","Patients who reported NO, they would not recommend the facility to family or friends.","Patients recommending the facility linear mean score","Footnote","Number of Sampled Patients","Number of Completed Surveys","Survey Response Rate Percent","Measure Start Date","Measure End Date"
"01C0001020","Medplex Outpatient Surgery Center","4511 Southlake Parkway","Birmingham",,"AL","35244",2059854398,,,,,,,,,,,,,,,,,"4",,,,,
"01C0001035","The Surgery Center - Oxford","1440 Hwy Dr","Oxford",,"AL","36203",2562412614,,,,,,,,,,,,,,,,,"4",,,,,
"01C0001042","Gulf Coast Surgical Partners","3715 Dauphin St, Ste. 503b","Mobile",,"AL","36608",2512724934,,,,,,,,,,,,,,,,,"4",,,,,
"01C0001051","Alabama Digestive Health Endoscopy Center (Adhec)","2010 Brookwood Medical Ctr Dr  G10","Birmingham",,"AL","35209",2058771187,,,,,,,,,,,,,,,,,"4",,,,,
"02C0001011","Providence Surgery Centers, LLC DBA:Creekside Surg","3831 Piper St. S110","Anchorage",,"AK","99508",9073397800,,,,,,,,,,,,,,,,,"4",,,,,
"03C0001016","Surgery Center of Peoria","13260 North 94th Dr Suite 200","Peoria",,"AZ","85383",6232344307,97,3,0,98,89,9,2,93,85,13,2,94,83,15,2,93,,1158,304,26,07/01/2017,06/30/2018
"03C0001045","Mount View at Phoenix","3131 W. Peoria Ave.","Phoenix",,"AZ","85029",6023751083,98,2,0,99,94,5,1,97,85,13,2,94,79,15,6,90,,685,105,15,07/01/2017,06/30/2018
"03C0001052","Warner Outpatient Surgery Center","3367 South Mercy Rd Suite 101","Gilbert",,"AZ","85297",4808992571,96,3,1,97,92,7,1,96,85,13,2,94,82,15,3,93,,1168,432,37,07/01/2017,06/30/2018
"03C0001056","Physicians Surgery Center of Tempe","1940 E. Southern","Tempe",,"AZ","85282",4808207101,97,3,0,98,89,9,2,93,86,11,3,93,82,17,1,94,,1019,296,29,07/01/2017,06/30/2018
"03C0001224","Canyon Surgery Center","6036 N. 19th Ave. Ste. 100","Phoenix",,"AZ","85015",6025898000,,,,,,,,,,,,,,,,,"4",,,,,
"03C0001247","Surgery Center of Scottsdale","8962 East Desert Cove Ave Suite 12","Scottsdale",,"AZ","85260",4806615232,98,2,0,99,92,7,1,95,89,9,2,95,85,12,3,94,,926,201,22,07/01/2017,06/30/2018
"03C0001265","St. Joseph's Outpatient Surgery Center","240 W. Thomas Rd","Phoenix",,"AZ","85013",6024063552,96,3,1,98,89,9,2,93,83,13,4,93,84,14,2,94,,1434,335,23,07/01/2017,06/30/2018
"03C0001279","Chandler Endoscopy Center","2095 West Pecos Rd Suite 1","Chandler",,"AZ","85224",4802929795,97,3,0,98,91,7,2,95,90,7,3,95,88,11,1,95,,1100,338,31,07/01/2017,06/30/2018
"03C0001286","Digestive Health Specialties","8573 East Princess Dr, Suite 117","Scottsdale",,"AZ","85255",4805132455,,,,,,,,,,,,,,,,,"4",,,,,
"03C0001289","Carondelet Foothills Surgery Center","2220 W. Orange Grove Rd","Tucson",,"AZ","85741",5208775665,96,3,1,98,89,9,2,94,81,16,3,92,79,19,2,92,,1146,375,33,07/01/2017,06/30/2018
"03C0001290","Camp Lowell Surgery Center","4620 East Camp Lowell Dr","Tucson",,"AZ","85712",5206186058,96,4,0,98,91,7,2,94,85,13,2,94,85,13,2,94,,1314,553,42,07/01/2017,06/30/2018
"03C0001298","Surgical Elite of Avondale","10815 W. Mcdowell Rd. # 101","Avondale",,"AZ","85392",6234330110,97,3,0,99,90,8,2,94,85,13,2,94,80,17,3,92,,1536,330,21,07/01/2017,06/30/2018
"03C0001302","Metro Surgery Center","6790 W. Thunderbird Rd.","Peoria",,"AZ","85381",6239791717,96,4,0,98,91,7,2,95,88,10,2,95,84,13,3,93,,1099,267,24,07/01/2017,06/30/2018
"03C0001305","Desert Ridge Outpatient Surgery Center","20940 North Tatum Blvd Suite 100","Phoenix",,"AZ","85050",4805024020,97,2,1,98,90,8,2,94,89,8,3,95,87,10,3,94,,1086,367,34,07/01/2017,06/30/2018
"03C0001356","Mount View at Glendale","18555 North 79th Ave Building C","Glendale",,"AZ","85308",6237762500,95,4,1,97,90,8,2,94,85,12,3,93,79,18,3,92,,1037,226,22,07/01/2017,06/30/2018
"03C0001357","Mount View at Gilbert","2450 East Guadalupe Rd Suite 101","Gilbert",,"AZ","85234",4803988456,95,4,1,97,90,8,2,94,88,10,2,94,82,17,1,93,,1046,247,24,07/01/2017,06/30/2018
"05C0001006","San Gabriel Valley Surgery Center","1250 South Sunset Ave Suite 100","West Covin",,"CA","91790",6269606623,96,3,1,98,84,12,4,90,78,19,3,91,75,22,3,90,,1291,441,34,07/01/2017,06/30/2018
"05C0001175","San Leandro Surgery Center","15035 East 14th St","San Leandr",,"CA","94578",5102762800,96,4,0,98,90,7,3,93,81,16,3,92,83,15,2,93,,1313,402,31,07/01/2017,06/30/2018
"05C0001198","DaVita Medical ASC-LB California, LLC","2600 Redondo Ave, Suite 103","Long Beach",,"CA","90806",5629887162,,,,,,,,,,,,,,,,,"4",,,,,
"05C0001205","North Anaheim Surgery Center, LLC","1154 North Euclid St","Anaheim",,"CA","92801",7146356272,98,2,0,99,90,8,2,94,88,10,2,95,86,12,2,94,,1293,489,38,07/01/2017,06/30/2018
"05C0001287","North Valley GI","870 Shasta St, Suite 100","Yuba City",,"CA","95991",5306713671,,,,,,,,,,,,,,,,,"4",,,,,
"05C0001321","EL MIRADOR SURGERY CENTER","1180 N. Indian Canyon #110","Palm Sprin",,"CA","92262",4698936573,95,4,1,97,86,10,4,91,83,14,3,93,83,14,3,93,,1038,356,34,07/01/2017,06/30/2018
"05C0001447","Coast Surgery Center of South Bay","3445 Pacific Coast Hwy Suite 110","Torrance",,"CA","90505",3103254555,95,4,1,97,87,10,3,92,84,12,4,93,80,18,2,93,,1022,290,28,07/01/2017,06/30/2018
"05C0001453","Chico Surgery Center","615 West East Ave","Chico",,"CA","95926",5308951800,94,5,1,97,87,10,3,92,79,16,5,92,82,14,4,93,,979,334,34,07/01/2017,06/30/2018
"05C0001481","Pain Diagnostic & Treatment Center","2805 J St Suite 200","Sacramento",,"CA","95816",9162318793,97,3,0,98,91,7,2,94,86,11,3,94,84,14,2,93,,965,262,27,07/01/2017,06/30/2018
"05C0001493","COURT STREET SURGERY CENTER","2184 Ct St.","Redding",,"CA","96001",5302257417,,,,,,,,,,,,,,,,,"4",,,,,
"05C0001505","Magnolia Surgery Center","14571 Magnolia St Suite 107","Westminste",,"CA","92683",7149039039,95,4,1,97,87,10,3,92,67,27,6,88,71,25,4,88,,1403,303,22,07/01/2017,06/30/2018
"05C0001508","Ambulatory Surgery Center of Stockton","2388 N. California St.","Stockton",,"CA","95204",2099449100,98,2,0,99,92,7,1,96,95,4,1,97,91,7,2,96,,1275,491,39,07/01/2017,06/30/2018
"05C0001515","Sequoia Surgical Pavilion","2405 Shadelands Dr, Suite 200","Walnut Cre",,"CA","94598",9252803814,98,2,0,99,91,7,2,95,90,8,2,95,89,9,2,95,,1270,439,35,07/01/2017,06/30/2018
"05C0001534","Folsom Surgery Center","1651 Creekside Dr Suite 100","Folsom",,"CA","95630",9166731990,97,3,0,98,92,7,1,95,90,9,1,96,90,10,0,96,,1107,342,31,07/01/2017,06/30/2018
"05C0001558","Pacific Endo-Surgical Center","3445 Pacific Coast Hwy. # 120","Torrance",,"CA","90505",3103261666,95,4,1,97,87,10,3,92,78,19,3,92,75,21,4,90,,1091,347,32,07/01/2017,06/30/2018
"05C0001571","University Surgery Center","1390 E. Yosemite Ave. Ste. B","Merced",,"CA","95340",2095803409,,,,,,,,,,,,,,,,,"4",,,,,
"05C0001572","Roseville Surgery Center","1420 E. Roseville Pkwy # 100","Roseville",,"CA","95661",9166772488,96,3,1,98,90,8,2,94,83,14,3,93,80,17,3,92,,1378,437,32,07/01/2017,06/30/2018
"05C0001596","Tresanti Surgical Center","5201 Norris Canyon Rd., # 100","San Ramon",,"CA","94583",9259730605,,,,,,,,,,,,,,,,,"4",,,,,
"05C0001643","MERCY SURGERY CENTER","2175 Rosaline Ave. Ste. A","Redding",,"CA","96001",5302257417,97,2,1,98,91,7,2,95,89,10,1,95,88,9,3,94,,873,333,38,07/01/2017,06/30/2018
"05C0001663","Skyway Surgery Center","121 Raley Blvd","Chico",,"CA","95928",5302302007,98,2,0,99,90,9,1,94,90,9,1,96,89,9,2,95,,1139,519,46,07/01/2017,06/30/2018
"05C0001711","St. Joseph's Surgery Center","1800 North California St Suite 1","Stockton",,"CA","95204",2094676316,97,3,0,98,90,7,3,94,85,13,2,94,85,14,1,94,,1201,276,23,07/01/2017,06/30/2018
"05C0001719","Scripps Clinic Carmel Valley ASC","3811 Valley Centre Dr.","San Diego",,"CA","92130",8586786955,,,,,,,,,,,,,,,,,"4",,,,,
"05C0001750","Reagan Street Surgery Center","10904 Reagan St","Los Alamit",,"CA","90720",5625963140,95,4,1,97,87,10,3,92,83,14,3,93,81,16,3,92,,1334,443,33,07/01/2017,06/30/2018
"05C0001756","The Endoscopy Center","700 Garden View Crt, Ste. 101","Encinitas",,"CA","92024",7602742700,97,3,0,98,89,8,3,93,87,11,2,95,86,13,1,95,,1020,349,34,07/01/2017,06/30/2018
"05C0001757","Grass Valley Surgery Center","408 Sierra College Dr","Grass Vall",,"CA","95945",5302712282,98,2,0,99,88,10,2,93,88,11,1,95,88,11,1,95,,1023,399,39,07/01/2017,06/30/2018
"05C0001764","Providence Summit Surgery Center","3445 Pacific Coast Hwy #110","Torrance",,"CA","90505",3103254555,98,2,0,99,90,8,2,94,87,12,1,95,84,15,1,94,,1084,340,31,07/01/2017,06/30/2018
"05C0001778","Brentwood Surgery Center","2400 Balfour Rd. Ste. 320","Brentwood",,"CA","94513",9252402059,97,2,1,98,90,8,2,94,90,8,2,95,90,7,3,95,,1196,409,34,07/01/2017,06/30/2018
"05C0001803","Pacific Endoscopy and Surgery Center","17815 Newhope St Suite R","Fountain V",,"CA","92708",7144328881,,,,,,,,,,,,,,,,,"4",,,,,
"05C0001830","Aspen Surgery Center","133 La Casa Via, Ste. 150","Walnut Cre",,"CA","94598",9252108415,97,3,0,98,91,7,2,95,85,14,1,95,88,11,1,95,,1382,429,31,07/01/2017,06/30/2018
"05C0001840","Oasis Surgery Center","815 Auto Center Dr.","Palmdale",,"CA","93551",6612066262,,,,,,,,,,,,,,,,,"4",,,,,
"05C0001842","Scripps Encinitas Surgery Center","320 Santa Fe Dr., # Ll2","Encinitas",,"CA","92024",7606323900,98,1,1,99,92,6,2,95,88,11,1,95,86,13,1,95,,1191,452,38,07/01/2017,06/30/2018
"05C0001860","DaVita Surgical Associates Talbert California, LLC","7677 Center Ave, # 104","Huntington",,"CA","92647",7148818722,,,,,,,,,,,,,,,,,"4",,,,,
"05C0001863","Hacienda Surgery Center","4626 Willow Rd Suite 100","Pleasanton",,"CA","94588",9257346744,98,2,0,99,89,9,2,94,86,13,1,95,86,13,1,95,,1081,365,34,07/01/2017,06/30/2018
"05C0001867","Fountain Valley Surgery Center","11190 Warner Ave.","Fountain V",,"CA","92708",7143381650,97,2,1,98,90,8,2,94,86,11,3,94,83,14,3,92,,1612,376,23,07/01/2017,06/30/2018
"05C0001879","Scripps Clinic Rancho Bernardo ASC","15004 Innovation Dr.","San Diego",,"CA","92128",8586786955,,,,,,,,,,,,,,,,,"4",,,,,
"05C0001975","Huntington Ambulatory Surgery Center","625 S. Fair Oaks Ave, Suite 380","Pasadena",,"CA","91105",6262298990,96,3,1,98,90,8,2,94,88,10,2,95,88,10,2,95,,1383,442,32,07/01/2017,06/30/2018
"05C0002058","UCLA Health - Digestive Diseases Santa Clarita","25775 West Mcbean Parkway Suite 11","Los Angele",,"CA","90095",6612537956,96,3,1,98,91,7,2,95,82,15,3,93,83,14,3,93,,1770,501,28,07/01/2017,06/30/2018
"06C0001058","Golden Ridge Surgery Center","660 Golden Ridge Rd., Ste. 110","Golden",,"CO","80401",3039631507,,,,,,,,,,,,,,,,,"4",,,,,
"06C0001079","Summit View Surgery Center","7730 South  Broadway","Littleton",,"CO","80122",3037302376,96,3,1,98,92,7,1,96,89,7,4,94,85,13,2,94,,1395,444,32,07/01/2017,06/30/2018
"06C0001080","Flatirons Surgery Center","70 Health Park Dr","Louisville",,"CO","80027",7208902721,98,2,0,99,89,10,1,94,87,11,2,94,82,17,1,93,,1229,364,30,07/01/2017,06/30/2018
"06C0001085","Crown Point Surgery Center","9397 Crown Crest Blvd","Parker",,"CO","80138",7209746499,98,2,0,99,93,6,1,96,90,9,1,96,90,10,0,96,,907,265,29,07/01/2017,06/30/2018
"06C0001102","Northwest Regional Ambulatory Surgery Center","10170 Church Ranch Way Ste. 110","Westminste",,"CO","80021",3033284400,98,1,1,99,90,8,2,94,91,7,2,95,89,8,3,95,,591,168,28,07/01/2017,06/30/2018
"06C0001110","Harvard Park Surgery Center","1000 E. Harvard Ave.","Denver",,"CO","80210",3037785816,97,3,0,98,91,8,1,95,83,15,2,94,82,16,2,93,,1336,494,37,07/01/2017,06/30/2018
"06C0001133","Greenwood Ambulatory Surgery Center","7447 East Berry Ave Suite 100","Greenwood",,"CO","80111",7204934115,97,2,1,98,91,7,2,95,84,13,3,93,82,16,2,93,,1564,373,24,07/01/2017,06/30/2018
"07C0001024","Fairfield Surgery Center","75 Kings Hwy Cutoff","Fairfield",,"CT","06824",2033372660,98,2,0,99,92,6,2,95,92,7,1,96,90,7,3,95,"2",1116,344,31,07/01/2017,06/30/2018
"07C0001048","North Haven Surgery Center","52 Washington Ave Suite 1","North Have",,"CT","06473",2032347727,98,2,0,99,89,9,2,93,84,15,1,94,83,16,1,94,,1264,355,28,07/01/2017,06/30/2018
"09C0001001","MedStar Surgery Center","1145  19th St N.W., Suite 850","Washington",,"DC","20036",2022239040,97,2,1,98,91,8,1,95,86,11,3,94,81,16,3,92,,1701,384,23,07/01/2017,06/30/2018
"10C0001025","Premier Surgery Center of Sarasota","983 South Beneva Rd","Sarasota",,"FL","34232",9413655355,95,4,1,97,90,8,2,94,83,14,3,93,82,13,5,92,,1016,420,41,07/01/2017,06/30/2018
"10C0001203","UNIVERSITY SURGICAL CENTER","7251 University Blvd Suite 100","Winter Par",,"FL","32792",4076770066,97,3,0,98,94,5,1,97,92,7,1,96,89,10,1,96,,1380,351,25,07/01/2017,06/30/2018
"10C0001214","Outpatient Center of Boynton","2351 South Seacrest Blvd","Boynton Be",,"FL","33435",5617325900,95,4,1,97,87,9,4,91,81,16,3,93,81,16,3,92,,1356,371,27,07/01/2017,06/30/2018
"10C0001293","Winter Haven Ambulatory Surgery Center","325 Ave B Nw","Winter Hav",,"FL","33881",4698936573,98,2,0,99,90,7,3,94,87,12,1,95,88,10,2,95,,1552,511,33,07/01/2017,06/30/2018
"10C0001302","THE SURGERY CENTER OF FT LAUDERDALE","4485 N. State Rd. 7","Lauderdale",,"FL","33319",9547350096,96,3,1,98,90,7,3,94,81,14,5,91,81,14,5,91,,980,243,25,07/01/2017,06/30/2018
"10C0001313","Health First Same Day Surgery","1035 South Apollo Blvd","Melbourne",,"FL","32901",3214343581,,,,,,,,,,,,,,,,,"4",,,,,
"10C0001332","Laser & Surgery Center of the Palm Beaches","3602 Kyoto Gardens Dr","Palm Beach",,"FL","33410",5617993388,97,3,0,98,88,10,2,93,86,12,2,94,86,12,2,94,,1381,508,37,07/01/2017,06/30/2018
"10C0001354","Surgery Center of Southwest Florida, Inc","12631 Whitehall Dr","Fort Myers",,"FL","33907",2397720500,,,,,,,,,,,,,,,,,"4",,,,,
"10C0001362","Destin Surgery Center","4485 Furling Lane","Destin",,"FL","32541",8506507606,99,1,0,99,94,5,1,96,90,8,2,96,90,8,2,96,,1334,503,38,07/01/2017,06/30/2018
"10C0001363","Health First Melbourne GI Center","1051 South Hickory St","Melbourne",,"FL","32901",3214343581,,,,,,,,,,,,,,,,,"4",,,,,
"10C0001377","Orlando Ophthalmology Surgery Center","105 Bonnie Loch Ct","Orlando",,"FL","32806",4074280040,94,5,1,96,89,8,3,93,81,15,4,92,79,19,2,92,,1070,431,40,07/01/2017,06/30/2018
"10C0001418","Surgery Center at Jensen Beach","3995 Nw Goldenrod Rd","Jensen Bea",,"FL","34957",7724970020,96,4,0,98,88,9,3,92,87,11,2,94,85,13,2,94,,1353,575,42,07/01/2017,06/30/2018
"10C0001428","South Florida Ambulatory Surgery Center","6110 Se 70th St","South Miam",,"FL","33143",3056623100,95,4,1,97,89,8,3,93,83,13,4,93,77,19,4,90,,1154,262,23,07/01/2017,06/30/2018
"10C0001461","Clearway Pain Solutions Institute","5102 North Davis Hwy","Pensacola",,"FL","32503",8505494960,,,,,,,,,,,,,,,,,"4",,,,,
"10C0001474","MURDOCK AMBULATORY SURGERY CENTER","1400 Education Way","Port Charl",,"FL","33948",4698936573,96,4,0,98,86,9,5,91,83,13,4,93,84,14,2,94,,1175,539,46,07/01/2017,06/30/2018
"10C0001505","Lake Endoscopy Surgery Center","17355 S.E. 109th Terrace Rd","Summerfiel",,"FL","34491",3522450846,,,,,,,,,,,,,,,,,"4",,,,,
"10C0001512","TLC Outpatient Surgery and Laser Center","201 West Guava St","Lady Lake",,"FL","32159",3523915875,96,3,1,98,87,10,3,92,85,12,3,93,84,14,2,94,,1277,685,54,07/01/2017,06/30/2018
"10C0001525","University Medical Service Association, Inc","13330 Usf Laurel Dr 2nd Floor","Tampa",,"FL","33612",8139740033,,,,,,,,,,,,,,,,,"4",,,,,
"10C0001528","Coral Ridge Outpatient Center","5301 North Dixie Hwy.","Oakland Pa",,"FL","33334",9548323300,95,4,1,97,90,7,3,94,85,12,3,94,85,12,3,94,,1336,431,32,07/01/2017,06/30/2018
"10C0001539","Broward Specialty Surgical Center","7261 Sheridan St. Suite 100a","Hollywood",,"FL","33024",9543224222,97,3,0,98,91,7,2,94,89,9,2,95,88,11,1,96,,1332,283,21,07/01/2017,06/30/2018
"10C0001545","Surgicare of Miramar","14601 Southwest 29th St Suite 301","Miramar",,"FL","33027",9542663807,97,2,1,98,90,7,3,93,88,10,2,95,86,11,3,94,,1356,304,22,07/01/2017,06/30/2018
"10C0001549","Titusville Center for Surgical Excellence","814 South Washignton Ave","Titusville",,"FL","32796",3215676300,99,1,0,99,93,6,1,96,92,7,1,96,94,5,1,97,,1417,679,48,07/01/2017,06/30/2018
"10C0001571","Surgery Centre of SW Florida","665 Del Prado Blvd S.","Cape Coral",,"FL","33990",2397723636,97,3,0,98,92,7,1,95,87,11,2,95,84,15,1,94,,1197,504,42,07/01/2017,06/30/2018
"10C0001576","The Outpatient Center of Delray","4675 Linton Blvd Ste 101","Delray Bea",,"FL","33445",5614999585,94,5,1,97,91,6,3,94,86,11,3,94,84,13,3,93,,1547,554,36,07/01/2017,06/30/2018
"11C0001006","The Emory Clinic","1365 Clifton Rd, Ne Suite Bt200","Atlanta",,"GA","30322",4047783348,99,1,0,99,90,7,3,93,91,7,2,96,89,10,1,96,,1970,352,18,07/01/2017,06/30/2018
"11C0001012","Gwinnett Advanced Surgery Center","2131 Fountain Dr","Snellville",,"GA","30078",6788237496,,,,,,,,,,,,,,,,,"4",,,,,
"11C0001049","Resurgens Surgical Center","5671 Peachtree Dunwoody Rd Suite 8","Atlanta",,"GA","30342",4045318522,98,2,0,99,93,5,2,96,89,10,1,95,87,10,3,94,,1090,311,29,07/01/2017,06/30/2018
"11C0001056","Endoscopy Center of Southeast Georgia","200 Maple Dr","Vidalia",,"GA","30474",9125381003,98,2,0,99,96,3,1,98,92,7,1,97,95,4,1,98,,773,257,33,07/01/2017,06/30/2018
"11C0001085","Northwest GA Orthopaedic Surgery Center","2550 Windy Hill Rd Southeast Suite","Marietta",,"GA","30067",7709538058,98,2,0,99,92,7,1,95,87,12,1,94,86,13,1,95,,1356,304,22,07/01/2017,06/30/2018
"11C0001164","Optim Surgery Center","210 East Derenne Ave.","Savannah",,"GA","31405",9126445300,96,4,0,98,90,8,2,94,88,9,3,95,87,11,2,94,,1560,474,30,07/01/2017,06/30/2018
"11C0001177","East West Surgery Center","2041 Mesa Valley Way Suite 125","Austell",,"GA","30106",6783098100,97,3,0,98,91,8,1,95,90,9,1,95,87,11,2,94,,1191,325,27,07/01/2017,06/30/2018
"11C0001182","Roswell Surgery Center","1285 Hembree Rd., Suite 200c","Roswell",,"GA","30076",7707725520,99,1,0,100,92,7,1,96,91,8,1,96,89,10,1,96,,1361,360,26,07/01/2017,06/30/2018
"11C0001192","Lawrenceville Surgery Center","758 Old Norcross Rd. Ste. 125","Lawrencevi",,"GA","30046",6789870820,98,2,0,99,92,7,1,96,88,10,2,95,89,10,1,96,,1209,337,28,07/01/2017,06/30/2018
"11C0001205","Hamilton Ambulatory Surgery Center","1250  Broadrick Dr","Dalton",,"GA","30720",7068765000,,,,,,,,,,,,,,,,,"4",,,,,
"11C0001234","Mary Immaculate Ambulatory Surgery Center","6645 Lake Dr.","Morrow",,"GA","30260",6784224280,99,1,0,99,93,6,1,96,91,8,1,96,87,11,2,94,,1033,270,26,07/01/2017,06/30/2018
"11C0001258","Thomas Eye Group","5995 Barfield Rd","Sandy Spri",,"GA","30328",6787817388,,,,,,,,,,,,,,,,,"4",,,,,
"11C0001279","Surgical Center for Urology","290 Country Club Dr Suite 240","Stockbridg",,"GA","30281",6785651806,,,,,,,,,,,,,,,,,"4",,,,,
"11C0001307","OrthoAtlanta Surgery Center of Fayetteville, LLC","1265 W. Hwy 54, Ste. 103","Fayettevil",,"GA","30214",6782160771,,,,,,,,,,,,,,,,,"4",,,,,
"11C0001362","OrthoAtlanta Surgery Center Austell, LLC","3672 Marathon Cir Ste 120","Austell",,"GA","30106",6789458551,,,,,,,,,,,,,,,,,"4",,,,,
"11C0001370","GNS Surgery Center","1061 Dowdy Rd, Suite 103","Athens",,"GA","30606",7065439222,,,,,,,,,,,,,,,,,"4",,,,,
"11C0001383","Hughston Surgical Center","6262 Veterans Pkwy Unit. B","Columbus",,"GA","31909",7064943434,95,4,1,97,90,8,2,94,87,11,2,96,93,6,1,97,,1273,478,38,07/01/2017,06/30/2018
"11C0001460","Resurgens East Surgery Center","3241 Iris Drive","Covington",,"GA","30016",9727633893,,,,,,,,,,,,,,,,,"4",,,,,
"14C0001007","Hinsdale Surgical Center","10 Salt Creek Lane","Hinsdale",,"IL","60621",6307067142,98,2,0,99,90,8,2,94,88,10,2,95,87,12,1,95,,1250,473,38,07/01/2017,06/30/2018
"14C0001027","25 East Same Day Surgery Center","	2 East Washington St Suite 300","Chicago",,"IL","60602",3127263329,97,3,0,98,91,7,2,95,81,16,3,93,80,17,3,92,,1359,333,25,07/01/2017,06/30/2018
"14C0001030","Same Day Surgery River North","1 East Erie St Suite 300","Chicago",,"IL","60611",3126499706,96,3,1,98,92,7,1,96,86,12,2,94,85,13,2,94,,1178,280,24,07/01/2017,06/30/2018
"14C0001041","North Shore Surgical Center","3725 West Touhy Ave","Lincolnwoo",,"IL","60712",8473247770,97,3,0,99,91,7,2,94,84,14,2,94,81,18,1,93,,1284,477,37,07/01/2017,06/30/2018
"14C0001059","Rockford Gastroenterology Associates","401 Roxbury Rd","Rockford",,"IL","61107",8154847930,,,,,,,,,,,,,,,,,"4",,,,,
"14C0001074","The Effingham Ambulatory Surgery Center","904 W. Temple Ave.","Effingham",,"IL","62401",2173421234,99,1,0,99,95,4,1,97,94,5,1,97,94,5,1,98,,1323,707,53,07/01/2017,06/30/2018
"14C0001076","The Carle SurgiCenter","1702 South Mattis Ave Suite 120","Champaign",,"IL","61821",2173268513,97,3,0,98,92,8,0,96,90,7,3,95,90,8,2,96,"3",211,47,23,07/01/2017,06/30/2018
"14C0001095","Castle Orthopaedics & Sports Medicine","2111 Ogden Ave","Aurora",,"IL","60504",6309783806,,,,,,,,,,,,,,,,,"4",,,,,
"14C0001157","GOOD SAMARITAN SURGERY CENTER","2 Good Samaritan Way, Ste. 200","Mount Vern",,"IL","62864",6188995703,98,2,0,99,90,9,1,94,87,12,1,94,82,17,1,93,,927,314,34,07/01/2017,06/30/2018
"14C0001173","UroPartners Surgery Center","2750 River Road","Des Plaines",,"IL","60018",2246127000,,,,,,,,,,,,,,,,,"4",,,,,
"15C0001058","The Endoscopy Center at St. Francis","8051 South Emerson Ave","Indianapol",,"IN","46237",3178574026,97,3,0,98,90,8,2,94,86,12,2,95,89,10,1,96,,2470,493,20,07/01/2017,06/30/2018
"15C0001158","Terre Haute Surgical Center","227 East Mccallister Dr","Terre Haut",,"IN","47802",8122344315,98,2,0,99,94,5,1,97,91,8,1,96,89,11,0,96,,1049,444,42,07/01/2017,06/30/2018
"15C0001169","Indiana Specialty Surgery Center","1380 W Arch Haven Ave","Bloomingto",,"IN","47403",8123301164,98,2,0,99,91,7,2,95,92,7,1,96,90,9,1,96,,1172,456,39,07/01/2017,06/30/2018
"16C0001016","Surgery Center Cedar Rapids","1075 1st Ave. Se","Cedar Rapi",,"IA","52402",3195584803,97,3,0,98,89,9,2,94,85,12,3,93,83,16,1,94,,1282,508,40,07/01/2017,06/30/2018
"19C0001010","Eye Care Surgery Center","10423 Old Hammond Hwy","Baton Roug",,"LA","70816",2259230960,93,6,1,96,87,10,3,92,79,15,6,92,83,14,3,93,,1038,335,33,07/01/2017,06/30/2018
"19C0001053","Ambulatory Eye Surgery Center of Louisiana","3900 Veterans Blvd. #100","Metairie",,"LA","70002",5044551550,97,2,1,98,91,7,2,95,85,13,2,95,91,7,2,96,,989,335,35,07/01/2017,06/30/2018
"19C0001085","Lake Surgery Center","7145 Perkins Rd","Baton Roug",,"LA","70808",2254085548,,,,,,,,,,,,,,,,,"4",,,,,
"19C0001092","Advanced Surgical Concepts","9118 Bluebonnet Centre Blvd.","Baton Roug",,"LA","70809",2253682330,98,2,0,99,90,7,3,94,87,11,2,94,87,11,2,95,,1024,215,21,07/01/2017,06/30/2018
"19C0001106","Orthopedic Surgery Center, LLC","7301 Hennesy Blvd Ste 100","Baton Roug",,"LA","70808",2257660050,,,,,,,,,,,,,,,,,"4",,,,,
"19C0001109","Christus Cabrini Surgery Center","3436 Masonic Dr.","Alexandria",,"LA","71301",3184276500,98,2,0,99,92,6,2,95,92,6,2,96,90,9,1,96,,1036,310,30,07/01/2017,06/30/2018
"19C0001113","Pontchartrain Surgery Center LLC","4407 Hwy 190 Service Rd, East Ste.","Covington",,"LA","70433",9852349700,98,2,0,99,93,6,1,96,89,10,1,95,89,10,1,95,,1227,409,33,07/01/2017,06/30/2018
"19C0001133","Oil Center Surgical Plaza","1000 W. Pinhook Rd, Suite 204","Lafayette",,"LA","70503",3372898216,99,1,0,99,94,5,1,97,94,5,1,97,92,7,1,97,,1833,838,46,07/01/2017,06/30/2018
"20C0001012","InterMed","84 Marginal Way Suite 1000","Portland",,"ME","04101",2073472898,98,2,0,99,90,8,2,94,92,7,1,95,88,10,2,95,,1162,369,32,07/01/2017,06/30/2018
"21C0001590","Dialysis Access Services of Arbutus","1589 Sulphur Spring Rd","Baltimore",,"MD","21227",4105365400,,,,,,,,,,,,,,,,,"4",,,,,
"21C0001594","Dialysis Access Specialists of Timonium","2405 York Rd Suite 100","Timonium",,"MD","21093",4105365400,,,,,,,,,,,,,,,,,"4",,,,,
"22C0001011","Worcester Surgical Center, L.P.","300 Grove St","Worcester",,"MA","01605",5087540700,95,5,0,98,92,6,2,95,84,14,2,94,86,13,1,95,,1267,459,36,07/01/2017,06/30/2018
"22C0001077","Cape Cod Surgery Center","160 Falmouth Rd","Mashpee",,"MA","02649",5088625116,,,,,,,,,,,,,,,,,"4",,,,,
"23C0001020","Grand Rapids Ophthalmology Surgical Care Center","750 East Beltline Ne","Grand Rapi",,"MI","49525",6165886520,96,4,0,98,87,10,3,92,87,10,3,94,88,10,2,95,,1239,316,27,07/01/2017,06/30/2018
"23C0001027","Lansing Surgery Center","1707 Lake Lansing Rd","Lansing",,"MI","48912",5177083363,98,2,0,99,90,8,2,94,89,10,1,95,89,10,1,96,,765,340,44,07/01/2017,06/30/2018
"23C0001031","Genesis Surgery Center","3400 E Jolly Rd","Lansing",,"MI","48910",5172721063,97,3,0,99,93,6,1,96,90,9,1,96,88,11,1,95,,1125,584,52,07/01/2017,06/30/2018
"23C0001050","Northwest Michigan Surgery Center","4100 Park Forest Dr","Traverse C",,"MI","49684",2313928950,,,,,,,,,,,,,,,,,"4",,,,,
"23C0001053","East Paris Surgical Center","1000 East Paris Ave S.E.","Grand Rapi",,"MI","49546",6164643430,,,,,,,,,,,,,,,,,"4",,,,,
"23C0001061","Lakes Surgery Center","2300 Haggerty Ste. 1055","West Bloom",,"MI","48323",2488966323,98,2,0,99,91,7,2,95,89,9,2,95,87,11,2,95,,1301,472,36,07/01/2017,06/30/2018
"23C0001071","Matrix Surgery Center","4450 Fashion Square Blvd","Bay City",,"MI","48706",9897907950,98,2,0,99,92,7,1,95,90,9,1,95,88,12,0,96,,950,425,45,07/01/2017,06/30/2018
"23C0001080","Walker Surgical Center","3300 Walker View Dr.","Walker",,"MI","49544",6165886560,,,,,,,,,,,,,,,,,"4",,,,,
"23C0001085","Towne Centre Surgery Center","4599 Town Center Rd.","Saginaw",,"MI","48604",9894973096,97,3,0,98,89,8,3,93,88,10,2,95,93,6,1,97,,1254,310,25,07/01/2017,06/30/2018
"23C0001109","Clarkston Surgery Center","5701 Bow Pointe Dr Suite 145","Clarkston",,"MI","48346",2483224800,98,2,0,99,92,6,2,95,89,9,2,95,88,11,1,95,,1180,527,45,07/01/2017,06/30/2018
"23C0001114","ProMedica Surgical Institute of Monroe","1051 S. Telegraph Rd Ste 100","Monroe",,"MI","48161",7348698701,,,,,,,,,,,,,,,,,"4",,,,,
"24C0001010","Willmar Surgery Center","1320 South First St","Willmar",,"MN","56201",3202356506,97,3,0,98,92,7,1,95,82,17,1,93,82,17,1,94,,767,294,38,07/01/2017,06/30/2018
"24C0001048","TRIA Orthopaedic Center","8100 Northland Dr","Bloomingto",,"MN","55431",9528065321,98,2,0,99,92,6,2,95,93,6,1,96,91,8,1,97,,1655,557,34,07/01/2017,06/30/2018
"24C0001060","Ambulatory Surgery Center","1900 Centracare Cir","St Cloud",,"MN","56303",3202294964,,,,,,,,,,,,,,,,,"4",,,,,
"24C0001062","Fairview Maple Grove Medical Center, LLC","14500 99th Ave North","Maple Grov",,"MN","55369",7638981438,99,1,0,99,91,8,1,95,90,8,2,95,87,11,2,95,,1202,347,29,07/01/2017,06/30/2018
"24C0001074","Sanford Health Detroit Lakes Same Day Surgery Ctr.","1245 Washington Ave","Detroit La",,"MN","56501",2188462000,,,,,,,,,,,,,,,,,"4",,,,,
"24C0001084","Marshall Surgery Center","1521 Carlson St, Ste. 200","Marshall",,"MN","56258",5075321928,99,1,0,99,95,4,1,97,89,10,1,95,87,12,1,95,"2",674,306,45,07/01/2017,06/30/2018
"24C0001089","University of Minnesota Physicians","909 Fulton St Southeast","Minneapoli",,"MN","55455",6126727435,98,2,0,99,92,7,1,96,88,9,3,95,89,8,3,95,,1406,417,30,07/01/2017,06/30/2018
"24C0001093","Monticello Surgery Center","1013 Hart Blvd","Monticello",,"MN","55362",7632712268,,,,,,,,,,,,,,,,,"4",,,,,
"25C0001046","Columbus Orthopedic Outpatient Center","640 Leigh Dr.","Columbus",,"MS","39705",6623287123,97,3,0,99,93,6,1,96,92,7,1,96,91,8,1,96,,1804,542,30,07/01/2017,06/30/2018
"25C0001058","Center for Digestive Health, LLC","589 Garfield St","Tupelo",,"MS","38801",6623774173,96,3,1,98,89,8,3,93,90,9,1,95,89,11,0,96,,1888,472,25,07/01/2017,06/30/2018
"26C0001021","Creekwood Surgery Center","211 Northeast 54th St Suite 100","Kansas Cit",,"MO","64118",8169882553,98,2,0,99,90,8,2,94,91,9,0,95,84,15,1,94,,1061,312,29,07/01/2017,06/30/2018
"26C0001028","St. Luke's G.I. Diagnostics, LLC","4321 Washington Ste. 5600","Kansas Cit",,"MO","64111",8164168353,,,,,,,,,,,,,,,,,"4",,,,,
"26C0001060","South County Outpatient Endoscopy Center","5139 Mattis Rd  Suite 100","St Louis",,"MO","63128",3147299780,99,1,0,99,93,6,1,96,92,6,2,96,90,9,1,96,,1331,641,48,07/01/2017,06/30/2018
"26C0001061","Des Peres Square Surgery Center","1050 Old Des Peres Rd. Ste. 150","St Louis",,"MO","63131",3145692918,96,4,0,98,92,7,1,95,86,12,2,94,84,14,2,93,,1338,478,36,07/01/2017,06/30/2018
"26C0001066","Midwest Physicians Surgery Center","3601 Northeast Ralph Powell Rd","Lees Summi",,"MO","64064",8162511255,98,2,0,99,95,4,1,97,93,6,1,97,92,7,1,97,,1234,447,36,07/01/2017,06/30/2018
"26C0001069","Briarcliff Surgery Center","4150 Mulberry Dr  Suite 100","Kansas Cit",,"MO","64116",8162144364,96,4,0,98,91,8,1,95,89,10,1,95,84,14,2,94,,1158,436,38,07/01/2017,06/30/2018
"26C0001070","Liberty Ambulatory Surgery Center","834 West Kansas St Suite B","Liberty",,"MO","64068",8168832004,98,2,0,99,93,6,1,96,90,9,1,95,87,12,1,95,,907,322,36,07/01/2017,06/30/2018
"26C0001080","MID RIVERS SURGERY CENTER","5401 Veterans Memoiral Parkway","St Peters",,"MO","63376",6364410906,97,3,0,98,91,7,2,94,88,9,3,94,85,13,2,94,,1185,406,34,07/01/2017,06/30/2018
"26C0001082","Chesterfield Surgery Center","17050 Baxter Rd Suite 110","Chesterfie",,"MO","63005",6365370122,98,2,0,99,93,6,1,96,88,11,1,95,85,14,1,95,,1189,454,38,07/01/2017,06/30/2018
"26C0001087","Advanced Surgical Care","10448 Old Olive St Rd, Suite 100","Creve Coeu",,"MO","63141",3147438091,98,2,0,99,89,9,2,93,87,11,2,94,83,16,1,94,,1107,336,30,07/01/2017,06/30/2018
"26C0001088","SURGERY CENTER OF COLUMBIA","305 North Keene St Suite 107","Columbia",,"MO","65201",5732566272,97,3,0,98,92,7,1,95,89,10,1,95,90,9,1,96,,1154,520,45,07/01/2017,06/30/2018
"26C0001093","ST LOUIS SURGICAL CENTER","760 Office Parkway","Creve Coeu",,"MO","63141",3149954700,98,2,0,99,91,7,2,95,90,8,2,95,85,13,2,94,,978,375,38,07/01/2017,06/30/2018
"26C0001097","RIVERSIDE AMBULATORY SURGERY CENTER, LP","100 Village Square","Hazelwood",,"MO","63042",3143738931,97,3,0,98,91,7,2,94,88,10,2,94,83,14,3,93,,1106,349,32,07/01/2017,06/30/2018
"26C0001099","Manchester Ambulatory Surgery Center","1040 Old Des Peres Rd.","Des Peres",,"MO","63131",3147752264,97,2,1,98,93,5,2,95,83,14,3,93,81,17,2,93,,1062,347,33,07/01/2017,06/30/2018
"26C0001103","Cedar Oaks Surgery Center","706 Burkarth Rd","Warrensbur",,"MO","64093",6607478868,,,,,,,,,,,,,,,,,"4",,,,,
"26C0001109","Landmark Surgery Center","520 S. Elm Ave.","Webster Gr",,"MO","63119",3149623464,98,2,0,99,91,8,1,95,89,10,1,95,83,16,1,94,,1225,403,33,07/01/2017,06/30/2018
"26C0001112","FRONTENAC SURGERY AND SPINE CARE CENTER, LP","10435 Clayton Rd Suite 110","Frontenac",,"MO","63131",3149953990,97,2,1,98,89,10,1,94,90,9,1,96,88,11,1,95,,1464,475,32,07/01/2017,06/30/2018
"26C0001116","Gateway Endoscopy Center","12855 N. 40 Dr. Ste. 150","St Louis",,"MO","63141",3143361130,98,2,0,99,94,5,1,96,94,5,1,96,92,7,1,97,,1105,458,41,07/01/2017,06/30/2018
"26C0001117","Twin Cities Surgery Center","1101 W. Gannon Dr.","Festus",,"MO","63028",6369315997,95,5,0,97,90,8,2,94,82,16,2,93,78,21,1,92,,1009,433,43,07/01/2017,06/30/2018
"26C0001138","OLD TESSON SURGERY CENTER LP","12639 Old Tesson Rd, Ste 130","St Louis",,"MO","63128",3148490311,96,3,1,98,90,8,2,94,88,10,2,94,83,15,2,93,,921,394,43,07/01/2017,06/30/2018
"26C0001148","North Campus Surgery Center","633 Emerson Rd, Suite 140","St Louis",,"MO","63141",3149919922,,,,,,,,,,,,,,,,,"4",,,,,
"26C0001157","Emerson Road Surgery Center","633 Emerson Rd., Suite 120","Creve Coeu",,"MO","63141",3149912090,,,,,,,,,,,,,,,,,"4",,,,,
"27C0001020","Yellowstone Surgery Center","1144 N. 28th St.","Billings",,"MT","59101",4062375900,98,2,0,99,90,9,1,94,89,10,1,95,91,8,1,96,,1226,393,32,07/01/2017,06/30/2018
"27C0001022","Flathead Outpatient Center","111 Sunnyview Lane","Kalispell",,"MT","59901",4067527900,98,2,0,99,93,6,1,96,90,9,1,95,88,9,3,95,,939,336,36,07/01/2017,06/30/2018
"27C0001026","Polson Health Outpatient Center","106 RIDGEWATER DRIVE, SUITE B","Polson",,"MT","59860",4068837709,98,2,0,99,96,4,0,98,88,11,1,95,92,8,0,97,,319,137,43,07/01/2017,06/30/2018
"29C0001000","Optum Care- Southwest Medical Associates","2450 West Charleston Blvd.","Las Vegas",,"NV","89102",7028778638,96,4,0,98,90,9,1,95,85,12,3,93,84,15,1,94,"2",894,222,25,07/01/2017,06/30/2018
"29C0001036","Parkway Surgery Center","100 North Green Valley Parkway Sui","Henderson",,"NV","89074",7026164954,96,4,0,98,90,7,3,94,87,12,1,95,84,13,3,93,,999,296,30,07/01/2017,06/30/2018
"29C0001073","Durango Outpatient Surgery Center","8530 West Sunset Rd Suite 100","Las Vegas",,"NV","89113",7027895700,94,5,1,96,88,9,3,92,85,12,3,93,81,16,3,92,,1126,283,25,07/01/2017,06/30/2018
"29C0001102","Horizon Surgery Center","10561 Jeffreys St Suite 130","Henderson",,"NV","89052",7027248900,97,3,0,99,90,8,2,94,90,8,2,96,86,14,0,95,,953,281,29,07/01/2017,06/30/2018
"30C0001014","Dartmouth-Hitchcock Manchester","100 Hitchcock Way","Manchester",,"NH","03104",6036291800,98,2,0,99,94,5,1,97,91,8,1,96,89,10,1,96,,2686,696,26,07/01/2017,06/30/2018
"30C0001021","Hillside Surgery Center","14 Maple St, Ste. 110","Gilford",,"NH","03249",6035247514,97,3,0,99,95,4,1,97,93,5,2,96,95,5,0,98,,305,101,33,07/01/2017,06/30/2018
"30C0001024","Laconia Clinic","724 N. Main St.","Laconia",,"NH","03246",6035272760,,,,,,,,,,,,,,,,,"4",,,,,
"30C0001031","Dartmouth- Hitchcock Nashua","One Medical Center Dr","Lebanon",,"NH","03756",6036503052,99,1,0,99,93,6,1,96,94,5,1,96,90,9,1,96,,2391,714,30,07/01/2017,06/30/2018
"31C0001099","Shore Outpatient Surgicenter, LLC","360 Rt. 70","Lakewood",,"NJ","08701",7329429835,96,4,0,98,88,8,4,92,84,13,3,93,79,18,3,92,,1138,397,35,07/01/2017,06/30/2018
"31C0001118","Central Jersey Surgery Center","97 Corbett Way","Eatontown",,"NJ","07724",7324602777,97,3,0,99,90,8,2,94,87,11,2,95,84,14,2,94,,1041,361,35,07/01/2017,06/30/2018
"31C0001126","Shrewsbury Surgery Center","655 Shrewsbury Ave.","Shrewsbury",,"NJ","07702",7324506000,98,2,0,99,90,8,2,94,90,9,1,95,89,9,2,96,,1129,351,31,07/01/2017,06/30/2018
"31C0001150","Denville Surgery Center","3130 Route 10 West Ste. 200","Denville",,"NJ","07834",9733283475,97,3,0,98,90,8,2,94,86,12,2,93,80,17,3,92,,1268,441,35,07/01/2017,06/30/2018
"31C0001152","Hackensack Endoscopy Center","170 Prospective Ave. Ste 10","Hackensack",,"NJ","07601",2014980030,97,3,0,98,91,7,2,94,89,10,1,95,88,11,1,96,,1242,398,32,07/01/2017,06/30/2018
"31C0001153","Toms River Surgery Center","1430 Hooper Ave","Toms River",,"NJ","08753",7322402277,98,2,0,99,94,5,1,96,93,7,0,96,89,10,1,96,,1451,543,37,07/01/2017,06/30/2018
"31C0001162","Suburban Endoscopy Center","799 Bloomfield Ave.","Verona",,"NJ","07044",9735711600,98,2,0,99,91,6,3,94,86,13,1,95,89,10,1,96,,1200,359,30,07/01/2017,06/30/2018
"31C0001193","Lakewood Surgery Center, LLC","1215 Route 70, Ste. 2000","Lakewood",,"NJ","08701",7327191800,98,2,0,99,93,6,1,96,90,8,2,96,86,13,1,95,,1170,338,29,07/01/2017,06/30/2018
"31C0001197","Metropolitan Surgery Center","433 Hackensack Ave. Ll01","Hackensack",,"NJ","07601",2015276808,95,4,1,97,87,10,3,92,80,18,2,92,76,21,3,91,,1356,382,28,07/01/2017,06/30/2018
"31C0001199","Northern Monmouth Regional Surgery Center","195 Route 9 South Suite 210","Manalapan",,"NJ","07726",7329212305,98,2,0,99,90,8,2,94,86,13,1,95,85,15,0,95,,964,268,28,07/01/2017,06/30/2018
"31C0001205","Endoscopy Center of Bergen County","80 Eisenhower Dr","Paramus",,"NJ","07652",2013361100,98,2,0,99,87,10,3,92,89,9,2,95,88,11,1,95,,921,256,28,07/01/2017,06/30/2018
"31C0001216","Somerset Ambulatory Surgery Center","1 Hwy 206 N","Somerville",,"NJ","08876",9083938360,98,2,0,99,93,5,2,95,91,8,1,95,90,9,1,96,,1188,334,28,07/01/2017,06/30/2018
"31C0001218","Millennium Surgery Center","2090 Springdale Rd., Suite A","Cherry Hil",,"NJ","08003",8567514555,97,2,1,98,92,6,2,95,90,7,3,95,88,9,3,95,,1523,328,22,07/01/2017,06/30/2018
"31C0001253","Select Surgical Center at Kennedy","405 Hurffville Cross Keys Rd Suite","Sewell",,"NJ","08080",8565822072,98,2,0,99,93,5,2,96,88,10,2,95,84,14,2,94,,852,348,41,07/01/2017,06/30/2018
"31C0001269","Surgical Specialists at Princeton","136 Main St. Ste. 100","Princeton",,"NJ","08540",6098532261,98,2,0,99,90,7,3,94,84,14,2,94,83,14,3,93,,1260,392,31,07/01/2017,06/30/2018
"31C0001273","Liberty Ambulatory Surgery Center","377 Jersey Ave. Ste. 510","Jersey Cit",,"NJ","07302",2018783210,,,,,,,,,,,,,,,,,"4",,,,,
"31C0001316","Jackson Surgical Center","27 South Cooks Bridge Rd Suite L2","Jackson",,"NJ","08527",7329615737,,,,,,,,,,,,,,,,,"4",,,,,
"32C0001107","New Mexico Orthopaedic Surgery Center","201 Cedar Se, Suite 7650","Albuquerqu",,"NM","87106",5057244395,96,4,0,98,90,8,2,94,86,11,3,94,84,14,2,94,,1196,337,28,07/01/2017,06/30/2018
"32C0001119","DaVita Medical Endoscopy Center","5400 Gibson Blvd. Se","Albuquerqu",,"NM","87109",5052627126,,,,,,,,,,,,,,,,,"4",,,,,
"34C0001032","Iredell Surgery Center","1720 Davie Ave.","Statesvill",,"NC","28677",7048710081,,,,,,,,,,,,,,,,,"4",,,,,
"34C0001103","High Point Surgery Center and Premier Surgery Cent","600 Lindsay St","High Point",,"NC","27262",3368786264,,,,,,,,,,,,,,,,,"4",,,,,
"34C0001112","Novant Health South Park Surgery Center","6035 Fairview Rd","Charlotte",,"NC","28210",3364147673,96,4,0,98,92,7,1,95,86,10,4,94,84,12,4,92,,1050,317,30,07/01/2017,06/30/2018
"34C0001137","Carolinas Gastroenterology Center - MCP","4828 Airport Center Parkway","Charlotte",,"NC","28277",7042744974,,,,,,,,,,,,,,,,,"4",,,,,
"34C0001138","Carolinas Gastroenterology Center - Ballantyne","4828 Airport Center Parkway","Charlotte",,"NC","28203",7045744974,,,,,,,,,,,,,,,,,"4",,,,,
"34C0001151","Hanover Gastroenterology Endoscopy Center","1415 Medical Ctr Dr","Wilmington",,"NC","28401",9103624201,98,2,0,99,91,7,2,95,87,11,2,94,86,12,2,94,,1218,433,36,07/01/2017,06/30/2018
"34C0001154","Novant Health Ballantyne Outpatient Surgery Center","14215 Ballantyne Corporate Place","Charlotte",,"NC","28277",3364147673,99,1,0,99,93,6,1,96,94,6,0,97,89,10,1,96,,637,156,24,07/01/2017,06/30/2018
"34C0001159","Duke Ambulatory Care - PDC","Brier Creek Medical Pavillion, 102","Raleigh",,"NC","27617",9196600620,97,3,0,98,92,7,1,96,90,10,0,96,89,11,0,96,,852,179,21,07/01/2017,06/30/2018
"34C0001165","Wake Endoscopy Center LLC, Raleigh Office","2601 Lake Dr. S 201","Raleigh",,"NC","27607",9193413529,97,3,0,98,93,6,1,96,86,13,1,95,87,12,1,95,"2",2092,381,18,07/01/2017,06/30/2018
"34C0001168","Novant Health Huntersville Outpatient Surgery","10030 Gilead Rd","Huntersvil",,"NC","28078",7047467662,97,3,0,98,94,5,1,96,91,8,1,96,92,7,1,97,,1461,477,33,07/01/2017,06/30/2018
"34C0001172","Wake Forest Univ. Baptist Outpatient Endoscopy Ctr","101 Charlois Blvd Suite 100","Winston Sa",,"NC","27103",3367168478,,,,,,,,,,,,,,,,,"4",,,,,
"34C0001177","Union West Surgery Center","6068 Hwy 74 West","Indian Tra",,"NC","28079",7046671970,,,,,,,,,,,,,,,,,"4",,,,,
"34C0001180","Novant Health Matthews Surgery Center","710 Park Center Dr","Matthews",,"NC","28105",3364147673,97,3,0,99,90,7,3,94,88,9,3,94,83,12,5,92,,1727,380,22,07/01/2017,06/30/2018
"35C0001025","Sanford Health West Dickinson","2615 Fairway St","Dickinson",,"ND","58601",7014566000,,,,,,,,,,,,,,,,,"4",,,,,
"36C0001097","ProMedica Wildwood Surgical Center","2865 North Reynolds Rd, Suite 190","Toledo",,"OH","43615",4195787547,,,,,,,,,,,,,,,,,"4",,,,,
"36C0001140","Mercy Premium Surgery Center","5319 Hoag Dr","Elyria",,"OH","44035",4409306050,,,,,,,,,,,,,,,,,"4",,,,,
"36C0001155","New Horizons Surgery Center","1167 Independence Ave.","Marion",,"OH","43302",7403755854,97,3,0,98,90,8,2,94,86,13,1,95,86,13,1,95,,963,345,36,07/01/2017,06/30/2018
"36C0001191","Surgery Center of Canfield","4147 Westford Dr.","Canfield",,"OH","44406",3307021489,98,2,0,99,90,8,2,94,90,8,2,96,89,10,1,96,,1177,514,44,07/01/2017,06/30/2018
"36C0001222","Mayfield Spine Surgery Center","4020 Smith Rd","Norwood",,"OH","45209",5136195899,97,3,0,98,92,6,2,95,92,7,1,96,89,9,2,95,,1167,536,46,07/01/2017,06/30/2018
"37C0001032","McGee Eye Surgery Center","1000 N. Lincoln Blvd. #150","Oklahoma C",,"OK","73104",4052328696,96,4,0,98,91,8,1,95,89,9,2,95,90,8,2,96,"2",3348,1276,38,07/01/2017,06/30/2018
"37C0001055","Tulsa Surgery Center","8131 South Memorial Dr Suite 107","Tulsa",,"OK","74133",9182497911,95,4,1,97,88,9,3,92,83,13,4,93,80,18,2,92,,908,353,39,07/01/2017,06/30/2018
"38C0001031","WIllamette Surgery Center","1445 State St","Salem",,"OR","97301",5033653965,97,3,0,98,93,6,1,96,87,11,2,94,86,12,2,94,,1878,659,36,07/01/2017,06/30/2018
"38C0001046","Northwest Gastroenterology Clinic","1130 Northwest 22nd Ave  6th Floor","Portland",,"OR","97210",5032297137,,,,,,,,,,,,,,,,,"4",,,,,
"38C0001052","Aesthetic Surgical Center","2550 Willakenzie Ste #1","Eugene",,"OR","97401",5414340922,,,,,,,,,,,,,,,,,"4",,,,,
"38C0001054","Cascade Spine Center","6464 Southwest Borland Rd Suite A3","Tualatin",,"OR","97062",9714043366,97,3,0,99,94,5,1,97,86,12,2,94,85,13,2,94,,1071,410,38,07/01/2017,06/30/2018
"38C0001056","Providence Center for Specialty Surgery","11782 Sw Barnes Rd. #200","Portland",,"OR","97225",5039064306,98,1,1,99,92,6,2,95,85,14,1,95,89,10,1,96,,977,305,31,07/01/2017,06/30/2018
"38C0001067","NORTHWEST AMBULATORY SURGERY CENTER, LLC","1515 Northwest 18th Ave Suite 200","Portland",,"OR","97209",5035424873,97,3,0,98,93,6,1,96,89,10,1,95,87,12,1,95,,1105,357,32,07/01/2017,06/30/2018
"38C0001074","East Portland Surgery Center","9200 South East 91st Ave Suite 100","Portland",,"OR","97086",5037726170,97,3,0,98,90,8,2,94,86,12,2,94,84,14,2,94,,1468,465,32,07/01/2017,06/30/2018
"39C0001017","SOUTHWESTERN AMBULATORY SURGERY CENTER","500 Lewis Run Rd, Ste.202","West Miffl",,"PA","15122",4124696964,97,2,1,98,89,8,3,93,80,16,4,92,77,20,3,91,,983,456,46,07/01/2017,06/30/2018
"39C0001027","Southwestern Pennsylvania Eye Surgery Center","750 East Beau St","Washington",,"PA","15301",7242287477,,,,,,,,,,,,,,,,,"4",,,,,
"39C0001051","Ophthalmology Surgery Center","92 Tuscarora St.","Harrisburg",,"PA","17104",7172332020,,,,,,,,,,,,,,,,,"4",,,,,
"39C0001153","The Surgey Center at Cranberry","105 Brandt Dr, Suite 101","Cranberry",,"PA","16066",7247721766,,,,,,,,,,,,,,,,,"4",,,,,
"39C0001168","Hershey Outpatient Surgery Center","15 Hope Dr","Hershey",,"PA","17033",7175208200,97,3,0,98,92,7,1,95,88,11,1,94,87,11,2,95,,1204,399,33,07/01/2017,06/30/2018
"39C0001176","Reading Hospital SurgiCenter at Spring Ridge","2603 Keiser Blvd.","Wyomissing",,"PA","19610",4846283079,99,1,0,99,93,6,1,96,93,6,1,96,92,7,1,97,,2016,550,27,07/01/2017,06/30/2018
"39C0001226","Gamma Surgery Center","107 Gamma Dr.","Pittsburgh",,"PA","15238",4129637917,97,3,0,98,89,9,2,93,87,11,2,94,85,14,1,94,,1290,565,44,07/01/2017,06/30/2018
"39C0001239","THE CENTER FOR ADVANCED SURGERY","50 Moisey Dr. Ste. 100","Hazleton",,"PA","18202",5705016500,99,1,0,99,91,7,2,94,89,9,2,95,88,11,1,96,,940,372,40,07/01/2017,06/30/2018
"42C0001004","AnMed Health Medicus Surgery Center, LLC","107 Professional Ct.","Anderson",,"SC","29621",8647167900,,,,,,,,,,,,,,,,,"4",,,,,
"42C0001017","Carolina Surgical Center","198 Wouth Hedlong Ave","Rock Hill",,"SC","29732",8033274664,97,3,0,99,93,6,1,96,90,9,1,95,87,12,1,95,,1137,376,33,07/01/2017,06/30/2018
"42C0001038","Strand Gastrointestinal Endoscopy Center","945 82nd Parkway","Myrtle Bea",,"SC","29572",8438392584,,,,,,,,,,,,,,,,,"4",,,,,
"42C0001047","Florence Surgery and Laser Center","400 North Cashua Dr","Florence",,"SC","29501",8436649398,,,,,,,,,,,,,,,,,"4",,,,,
"42C0001049","Bluffton-Okatie Surgery Center, LLC","40 Okatie Center Blvd S., Ste. 125","Okatie",,"SC","29909",8437058870,98,2,0,99,91,7,2,94,88,10,2,94,89,10,1,95,,1173,609,52,07/01/2017,06/30/2018
"42C0001078","The Southeastern Spine Institute ASC, LLC","1106 Chuck Dawley Blvd","Mount Plea",,"SC","29464",4698936573,95,5,0,97,89,8,3,93,88,9,3,94,88,10,2,95,,1242,488,39,07/01/2017,06/30/2018
"43C0001023","Sanford Aberdeen Medical Center","2905 3rd Ave Se","Aberdeen",,"SD","57401",6056264200,,,,,,,,,,,,,,,,,"4",,,,,
"43C0001028","Sanford Health Sanford Clinic Watertown","901 4th St. Nw","Watertown",,"SD","57201",6058828780,,,,,,,,,,,,,,,,,"4",,,,,
"44C0001000","Physician's Surgery Center of Knoxville","1819 Clinch Ave Suite 206","Knoxville",,"TN","37916",8655222949,98,2,0,99,93,6,1,96,89,10,1,95,89,10,1,96,,1337,463,35,07/01/2017,06/30/2018
"44C0001001","EYE SURGERY CENTER OF NASHVILLE","310 25th Ave North Suite 105","Nashville",,"TN","37203",6153299023,98,2,0,99,93,5,2,96,89,9,2,95,89,10,1,96,,1210,528,44,07/01/2017,06/30/2018
"44C0001004","Memphis Surgery Center","1044 Cresthaven Rd.","Memphis",,"TN","38119",9016821516,96,4,0,98,90,9,1,95,88,10,2,94,88,9,3,95,,1184,361,31,07/01/2017,06/30/2018
"44C0001008","NORTHRIDGE SURGERY CENTER, LP","647 Myatt Dr","Madison",,"TN","37115",6158688942,97,3,0,98,93,6,1,96,86,13,1,94,87,11,2,95,,1271,550,43,07/01/2017,06/30/2018
"44C0001025","Baptist Plaza Surgicare, LP","300 20th Ave North Suite 800","Nashville",,"TN","37203",6152841335,97,3,0,98,92,7,1,96,88,9,3,95,90,7,3,95,,1009,281,28,07/01/2017,06/30/2018
"44C0001054","PHYSICIANS PAVILION SURGERY CT","545 Stonecrest Pkwy","Smyrna",,"TN","37167",6152203720,97,3,0,99,93,6,1,96,88,10,2,94,87,11,2,95,,1104,325,29,07/01/2017,06/30/2018
"44C0001073","Baptist Surgery Center, LP","312 21st Ave North","Nashville",,"TN","37203",6153082713,97,3,0,98,92,7,1,96,88,10,2,94,87,11,2,95,,1332,406,30,07/01/2017,06/30/2018
"44C0001087","CLARKSVILLE SURGERY CENTER","793 Weatherly Dr","Clarksvill",,"TN","37043",9316451373,97,3,0,99,92,7,1,95,91,8,1,96,91,8,1,96,,1482,453,31,07/01/2017,06/30/2018
"44C0001088","Middle Tennessee Ambulatory Surgery Center","1800 Medical Center Pkwy Ste. 120","Murfreesbo",,"TN","37129",6158497500,98,2,0,99,91,7,2,95,88,11,1,95,86,13,1,95,,1244,377,30,07/01/2017,06/30/2018
"44C0001097","Mountain Empire Surgery Center","601 Med Tech Parkway","Johnson Ci",,"TN","37604",4236101020,98,2,0,99,91,8,1,95,89,9,2,95,87,11,2,95,,971,337,35,07/01/2017,06/30/2018
"44C0001104","St. Thomas Outpatient Neurological Surgery Center","4230 Harding Rd., Suite 901","Nashville",,"TN","37205",6153417472,98,2,0,99,97,3,0,99,93,6,1,96,95,4,1,98,,1109,324,30,07/01/2017,06/30/2018
"44C0001112","Parkwest Surgery Center","9430 Parkwest Blvd Suite 210","Knoxville",,"TN","37923",8655310494,98,2,0,99,90,8,2,94,88,10,2,95,91,8,1,96,,980,331,34,07/01/2017,06/30/2018
"44C0001119","SAINT THOMAS SURGICARE","4230 Harding Rd Suite 300","Nashville",,"TN","37205",6157831260,98,2,0,99,93,6,1,96,90,9,1,96,90,10,0,97,,1166,454,39,07/01/2017,06/30/2018
"44C0001124","Tullahoma Surgery Center","725 Kings Ln,","Tullahoma",,"TN","37388",9314551976,98,2,0,99,92,6,2,95,90,9,1,95,91,8,1,96,,1544,614,40,07/01/2017,06/30/2018
"44C0001133","BAPTIST SURGERY CENTER, L P","2004 Hayes St","Nashville",,"TN","37203",6155154000,98,1,1,99,91,7,2,95,89,9,2,95,88,11,1,96,,1266,360,28,07/01/2017,06/30/2018
"44C0001137","Upper Cumberland Physicians Surgery Center","467 N. Whitney Av.","Cookeville",,"TN","38501",9315285007,98,2,0,99,94,5,1,97,88,11,1,95,88,11,1,96,,1114,429,39,07/01/2017,06/30/2018
"44C0001140","Surgery Center at Saint Francis","5999 Park Ave","Memphis",,"TN","38119",9018181080,,,,,,,,,,,,,,,,,"4",,,,,
"44C0001160","PATIENT PARTNERS, LLC","890 North Blue Jay Way","Gallatin",,"TN","37066",6155759000,97,3,0,98,93,5,2,96,89,10,1,95,87,12,1,95,,1364,456,33,07/01/2017,06/30/2018
"44C0001161","Franklin Surgery Center","9160 Carothers Parkway Suite 100","Franklin",,"TN","37067",6155506066,98,2,0,99,92,7,1,95,89,10,1,95,87,12,1,95,,1139,354,31,07/01/2017,06/30/2018
"44C0001166","Lebanon Endoscopy Center","100 Physicians Way Suite 340","Lebanon",,"TN","37090",6154669532,,,,,,,,,,,,,,,,,"4",,,,,
"44C0001169","Providence Surgery Center","5002 Crossing Cir Suite 110","Mt. Juliet",,"TN","37122",6155539100,95,4,1,97,91,7,2,95,87,11,2,94,87,12,1,95,,871,255,29,07/01/2017,06/30/2018
"44C0001186","Maury Regional Spring Hill Surgery Center","1003 Reserve Blvd # 210","Spring Hil",,"TN","37174",9314892644,98,2,0,99,93,6,1,96,91,8,1,95,94,6,0,98,"2;3",266,97,36,07/01/2017,06/30/2018
"45C0001009","Doctors Outpatient Surgicenter","3534 Vista Rd","Pasadena",,"TX","77504",7139470330,96,4,0,98,91,7,2,95,84,14,2,93,84,13,3,93,,1205,351,29,07/01/2017,06/30/2018
"45C0001018","CONROE SURGERY CENTER","1501 River Pointe Dr, #200","Conroe",,"TX","77304",4698936573,98,2,0,99,91,8,1,95,86,12,2,94,86,13,1,95,,1200,447,37,07/01/2017,06/30/2018
"45C0001021","West Houston Surgicare","970 Campbell Rd.","Houston",,"TX","77024",7133442290,96,3,1,97,90,8,2,94,86,11,3,94,84,13,3,93,,1412,351,25,07/01/2017,06/30/2018
"45C0001039","Baylor Surgicare","3920 Worth St.","Dallas",,"TX","75246",2148202581,98,2,0,99,93,6,1,96,91,7,2,95,91,7,2,96,,1088,317,29,07/01/2017,06/30/2018
"45C0001046","Baylor Campus - PDC","3930 Crutcher St","Dallas",,"TX","75246",2148206240,99,1,0,99,95,4,1,97,91,8,1,96,89,10,1,96,,1208,323,27,07/01/2017,06/30/2018
"45C0001077","United Surgical Center","12700 N Featherwood Dr., Ste. 100","Houston",,"TX","77034",2814813903,97,2,1,98,92,7,1,95,82,15,3,93,77,20,3,91,,1392,330,24,07/01/2017,06/30/2018
"45C0001091","Baylor Surgicare at Garland","530 Clara Barton Blvd Suite 100","Garland",,"TX","75042",9724942400,96,3,1,98,88,9,3,92,85,10,5,93,86,12,2,94,,1000,330,33,07/01/2017,06/30/2018
"45C0001133","Baylor Surgicare at North Dallas","5744 Lbj Freeway #200","Dallas",,"TX","75240",9724904333,97,3,0,99,90,9,1,95,88,11,1,95,85,15,0,95,,1209,269,22,07/01/2017,06/30/2018
"45C0001149","Memoriall Hermann Surgery Center Woodlands Parkway","1441 Woodstead Ct Suite 100","The Woodla",,"TX","77380",2818254702,98,2,0,99,95,4,1,97,93,7,0,97,91,8,1,96,,1162,274,24,07/01/2017,06/30/2018
"45C0001191","Baylor Surgicare at Bedford","1600 Central Dr., Suite 180","Bedford",,"TX","76022",8175711999,99,1,0,100,93,6,1,96,93,6,1,96,92,7,1,97,,925,236,26,07/01/2017,06/30/2018
"45C0001194","Memorial Hermann Bay Area Endoscopy Center","444 F. M. 1959 Rd, Ste. B","Houston",,"TX","77034",2818922422,96,4,0,98,87,10,3,92,87,11,2,94,82,16,2,93,,1019,237,23,07/01/2017,06/30/2018
"45C0001196","Baylor Surgicare at Oakmont","7200 Oakmont Blvd.","Fort Worth",,"TX","76132",8177323300,98,2,0,99,93,5,2,95,91,8,1,96,91,8,1,96,,1200,339,28,07/01/2017,06/30/2018
"45C0001205","North Texas Surgery Center","7992 West Virginia Dr.","Dallas",,"TX","75237",9722832400,97,3,0,99,92,6,2,95,86,11,3,94,85,11,4,93,,1067,316,30,07/01/2017,06/30/2018
"45C0001214","Baylor Surgicare at Plano Parkway","4031 West Plano Parkway Suite 100","Plano",,"TX","75093",4693260202,96,4,0,98,92,6,2,95,82,15,3,93,84,12,4,93,,1052,237,23,07/01/2017,06/30/2018
"45C0001221","Victoria Eye Center - Texas","105 James Coleman Dr.","Victoria",,"TX","77904",3615780234,94,5,1,97,86,10,4,91,83,10,7,92,86,13,1,95,,751,269,37,07/01/2017,06/30/2018
"45C0001233","Hill Country Memorial Surgery Center, LLC","204 Gateway North Suite B","Marble Fal",,"TX","78654",8307981821,,,,,,,,,,,,,,,,,"4",,,,,
"45C0001240","Baptist Beaumont Surgical Affiliates","3560 College St.","Beaumont",,"TX","77701",4099818902,96,4,0,98,94,5,1,96,89,9,2,95,88,10,2,95,,1401,481,34,07/01/2017,06/30/2018
"45C0001243","Northwest Surgery Center Red Oak","17322 Red Oak Dr","Houston",,"TX","77090",4698936573,96,4,0,98,91,8,1,95,84,14,2,94,77,21,2,91,,1002,299,30,07/01/2017,06/30/2018
"45C0001245","CORPUS CHRISTI OUTPATIENT SURG","3636 S. Alameda Ste. A","Corpus Chr",,"TX","78411",3618532200,96,4,0,98,92,6,2,95,92,6,2,95,87,11,2,95,,1280,319,25,07/01/2017,06/30/2018
"45C0001247","Paso Del Norte Surgery Center","125 W. Castellano","El Paso",,"TX","79912",9155328200,96,3,1,98,91,8,1,95,88,11,1,95,86,12,2,95,,1298,325,25,07/01/2017,06/30/2018
"45C0001250","CHRISTUS SPOHN SURGICARE OF CORPUS CHRISTI","718 Elizabeth St Suite 200","Corpus Chr",,"TX","78404",3618823204,98,2,0,99,91,7,2,95,88,10,2,95,86,12,2,94,,898,304,34,07/01/2017,06/30/2018
"45C0001257","Baylor Surgicare at Denton","350 S. I35 East","Denton",,"TX","76205",9403231393,98,2,0,99,95,4,1,97,91,7,2,96,90,9,1,96,,992,298,30,07/01/2017,06/30/2018
"45C0001264","TEXAN SURGERY CENTER","7000 North Mopac Expressway Suite","Austin",,"TX","78731",5123420900,96,3,1,98,87,11,2,93,83,14,3,92,82,16,2,93,,1055,397,38,07/01/2017,06/30/2018
"45C0001267","Nacogdoches Surgery Center","4948 N E Stallings Dr","Nacogdoche",,"TX","75965",9365683595,97,2,1,98,92,6,2,95,91,7,2,95,89,9,2,95,,1295,405,31,07/01/2017,06/30/2018
"45C0001274","The Surgery Center","6370 North Navarro St","Victoria",,"TX","77904",3615708311,98,2,0,99,91,7,2,95,93,6,1,97,92,7,1,97,,1330,483,36,07/01/2017,06/30/2018
"45C0001277","Texas Endoscopy","6405 West Parker Rd Suite 370","Plano",,"TX","75093",2147782570,99,1,0,99,94,4,2,96,92,6,2,96,93,5,2,97,,856,240,28,07/01/2017,06/30/2018
"45C0001298","North Houston Endoscopy & Surgery Center","275 Lantern Bend Suite 400","Houston",,"TX","77090",2814405797,97,2,1,98,90,8,2,94,86,11,3,94,85,13,2,94,,984,298,30,07/01/2017,06/30/2018
"45C0001301","Baylor Surgicare at Grapevine","2040 W. St. Hwy. 114","Grapevine",,"TX","76051",8174104300,98,2,0,99,93,6,1,96,91,8,1,96,87,12,1,95,,901,197,22,07/01/2017,06/30/2018
"45C0001307","Texas Orthopedics Surgery Center","4700 Seton Center Pkwy, Ste. 100","Austin",,"TX","78759",5124391006,96,4,0,98,92,6,2,95,88,11,1,95,85,14,1,95,,1329,361,27,07/01/2017,06/30/2018
"45C0001315","Park Cities Surgery Center","6901 Snider Plaza #300","University",,"TX","75205",2147066901,98,2,0,99,94,5,1,97,93,5,2,96,88,11,1,95,,1457,322,22,07/01/2017,06/30/2018
"45C0001318","Baylor Surgicare at Carrollton","4780  North Josey Lane","Carrollton",,"TX","75010",9723952210,98,2,0,99,93,5,2,96,93,6,1,96,89,10,1,96,,1359,326,24,07/01/2017,06/30/2018
"45C0001338","San Antonio Endoscopy Center","8550 Datapoint, Suite 100","San Antoni",,"TX","78229",2106157232,98,2,0,99,91,7,2,95,89,10,1,96,89,10,1,96,,1305,430,33,07/01/2017,06/30/2018
"45C0001344","Texas Surgical Center","5609 Deauville","Midland",,"TX","79706",4326994224,96,3,1,98,93,5,2,96,91,8,1,96,90,8,2,96,,1140,324,28,07/01/2017,06/30/2018
"45C0001351","Theda Oaks Gastroenterology & Endoscopy Center LTD","19226 Stone Hue Suite 103","San Antoni",,"TX","78258",2102680100,94,5,1,96,86,10,4,91,81,15,4,93,79,18,3,92,,1135,283,25,07/01/2017,06/30/2018
"45C0001355","Day Surgery Center of North Texas","1701 Ohio Dr.","Plano",,"TX","75093",2142913000,99,1,0,99,91,6,3,94,91,8,1,96,88,11,1,95,,1023,279,27,07/01/2017,06/30/2018
"45C0001357","Baylor Surgicare at Fort Worth","975 Haskell St.","Fort Worth",,"TX","76104",8175700230,96,3,1,98,92,6,2,95,92,8,0,96,89,10,1,96,,1135,305,27,07/01/2017,06/30/2018
"45C0001363","Memorial Hermann Endoscopy Center North Loop","1900 North Loop Freeway West","Houston",,"TX","77018",7134572750,97,3,0,98,92,7,1,95,85,13,2,95,84,13,3,93,,1190,237,20,07/01/2017,06/30/2018
"45C0001364","Rockwall Surgery Center","825 West Yellowjacket Ln","Rockwall",,"TX","75087",9727726166,97,3,0,98,91,7,2,95,90,9,1,95,87,12,1,95,,1396,361,26,07/01/2017,06/30/2018
"45C0001369","MEMORIAL HERMANN SURGERY CENTER Southwest","1631 North Loop West Suite 300","Houston",,"TX","77008",7133961300,,,,,,,,,,,,,,,,,"4",,,,,
"45C0001370","Texas International Surgery Center","6620 Main St Ste 1500","Houston",,"TX","77030",7135208432,98,2,0,99,92,6,2,95,92,5,3,95,89,9,2,95,,1196,277,23,07/01/2017,06/30/2018
"45C0001373","Baylor Surgicare at Heath","6435 S. Fm 549 Ste. 101","Heath",,"TX","75032",9727229003,97,2,1,98,93,6,1,96,94,5,1,97,93,5,2,96,,1006,246,24,07/01/2017,06/30/2018
"45C0001374","El Paso Day Surgery Center","1300 Murchison Suite 200","El Paso",,"TX","79902",9155949333,97,3,0,98,89,9,2,93,89,9,2,95,85,14,1,95,,1351,309,23,07/01/2017,06/30/2018
"45C0001384","Tuscan Surgery Center at Las Colinas","701 Tuscan Dr, Suite 100","Irving",,"TX","75039",2144421900,99,1,0,99,92,7,1,96,92,7,1,96,90,8,2,96,,1240,300,24,07/01/2017,06/30/2018
"45C0001391","Texas Endo-Plano East (Parker Rd)","2023 W. Mcdermott Dr., # 240","Allen",,"TX","75013",9727811482,98,2,0,99,93,6,1,96,95,4,1,97,93,6,1,97,,940,277,29,07/01/2017,06/30/2018
"45C0001393","Baylor Surgicare at North Garland","7150 N. George Bush Hwy Ste. 101","Garland",,"TX","75044",2147031800,97,3,0,98,92,7,1,96,91,8,1,96,89,9,2,95,,1159,295,25,07/01/2017,06/30/2018
"45C0001396","Centennial ASC, LP","4401 Coit Rd #100","Frisco",,"TX","75035",4698936573,97,2,1,98,91,7,2,94,87,12,1,95,84,14,2,94,,882,179,20,07/01/2017,06/30/2018
"45C0001406","MEMORIAL HERMANN SURGERY CENTER THE WOODLANDS","9200 Pinecroft #200","The Woodla",,"TX","77380",2812979546,97,2,1,98,91,7,2,94,87,11,2,94,88,10,2,95,,1167,242,21,07/01/2017,06/30/2018
"45C0001412","HILL COUNTRY SURGERY CENTER","801 E. Whitestone Blvd. Ste. 100","Cedar Park",,"TX","78613",5125282000,97,3,0,99,94,4,2,96,88,9,3,95,90,8,2,96,,1531,372,24,07/01/2017,06/30/2018
"45C0001421","Memorial Hermann Surgery Center-Richmond","1517 Thompson Rd. #100","Richmond",,"TX","77469",2813445447,98,2,0,99,91,8,1,95,88,10,2,94,86,11,3,94,,1194,256,21,07/01/2017,06/30/2018
"45C0001422","Keller Endo","180 Bear Creek Parkway","Keller",,"TX","76248",8173373671,98,2,0,99,93,5,2,96,95,5,0,97,93,6,1,97,,1188,330,28,07/01/2017,06/30/2018
"45C0001442","KINGSLAND SURGERY CENTER","21720 Kingsland Blvd, Suite 101","Katy",,"TX","77450",2815795655,98,1,1,99,94,5,1,97,91,8,1,95,91,8,1,96,,1078,289,27,07/01/2017,06/30/2018
"45C0001443","Memorial Hermann Surgery Center Southwest","7789 Southwest Freeway Suite 200","Houston",,"TX","77074",7133433100,,,,,,,,,,,,,,,,,"4",,,,,
"45C0001446","Memorial Hermann Surgery Center Texas Medical Cent","6400 Fannin Ste 1500","Houston",,"TX","77030",7137907700,96,3,1,98,92,6,2,95,89,8,3,95,86,11,3,94,,1425,264,19,07/01/2017,06/30/2018
"45C0001447","MEMORIAL HERMANN SURGERY CENTER KATY LLP","23920 Katy Freeway, Ste. 200","Katy",,"TX","77494",2816443200,96,3,1,97,89,9,2,94,87,11,2,94,87,11,2,94,,1035,218,21,07/01/2017,06/30/2018
"45C0001449","Memorial Hermann Surgery Center Sugar Land","17510 West Grand Pkwy Ste. 200","Sugar Land",,"TX","77479",2812381600,96,3,1,98,91,8,1,95,88,10,2,94,84,14,2,94,,1415,325,23,07/01/2017,06/30/2018
"45C0001458","Northwest Surgery Center","11111 Research Blvd., Suite Ll3","Austin",,"TX","78759",5123494020,98,2,0,99,93,6,1,96,87,12,1,95,85,14,1,95,,1029,270,26,07/01/2017,06/30/2018
"45C0001465","El Paso Center for Gastrointestinal Endoscopy","1620 N. Mesa St","El Paso",,"TX","79902",9155455300,,,,,,,,,,,,,,,,,"4",,,,,
"45C0001471","Granbury","1717 Paluxy Rd.","Granbury",,"TX","76048",8175798863,98,2,0,99,94,5,1,96,93,6,1,97,93,6,1,97,,1440,585,41,07/01/2017,06/30/2018
"45C0001481","HYDE PARK SURGERY CENTER, LP","4611 Guadalupe St., # 100","Austin",,"TX","78751",5124202303,96,4,0,98,90,8,2,94,85,12,3,94,84,13,3,93,,1256,323,26,07/01/2017,06/30/2018
"45C0001486","Baylor Surgicare at Mansfield","280 Regency Parkway","Mansfield",,"TX","76063",8174532744,98,2,0,99,93,6,1,96,93,6,1,96,93,5,2,96,,1424,306,21,07/01/2017,06/30/2018
"45C0001509","Medical Park Tower","1301 West 38th St, Suite 109","Austin",,"TX","78705",5123543000,94,5,1,96,89,9,2,94,80,16,4,92,78,19,3,91,,1437,446,31,07/01/2017,06/30/2018
"45C0001513","Memorial Village","1120 Business Center Dr Suite 110","Houston",,"TX","77043",7133371111,96,3,1,98,92,7,1,96,83,14,3,93,83,15,2,93,,1216,270,22,07/01/2017,06/30/2018
"45C0001522","Williamson Surgery Center","301 Seton Pkwy, Ste 200","Round Rock",,"TX","78665",5128614214,98,1,1,99,95,4,1,97,91,6,3,96,92,6,2,96,,787,256,33,07/01/2017,06/30/2018
"45C0001536","Kirby Glen Surgery Center","2459 S. Braeswood Blvd.","Houston",,"TX","77030",7135298600,97,3,0,98,92,7,1,95,85,13,2,94,83,15,2,93,,2630,728,28,07/01/2017,06/30/2018
"45C0001570","Lone Star Endoscopy Flower Mound","1001 Surrey Lane","Flower Mou",,"TX","75022",2145136300,97,3,0,99,94,4,2,96,94,5,1,97,91,8,1,96,,1000,268,27,07/01/2017,06/30/2018
"45C0001597","North Pines Surgery Center","4019 I-45 NORTH, SUITE 150","Conroe",,"TX","77304",9366418181,,,,,,,,,,,,,,,,,"4",,,,,
"45C0001606","US Cardio of SA","6830 Heuermann Rd","San Antoni",,"TX","78256",2108024350,,,,,,,,,,,,,,,,,"4",,,,,
"45C0001607","Memorial Hermann Surgery Center Pinecroft","9305 Pinecroft Dr Suite 200","The Woodla",,"TX","77380",8328235156,96,3,1,98,90,8,2,94,89,8,3,94,83,14,3,93,,2169,498,23,07/01/2017,06/30/2018
"45C0001621","The Ambulatory Surgical Center at LBJ","5550 Kelley St","Houston",,"TX","77026",7135569129,,,,,,,,,,,,,,,,,"4",,,,,
"45C0001622","Methodist Allen Surgery Center","1125 Raintree Cirlce Suite 200","Allen",,"TX","75013",9725694500,,,,,,,,,,,,,,,,,"4",,,,,
"45C0001638","Craig Ranch Surgery Center","6045 Alma Rd Suite 100","Mckinney",,"TX","75070",4699071651,,,,,,,,,,,,,,,,,"4",,,,,
"46C0001003","Avenues Surgical Center","359  East 8th Ave","Salt Lake",,"UT","84103",8015072959,98,2,0,99,91,7,2,94,91,7,2,95,87,11,2,95,,956,255,27,07/01/2017,06/30/2018
"46C0001004","McKay-Dee Surgical Center","3903 Harrison Blvd., Ste. 100","Ogden",,"UT","84403",8013873600,97,3,0,99,91,8,1,95,89,9,2,95,88,10,2,95,,1428,409,29,07/01/2017,06/30/2018
"49C0001009","Surgi-Center of Central Virginia","1500 Dixon St Suite 101","Fredericks",,"VA","22401",5403715349,97,2,1,98,93,5,2,95,87,11,2,95,88,11,1,95,,1146,457,40,07/01/2017,06/30/2018
"49C0001025","STONY POINT SURGERY CENTER, L.L.C (49C0001025)","8700 Stony Point Parkway, Suite 10","Richmond",,"VA","23235",8047754500,,,,,,,,,,,,,,,,,"4",,,,,
"49C0001034","Orthopaedic South Surgical Center","12720 Mcmanus Blvd. Ste. 103","Newport Ne",,"VA","23602",7573697000,97,3,0,99,92,7,1,95,86,13,1,94,81,17,2,93,,1294,394,30,07/01/2017,06/30/2018
"49C0001044","Saint Mary's Ambulatory Surgery Center","1501 Maple Ave Suite 300","Richmond",,"VA","23226",8042877289,98,2,0,99,91,7,2,95,88,11,1,96,89,10,1,96,,916,270,29,07/01/2017,06/30/2018
"49C0001047","Bon Secours Surgery Center at Virginia Beach","828 Healthy Way Suite 115","Virginia B",,"VA","23462",7574958070,97,2,1,98,91,7,2,95,90,9,1,95,89,9,2,96,,875,311,36,07/01/2017,06/30/2018
"49C0001049","Bon Secours Surgery Center at Harbour View","5818 Harbour View Blvd Suite 102d","Suffolk",,"VA","23435",7572150499,97,3,0,98,90,8,2,94,88,11,1,95,85,13,2,94,,986,323,33,07/01/2017,06/30/2018
"50C0001095","Evergreen Endoscopy Center","11800 Ne 128th St Suite 100","Kirkland",,"WA","98034",4258994500,,,,,,,,,,,,,,,,,"4",,,,,
"50C0001130","Seattle Endoscopy Center","11027 Meridian Ave. N. Ste. 100","Seattle",,"WA","98133",2063654492,,,,,,,,,,,,,,,,,"4",,,,,
"50C0001146","The Everett Clinic","3927 Rucker Ave","Everett",,"WA","98201",4252853906,,,,,,,,,,,,,,,,,"4",,,,,
"50C0001152","The Vancouver Clinic","700 Ne 87th Ave.","Vancouver",,"WA","98664",3603973462,,,,,,,,,,,,,,,,,"4",,,,,
"50C0001157","Edmonds Endoscopy Center","21600 Hwy 99, Ste. 260","Edmonds",,"WA","98026",4257742650,,,,,,,,,,,,,,,,,"4",,,,,
"50C0001226","Fremont Endoscopy Center","501 N. 34th St. Ste. 101","Seattle",,"WA","98103",2068381777,,,,,,,,,,,,,,,,,"4",,,,,
"50C0001311","Providence Surgery and Procedure Center","16528 E Desmet Ct A2100","Spokane Va",,"WA","99216",5099448960,,,,,,,,,,,,,,,,,"4",,,,,
"52C0001005","Dean Medical Group Davis Duehr Dean Surgery Center","1025 Regent St","Madison",,"WI","53715",6082593570,96,4,0,98,91,8,1,95,84,14,2,93,87,12,1,95,,742,370,50,07/01/2017,06/30/2018
"52C0001006","AH NORTH SHORE SURG CTR","7007 N. Range Line Rd.","Milwaukee",,"WI","53209",2625327092,,,,,,,,,,,,,,,,,"4",,,,,
"52C0001011","SSM Health Dean Clinic","700 South Park St","Madison",,"WI","53715",6082593510,98,2,0,99,92,7,1,95,88,11,1,95,88,12,0,96,,991,379,38,07/01/2017,06/30/2018
"52C0001057","AH EAST MEQUON SURG CTR","12203 N. Corporate Parkway","Mequon",,"WI","53092",4146511023,,,,,,,,,,,,,,,,,"4",,,,,
"52C0001066","Aspirus Stevens Point Surgery Center","5409 Vern Holmes Dr.","Stevens Po",,"WI","54481",7153421015,,,,,,,,,,,,,,,,,"4",,,,,
"52C0001098","VasCare Mayfair","805 N. Mayfair Rd.","Wauwatosa",,"WI","53226",4149886773,,,,,,,,,,,,,,,,,"4",,,,,
"52C0001113","AH GERMANTOWN SURG CTR","West 180 North 11070 River Lane Rd","Germantown",,"WI","53222",2625329777,,,,,,,,,,,,,,,,,"4",,,,,
"53C0001010","Teton Outpatient Services","150 Buffalo Way","Jackson",,"WY","83001",3077338677,98,2,0,99,90,9,1,95,87,11,2,94,90,10,0,96,,1139,334,29,07/01/2017,06/30/2018
"53C0001018","Sheridan Surgical Center","1524 West 5th St","Sheridan",,"WY","82801",3706727874,,,,,,,,,,,,,,,,,"4",,,,,
"55C0001055","Providence Holy Cross Surgery Center","11550 Indian Hills Rd Suite 160","Mission Hi",,"CA","91345",8182562100,97,3,0,98,92,7,1,95,86,12,2,94,88,11,1,95,,1145,336,29,07/01/2017,06/30/2018
"55C0001083","Sacramento Midtown Endoscopy Center","3941 J St Suite 460","Sacramento",,"CA","95819",9167336218,97,2,1,98,88,9,3,93,85,13,2,94,81,17,2,93,,811,235,29,07/01/2017,06/30/2018

