Measure Name,Measure ID,Score,Footnote,Measure Start Date,Measure End Date
"Central Line Associated Bloodstream Infection (ICU + select Wards)","HAI_1_SIR","1","","04/01/2017","03/31/2018"
"Catheter Associated Urinary Tract Infections (ICU + select Wards)","HAI_2_SIR","1","","04/01/2017","03/31/2018"
"SSI - Colon Surgery","HAI_3_SIR","1","","04/01/2017","03/31/2018"
"SSI - Abdominal Hysterectomy","HAI_4_SIR","1","","04/01/2017","03/31/2018"
"MRSA Bacteremia","HAI_5_SIR","1","","04/01/2017","03/31/2018"
"Clostridium Difficile (C.Diff)","HAI_6_SIR","1","","04/01/2017","03/31/2018"
