Provider ID,Hospital Name,Hospital_Type,Address,City,State,ZIP Code,County Name,MEASURE_ID,MEASURE_DESCRIPTION,HOSPITAL_PERFORMANCE,Denominator,FOOTNOTE,RPTG_PRD_START_DATE,RPTG_PRD_END_DATE
"220162","DANA-FARBER CANCER INSTITUTE","Acute Care Hospitals","450 BROOKLINE AVENUE","BOSTON","MA","02115","SUFFOLK","PCH-25_PERFORMANCE","External Beam Radiotherapy for Bone Metastases","100","53","2","01/01/2017","12/31/2017"
"330354","ROSWELL PARK CANCER INSTITUTE","Acute Care Hospitals","ELM AND CARLTON STREETS","BUFFALO","NY","14203","ERIE","PCH-25_PERFORMANCE","External Beam Radiotherapy for Bone Metastases","95","66","2","01/01/2017","12/31/2017"
"100079","UNIV OF MIAMI HOSPITAL AND CLINICS-SYLVESTER COMPR","Acute Care Hospitals","1475 NW 12TH AVE","MIAMI","FL","33136","MIAMI-DADE","PCH-25_PERFORMANCE","External Beam Radiotherapy for Bone Metastases","94","95","","01/01/2017","12/31/2017"
"390196","HOSPITAL OF THE FOX CHASE CANCER CENTER","Acute Care Hospitals","333 COTTMAN AVENUE","PHILADELPHIA","PA","19111","PHILADELPHIA","PCH-25_PERFORMANCE","External Beam Radiotherapy for Bone Metastases","100","61","","01/01/2017","12/31/2017"
"100271","H LEE MOFFITT CANCER CENTER & RESEARCH INSTITUTE I","Acute Care Hospitals","12902 MAGNOLIA DR","TAMPA","FL","33612","HILLSBOROUGH","PCH-25_PERFORMANCE","External Beam Radiotherapy for Bone Metastases","97","100","2","01/01/2017","12/31/2017"
"050146","CITY OF HOPE HELFORD CLINICAL RESEARCH HOSPITAL","Acute Care Hospitals","1500 E DUARTE ROAD","DUARTE","CA","91010","LOS ANGELES","PCH-25_PERFORMANCE","External Beam Radiotherapy for Bone Metastases","72","176","","01/01/2017","12/31/2017"
"500138","SEATTLE CANCER CARE ALLIANCE","Acute Care Hospitals","825 EASTLAKE AVENUE EAST","SEATTLE","WA","98109","KING","PCH-25_PERFORMANCE","External Beam Radiotherapy for Bone Metastases","91","65","","01/01/2017","12/31/2017"
"050660","USC KENNETH NORRIS JR CANCER HOSPITAL","Acute Care Hospitals","1441 EASTLAKE AVE","LOS ANGELES","CA","90089","LOS ANGELES","PCH-25_PERFORMANCE","External Beam Radiotherapy for Bone Metastases","100","40","2","01/01/2017","12/31/2017"
"360242","JAMES CANCER HOSPITAL & SOLOVE RESEARCH INSTITUTE","Acute Care Hospitals","460 WEST TENTH AVENUE","COLUMBUS","OH","43210","FRANKLIN","PCH-25_PERFORMANCE","External Beam Radiotherapy for Bone Metastases","90","70","2","01/01/2017","12/31/2017"
"450076","UNIVERSITY OF TEXAS M D ANDERSON CANCER CENTER,THE","Acute Care Hospitals","1515 HOLCOMBE BLVD","HOUSTON","TX","77030","HARRIS","PCH-25_PERFORMANCE","External Beam Radiotherapy for Bone Metastases","90","100","2","01/01/2017","12/31/2017"
"330154","MEMORIAL HOSPITAL FOR CANCER AND ALLIED DISEASES","Acute Care Hospitals","1275 YORK AVENUE","NEW YORK","NY","10021","NEW YORK","PCH-25_PERFORMANCE","External Beam Radiotherapy for Bone Metastases","89","100","2","01/01/2017","12/31/2017"
