Provider ID,Hospital Name,Hospital_Type,Address,City,State,ZIP Code,County Name,MEASURE_ID,MEASURE_DESCRIPTION,HOSPITAL_PERFORMANCE,DENOMINATOR,FOOTNOTE,RPTG_PRD_START_DT,RPTG_PRD_END_DT
"220162","DANA-FARBER CANCER INSTITUTE","Acute Care Hospitals","450 BROOKLINE AVENUE","BOSTON","MA","02115","SUFFOLK","PCH-14","Oncology: Radiation Dose Limits to Normal Tissues","100","100","2","01/01/2017","12/31/2017"
"220162","DANA-FARBER CANCER INSTITUTE","Acute Care Hospitals","450 BROOKLINE AVENUE","BOSTON","MA","02115","SUFFOLK","PCH-15","Oncology: Plan of Care for Pain - Medical Oncology and Radiation Oncology","97","68","","01/01/2017","12/31/2017"
"220162","DANA-FARBER CANCER INSTITUTE","Acute Care Hospitals","450 BROOKLINE AVENUE","BOSTON","MA","02115","SUFFOLK","PCH-16","Oncology: Medical and Radiation - Pain Intensity Quantified","100","500","2","01/01/2017","12/31/2017"
"220162","DANA-FARBER CANCER INSTITUTE","Acute Care Hospitals","450 BROOKLINE AVENUE","BOSTON","MA","02115","SUFFOLK","PCH-17","Prostate Cancer: Adjuvant Hormonal Therapy for High or Very High Risk Cancer Patients","Not Available","0","7","01/01/2017","12/31/2017"
"220162","DANA-FARBER CANCER INSTITUTE","Acute Care Hospitals","450 BROOKLINE AVENUE","BOSTON","MA","02115","SUFFOLK","PCH-18","Prostate Cancer: Avoidance of Overuse of Bone Scan for Staging Low Risk Prostate Cancer Patients","Not Available","0","7","01/01/2017","12/31/2017"
"330354","ROSWELL PARK CANCER INSTITUTE","Acute Care Hospitals","ELM AND CARLTON STREETS","BUFFALO","NY","14203","ERIE","PCH-14","Oncology: Radiation Dose Limits to Normal Tissues","100","64","2","01/01/2017","12/31/2017"
"330354","ROSWELL PARK CANCER INSTITUTE","Acute Care Hospitals","ELM AND CARLTON STREETS","BUFFALO","NY","14203","ERIE","PCH-15","Oncology: Plan of Care for Pain - Medical Oncology and Radiation Oncology","99","111","2","01/01/2017","12/31/2017"
"330354","ROSWELL PARK CANCER INSTITUTE","Acute Care Hospitals","ELM AND CARLTON STREETS","BUFFALO","NY","14203","ERIE","PCH-16","Oncology: Medical and Radiation - Pain Intensity Quantified","91","639","2","01/01/2017","12/31/2017"
"330354","ROSWELL PARK CANCER INSTITUTE","Acute Care Hospitals","ELM AND CARLTON STREETS","BUFFALO","NY","14203","ERIE","PCH-17","Prostate Cancer: Adjuvant Hormonal Therapy for High or Very High Risk Cancer Patients","100","17","","01/01/2017","12/31/2017"
"330354","ROSWELL PARK CANCER INSTITUTE","Acute Care Hospitals","ELM AND CARLTON STREETS","BUFFALO","NY","14203","ERIE","PCH-18","Prostate Cancer: Avoidance of Overuse of Bone Scan for Staging Low Risk Prostate Cancer Patients","Not Available","Not Available","1","01/01/2017","12/31/2017"
"100079","UNIV OF MIAMI HOSPITAL AND CLINICS-SYLVESTER COMPR","Acute Care Hospitals","1475 NW 12TH AVE","MIAMI","FL","33136","MIAMI-DADE","PCH-14","Oncology: Radiation Dose Limits to Normal Tissues","100","182","","01/01/2017","12/31/2017"
"100079","UNIV OF MIAMI HOSPITAL AND CLINICS-SYLVESTER COMPR","Acute Care Hospitals","1475 NW 12TH AVE","MIAMI","FL","33136","MIAMI-DADE","PCH-15","Oncology: Plan of Care for Pain - Medical Oncology and Radiation Oncology","93","100","2","01/01/2017","12/31/2017"
"100079","UNIV OF MIAMI HOSPITAL AND CLINICS-SYLVESTER COMPR","Acute Care Hospitals","1475 NW 12TH AVE","MIAMI","FL","33136","MIAMI-DADE","PCH-16","Oncology: Medical and Radiation - Pain Intensity Quantified","100","639","2","01/01/2017","12/31/2017"
"100079","UNIV OF MIAMI HOSPITAL AND CLINICS-SYLVESTER COMPR","Acute Care Hospitals","1475 NW 12TH AVE","MIAMI","FL","33136","MIAMI-DADE","PCH-17","Prostate Cancer: Adjuvant Hormonal Therapy for High or Very High Risk Cancer Patients","100","18","","01/01/2017","12/31/2017"
"100079","UNIV OF MIAMI HOSPITAL AND CLINICS-SYLVESTER COMPR","Acute Care Hospitals","1475 NW 12TH AVE","MIAMI","FL","33136","MIAMI-DADE","PCH-18","Prostate Cancer: Avoidance of Overuse of Bone Scan for Staging Low Risk Prostate Cancer Patients","Not Available","Not Available","1","01/01/2017","12/31/2017"
"390196","HOSPITAL OF THE FOX CHASE CANCER CENTER","Acute Care Hospitals","333 COTTMAN AVENUE","PHILADELPHIA","PA","19111","PHILADELPHIA","PCH-14","Oncology: Radiation Dose Limits to Normal Tissues","100","235","","01/01/2017","12/31/2017"
"390196","HOSPITAL OF THE FOX CHASE CANCER CENTER","Acute Care Hospitals","333 COTTMAN AVENUE","PHILADELPHIA","PA","19111","PHILADELPHIA","PCH-15","Oncology: Plan of Care for Pain - Medical Oncology and Radiation Oncology","91","263","2","01/01/2017","12/31/2017"
"390196","HOSPITAL OF THE FOX CHASE CANCER CENTER","Acute Care Hospitals","333 COTTMAN AVENUE","PHILADELPHIA","PA","19111","PHILADELPHIA","PCH-16","Oncology: Medical and Radiation - Pain Intensity Quantified","98","805","2","01/01/2017","12/31/2017"
"390196","HOSPITAL OF THE FOX CHASE CANCER CENTER","Acute Care Hospitals","333 COTTMAN AVENUE","PHILADELPHIA","PA","19111","PHILADELPHIA","PCH-17","Prostate Cancer: Adjuvant Hormonal Therapy for High or Very High Risk Cancer Patients","100","34","","01/01/2017","12/31/2017"
"390196","HOSPITAL OF THE FOX CHASE CANCER CENTER","Acute Care Hospitals","333 COTTMAN AVENUE","PHILADELPHIA","PA","19111","PHILADELPHIA","PCH-18","Prostate Cancer: Avoidance of Overuse of Bone Scan for Staging Low Risk Prostate Cancer Patients","100","39","","01/01/2017","12/31/2017"
"100271","H LEE MOFFITT CANCER CENTER & RESEARCH INSTITUTE I","Acute Care Hospitals","12902 MAGNOLIA DR","TAMPA","FL","33612","HILLSBOROUGH","PCH-14","Oncology: Radiation Dose Limits to Normal Tissues","100","69","2","01/01/2017","12/31/2017"
"100271","H LEE MOFFITT CANCER CENTER & RESEARCH INSTITUTE I","Acute Care Hospitals","12902 MAGNOLIA DR","TAMPA","FL","33612","HILLSBOROUGH","PCH-15","Oncology: Plan of Care for Pain - Medical Oncology and Radiation Oncology","100","100","2","01/01/2017","12/31/2017"
"100271","H LEE MOFFITT CANCER CENTER & RESEARCH INSTITUTE I","Acute Care Hospitals","12902 MAGNOLIA DR","TAMPA","FL","33612","HILLSBOROUGH","PCH-16","Oncology: Medical and Radiation - Pain Intensity Quantified","94","384","2","01/01/2017","12/31/2017"
"100271","H LEE MOFFITT CANCER CENTER & RESEARCH INSTITUTE I","Acute Care Hospitals","12902 MAGNOLIA DR","TAMPA","FL","33612","HILLSBOROUGH","PCH-17","Prostate Cancer: Adjuvant Hormonal Therapy for High or Very High Risk Cancer Patients","94","36","2","01/01/2017","12/31/2017"
"100271","H LEE MOFFITT CANCER CENTER & RESEARCH INSTITUTE I","Acute Care Hospitals","12902 MAGNOLIA DR","TAMPA","FL","33612","HILLSBOROUGH","PCH-18","Prostate Cancer: Avoidance of Overuse of Bone Scan for Staging Low Risk Prostate Cancer Patients","91","34","2","01/01/2017","12/31/2017"
"050146","CITY OF HOPE HELFORD CLINICAL RESEARCH HOSPITAL","Acute Care Hospitals","1500 E DUARTE ROAD","DUARTE","CA","91010","LOS ANGELES","PCH-14","Oncology: Radiation Dose Limits to Normal Tissues","100","188","","01/01/2017","12/31/2017"
"050146","CITY OF HOPE HELFORD CLINICAL RESEARCH HOSPITAL","Acute Care Hospitals","1500 E DUARTE ROAD","DUARTE","CA","91010","LOS ANGELES","PCH-15","Oncology: Plan of Care for Pain - Medical Oncology and Radiation Oncology","93","298","2","01/01/2017","12/31/2017"
"050146","CITY OF HOPE HELFORD CLINICAL RESEARCH HOSPITAL","Acute Care Hospitals","1500 E DUARTE ROAD","DUARTE","CA","91010","LOS ANGELES","PCH-16","Oncology: Medical and Radiation - Pain Intensity Quantified","96","2095","2","01/01/2017","12/31/2017"
"050146","CITY OF HOPE HELFORD CLINICAL RESEARCH HOSPITAL","Acute Care Hospitals","1500 E DUARTE ROAD","DUARTE","CA","91010","LOS ANGELES","PCH-17","Prostate Cancer: Adjuvant Hormonal Therapy for High or Very High Risk Cancer Patients","100","36","","01/01/2017","12/31/2017"
"050146","CITY OF HOPE HELFORD CLINICAL RESEARCH HOSPITAL","Acute Care Hospitals","1500 E DUARTE ROAD","DUARTE","CA","91010","LOS ANGELES","PCH-18","Prostate Cancer: Avoidance of Overuse of Bone Scan for Staging Low Risk Prostate Cancer Patients","95","20","","01/01/2017","12/31/2017"
"500138","SEATTLE CANCER CARE ALLIANCE","Acute Care Hospitals","825 EASTLAKE AVENUE EAST","SEATTLE","WA","98109","KING","PCH-14","Oncology: Radiation Dose Limits to Normal Tissues","100","59","2","01/01/2017","12/31/2017"
"500138","SEATTLE CANCER CARE ALLIANCE","Acute Care Hospitals","825 EASTLAKE AVENUE EAST","SEATTLE","WA","98109","KING","PCH-15","Oncology: Plan of Care for Pain - Medical Oncology and Radiation Oncology","96","132","","01/01/2017","12/31/2017"
"500138","SEATTLE CANCER CARE ALLIANCE","Acute Care Hospitals","825 EASTLAKE AVENUE EAST","SEATTLE","WA","98109","KING","PCH-16","Oncology: Medical and Radiation - Pain Intensity Quantified","95","444","2","01/01/2017","12/31/2017"
"500138","SEATTLE CANCER CARE ALLIANCE","Acute Care Hospitals","825 EASTLAKE AVENUE EAST","SEATTLE","WA","98109","KING","PCH-17","Prostate Cancer: Adjuvant Hormonal Therapy for High or Very High Risk Cancer Patients","100","19","","01/01/2017","12/31/2017"
"500138","SEATTLE CANCER CARE ALLIANCE","Acute Care Hospitals","825 EASTLAKE AVENUE EAST","SEATTLE","WA","98109","KING","PCH-18","Prostate Cancer: Avoidance of Overuse of Bone Scan for Staging Low Risk Prostate Cancer Patients","Not Available","Not Available","1","01/01/2017","12/31/2017"
"050660","USC KENNETH NORRIS JR CANCER HOSPITAL","Acute Care Hospitals","1441 EASTLAKE AVE","LOS ANGELES","CA","90089","LOS ANGELES","PCH-14","Oncology: Radiation Dose Limits to Normal Tissues","100","40","2","01/01/2017","12/31/2017"
"050660","USC KENNETH NORRIS JR CANCER HOSPITAL","Acute Care Hospitals","1441 EASTLAKE AVE","LOS ANGELES","CA","90089","LOS ANGELES","PCH-15","Oncology: Plan of Care for Pain - Medical Oncology and Radiation Oncology","75","125","2","01/01/2017","12/31/2017"
"050660","USC KENNETH NORRIS JR CANCER HOSPITAL","Acute Care Hospitals","1441 EASTLAKE AVE","LOS ANGELES","CA","90089","LOS ANGELES","PCH-16","Oncology: Medical and Radiation - Pain Intensity Quantified","93","513","2","01/01/2017","12/31/2017"
"050660","USC KENNETH NORRIS JR CANCER HOSPITAL","Acute Care Hospitals","1441 EASTLAKE AVE","LOS ANGELES","CA","90089","LOS ANGELES","PCH-17","Prostate Cancer: Adjuvant Hormonal Therapy for High or Very High Risk Cancer Patients","Not Available","Not Available","1","01/01/2017","12/31/2017"
"050660","USC KENNETH NORRIS JR CANCER HOSPITAL","Acute Care Hospitals","1441 EASTLAKE AVE","LOS ANGELES","CA","90089","LOS ANGELES","PCH-18","Prostate Cancer: Avoidance of Overuse of Bone Scan for Staging Low Risk Prostate Cancer Patients","Not Available","Not Available","1","01/01/2017","12/31/2017"
"360242","JAMES CANCER HOSPITAL & SOLOVE RESEARCH INSTITUTE","Acute Care Hospitals","460 WEST TENTH AVENUE","COLUMBUS","OH","43210","FRANKLIN","PCH-14","Oncology: Radiation Dose Limits to Normal Tissues","100","45","2","01/01/2017","12/31/2017"
"360242","JAMES CANCER HOSPITAL & SOLOVE RESEARCH INSTITUTE","Acute Care Hospitals","460 WEST TENTH AVENUE","COLUMBUS","OH","43210","FRANKLIN","PCH-15","Oncology: Plan of Care for Pain - Medical Oncology and Radiation Oncology","98","101","","01/01/2017","12/31/2017"
"360242","JAMES CANCER HOSPITAL & SOLOVE RESEARCH INSTITUTE","Acute Care Hospitals","460 WEST TENTH AVENUE","COLUMBUS","OH","43210","FRANKLIN","PCH-16","Oncology: Medical and Radiation - Pain Intensity Quantified","100","244","2","01/01/2017","12/31/2017"
"360242","JAMES CANCER HOSPITAL & SOLOVE RESEARCH INSTITUTE","Acute Care Hospitals","460 WEST TENTH AVENUE","COLUMBUS","OH","43210","FRANKLIN","PCH-17","Prostate Cancer: Adjuvant Hormonal Therapy for High or Very High Risk Cancer Patients","100","67","2","01/01/2017","12/31/2017"
"360242","JAMES CANCER HOSPITAL & SOLOVE RESEARCH INSTITUTE","Acute Care Hospitals","460 WEST TENTH AVENUE","COLUMBUS","OH","43210","FRANKLIN","PCH-18","Prostate Cancer: Avoidance of Overuse of Bone Scan for Staging Low Risk Prostate Cancer Patients","100","13","","01/01/2017","12/31/2017"
"450076","UNIVERSITY OF TEXAS M D ANDERSON CANCER CENTER,THE","Acute Care Hospitals","1515 HOLCOMBE BLVD","HOUSTON","TX","77030","HARRIS","PCH-14","Oncology: Radiation Dose Limits to Normal Tissues","100","100","2","01/01/2017","12/31/2017"
"450076","UNIVERSITY OF TEXAS M D ANDERSON CANCER CENTER,THE","Acute Care Hospitals","1515 HOLCOMBE BLVD","HOUSTON","TX","77030","HARRIS","PCH-15","Oncology: Plan of Care for Pain - Medical Oncology and Radiation Oncology","100","100","2","01/01/2017","12/31/2017"
"450076","UNIVERSITY OF TEXAS M D ANDERSON CANCER CENTER,THE","Acute Care Hospitals","1515 HOLCOMBE BLVD","HOUSTON","TX","77030","HARRIS","PCH-16","Oncology: Medical and Radiation - Pain Intensity Quantified","100","100","2","01/01/2017","12/31/2017"
"450076","UNIVERSITY OF TEXAS M D ANDERSON CANCER CENTER,THE","Acute Care Hospitals","1515 HOLCOMBE BLVD","HOUSTON","TX","77030","HARRIS","PCH-17","Prostate Cancer: Adjuvant Hormonal Therapy for High or Very High Risk Cancer Patients","100","100","2","01/01/2017","12/31/2017"
"450076","UNIVERSITY OF TEXAS M D ANDERSON CANCER CENTER,THE","Acute Care Hospitals","1515 HOLCOMBE BLVD","HOUSTON","TX","77030","HARRIS","PCH-18","Prostate Cancer: Avoidance of Overuse of Bone Scan for Staging Low Risk Prostate Cancer Patients","100","60","","01/01/2017","12/31/2017"
"330154","MEMORIAL HOSPITAL FOR CANCER AND ALLIED DISEASES","Acute Care Hospitals","1275 YORK AVENUE","NEW YORK","NY","10021","NEW YORK","PCH-14","Oncology: Radiation Dose Limits to Normal Tissues","100","100","2","01/01/2017","12/31/2017"
"330154","MEMORIAL HOSPITAL FOR CANCER AND ALLIED DISEASES","Acute Care Hospitals","1275 YORK AVENUE","NEW YORK","NY","10021","NEW YORK","PCH-15","Oncology: Plan of Care for Pain - Medical Oncology and Radiation Oncology","99","97","","01/01/2017","12/31/2017"
"330154","MEMORIAL HOSPITAL FOR CANCER AND ALLIED DISEASES","Acute Care Hospitals","1275 YORK AVENUE","NEW YORK","NY","10021","NEW YORK","PCH-16","Oncology: Medical and Radiation - Pain Intensity Quantified","96","367","2","01/01/2017","12/31/2017"
"330154","MEMORIAL HOSPITAL FOR CANCER AND ALLIED DISEASES","Acute Care Hospitals","1275 YORK AVENUE","NEW YORK","NY","10021","NEW YORK","PCH-17","Prostate Cancer: Adjuvant Hormonal Therapy for High or Very High Risk Cancer Patients","100","43","2","01/01/2017","12/31/2017"
"330154","MEMORIAL HOSPITAL FOR CANCER AND ALLIED DISEASES","Acute Care Hospitals","1275 YORK AVENUE","NEW YORK","NY","10021","NEW YORK","PCH-18","Prostate Cancer: Avoidance of Overuse of Bone Scan for Staging Low Risk Prostate Cancer Patients","100","34","2","01/01/2017","12/31/2017"
