Measure Name,Measure ID,Measure Start Quarter,Measure Start Date,Measure End Quarter,Measure End Date
Distribution of Net Change in Base Operating DRG Payment Amount,FY 2017: Distribution of Net Change in Base Operating DRG Payment Amount,4Q2016,10/1/2016,3Q2017,9/30/2017
Net Change in Base Operating DRG Payment Amount,FY 2017: Net Change in Base Operating DRG Payment Amount,4Q2016,10/1/2016,3Q2017,9/30/2017
Percent Change in Medicare Payments,FY 2017: Percent Change in Medicare Payments,4Q2016,10/1/2016,3Q2017,9/30/2017
Value-Based Incentive Payment Amount,FY 2017: Value-Based Incentive Payment Amount,4Q2016,10/1/2016,3Q2017,9/30/2017
Acute Myocardial Infarction (AMI) 30-day mortality rate,HVBP_ MORT_30_AMI,3Q2014,7/1/2014,2Q2017,6/30/2017
Medicare Spending per Beneficiary,HVBP_ MSPB_1,1Q2017,1/1/2017,4Q2017,12/31/2017
Catheter-Associated Urinary Tract Infections (CAUTI),HVBP_CAUTI,1Q2017,1/1/2017,4Q2017,12/31/2017
Clostridium difficile Infection,HVBP_CDI,1Q2017,1/1/2017,4Q2017,12/31/2017
Central Line-Associated Bloodstream Infection (CLABSI),HVBP_CLABSI,1Q2017,1/1/2017,4Q2017,12/31/2017
Complication Rate (RSCR) following Total Hip/Knee Arthroplasty,HVBP_COMP_HIP_KNEE,1Q2015,1/1/2015,2Q2017,6/30/2017
Cleanliness and quietness of hospital environment (individual measure),HVBP_H_CLEAN_QUIET_HSP_A_P,1Q2017,1/1/2017,4Q2017,12/31/2017
Communication with nurses (summary measure),HVBP_H_COMP_1_A_P,1Q2017,1/1/2017,4Q2017,12/31/2017
Communication with doctors (summary measure),HVBP_H_COMP_2_A_P,1Q2017,1/1/2017,4Q2017,12/31/2017
Responsiveness of hospital staff (summary measure),HVBP_H_COMP_3_A_P,1Q2017,1/1/2017,4Q2017,12/31/2017
Communication about medicines (summary measure),HVBP_H_COMP_5_A_P,1Q2017,1/1/2017,4Q2017,12/31/2017
Discharge information (summary measure),HVBP_H_COMP_6_Y_P,1Q2017,1/1/2017,4Q2017,12/31/2017
"HCAHPS Care Transition Measure (CTM)""",HVBP_H_COMP_7_SA�,1Q2017,1/1/2017,4Q2017,12/31/2017
Overall rating of hospital (global measure),HVBP_H_HSP_RATING_9_10,1Q2017,1/1/2017,4Q2017,12/31/2017
Heart Failure (HF) 30-day mortality rate,HVBP_MORT_30_HF,3Q2014,7/1/2014,2Q2017,6/30/2017
Pneumonia (PN) 30-day mortality rate,HVBP_MORT_30_PN,3Q2014,7/1/2014,2Q2017,6/30/2017
Methicillin-Resistant Staphylococcus aureus,HVBP_MRSA,1Q2017,1/1/2017,4Q2017,12/31/2017
Elective Delivery Prior to 39 Completed Weeks Gestation,HVBP_PC_01,1Q2017,1/1/2017,4Q2017,12/31/2017
Surgical Site Infection (SSI) colon and hysterectomy,HVBP_SSI,1Q2017,1/1/2017,4Q2017,12/31/2017
