State,Measure Name,Measure ID,Score,Footnote,Measure Start Date,Measure End Date
"AK","Medicare hospital spending per patient (Medicare Spending per Beneficiary)","MSPB-1","0.93","14 - The results for this state are combined with nearby states to protect confidentiality.","01/01/2017","12/31/2017"
"AS","Medicare hospital spending per patient (Medicare Spending per Beneficiary)","MSPB-1","Not Available","9 - No data are available from the state/territory for this reporting period.","01/01/2017","12/31/2017"
"KY","Medicare hospital spending per patient (Medicare Spending per Beneficiary)","MSPB-1","0.98","","01/01/2017","12/31/2017"
"MA","Medicare hospital spending per patient (Medicare Spending per Beneficiary)","MSPB-1","1","","01/01/2017","12/31/2017"
"MD","Medicare hospital spending per patient (Medicare Spending per Beneficiary)","MSPB-1","Not Available","9 - No data are available from the state/territory for this reporting period.","01/01/2017","12/31/2017"
"NE","Medicare hospital spending per patient (Medicare Spending per Beneficiary)","MSPB-1","0.97","","01/01/2017","12/31/2017"
"OH","Medicare hospital spending per patient (Medicare Spending per Beneficiary)","MSPB-1","1.01","","01/01/2017","12/31/2017"
"PA","Medicare hospital spending per patient (Medicare Spending per Beneficiary)","MSPB-1","0.99","","01/01/2017","12/31/2017"
"PR","Medicare hospital spending per patient (Medicare Spending per Beneficiary)","MSPB-1","Not Available","9 - No data are available from the state/territory for this reporting period.","01/01/2017","12/31/2017"
"SD","Medicare hospital spending per patient (Medicare Spending per Beneficiary)","MSPB-1","0.99","14 - The results for this state are combined with nearby states to protect confidentiality.","01/01/2017","12/31/2017"
"AR","Medicare hospital spending per patient (Medicare Spending per Beneficiary)","MSPB-1","1","","01/01/2017","12/31/2017"
"HI","Medicare hospital spending per patient (Medicare Spending per Beneficiary)","MSPB-1","0.91","","01/01/2017","12/31/2017"
"MN","Medicare hospital spending per patient (Medicare Spending per Beneficiary)","MSPB-1","0.89","","01/01/2017","12/31/2017"
"NJ","Medicare hospital spending per patient (Medicare Spending per Beneficiary)","MSPB-1","1.06","","01/01/2017","12/31/2017"
"OK","Medicare hospital spending per patient (Medicare Spending per Beneficiary)","MSPB-1","0.96","","01/01/2017","12/31/2017"
"OR","Medicare hospital spending per patient (Medicare Spending per Beneficiary)","MSPB-1","0.9","","01/01/2017","12/31/2017"
"WA","Medicare hospital spending per patient (Medicare Spending per Beneficiary)","MSPB-1","0.93","14 - The results for this state are combined with nearby states to protect confidentiality.","01/01/2017","12/31/2017"
"WI","Medicare hospital spending per patient (Medicare Spending per Beneficiary)","MSPB-1","0.94","","01/01/2017","12/31/2017"
"AL","Medicare hospital spending per patient (Medicare Spending per Beneficiary)","MSPB-1","1","","01/01/2017","12/31/2017"
"FL","Medicare hospital spending per patient (Medicare Spending per Beneficiary)","MSPB-1","1.03","","01/01/2017","12/31/2017"
"GA","Medicare hospital spending per patient (Medicare Spending per Beneficiary)","MSPB-1","0.95","","01/01/2017","12/31/2017"
"MO","Medicare hospital spending per patient (Medicare Spending per Beneficiary)","MSPB-1","0.95","","01/01/2017","12/31/2017"
"MT","Medicare hospital spending per patient (Medicare Spending per Beneficiary)","MSPB-1","0.88","","01/01/2017","12/31/2017"
"TX","Medicare hospital spending per patient (Medicare Spending per Beneficiary)","MSPB-1","1.06","","01/01/2017","12/31/2017"
"CO","Medicare hospital spending per patient (Medicare Spending per Beneficiary)","MSPB-1","0.96","","01/01/2017","12/31/2017"
"CT","Medicare hospital spending per patient (Medicare Spending per Beneficiary)","MSPB-1","0.99","","01/01/2017","12/31/2017"
"DC","Medicare hospital spending per patient (Medicare Spending per Beneficiary)","MSPB-1","1","14 - The results for this state are combined with nearby states to protect confidentiality.","01/01/2017","12/31/2017"
"DE","Medicare hospital spending per patient (Medicare Spending per Beneficiary)","MSPB-1","1","14 - The results for this state are combined with nearby states to protect confidentiality.","01/01/2017","12/31/2017"
"GU","Medicare hospital spending per patient (Medicare Spending per Beneficiary)","MSPB-1","Not Available","9 - No data are available from the state/territory for this reporting period.","01/01/2017","12/31/2017"
"IA","Medicare hospital spending per patient (Medicare Spending per Beneficiary)","MSPB-1","0.93","","01/01/2017","12/31/2017"
"IL","Medicare hospital spending per patient (Medicare Spending per Beneficiary)","MSPB-1","1.01","","01/01/2017","12/31/2017"
"IN","Medicare hospital spending per patient (Medicare Spending per Beneficiary)","MSPB-1","1","","01/01/2017","12/31/2017"
"KS","Medicare hospital spending per patient (Medicare Spending per Beneficiary)","MSPB-1","0.97","","01/01/2017","12/31/2017"
"LA","Medicare hospital spending per patient (Medicare Spending per Beneficiary)","MSPB-1","1.05","","01/01/2017","12/31/2017"
"ME","Medicare hospital spending per patient (Medicare Spending per Beneficiary)","MSPB-1","0.95","","01/01/2017","12/31/2017"
"NC","Medicare hospital spending per patient (Medicare Spending per Beneficiary)","MSPB-1","0.94","","01/01/2017","12/31/2017"
"NM","Medicare hospital spending per patient (Medicare Spending per Beneficiary)","MSPB-1","0.89","","01/01/2017","12/31/2017"
"VA","Medicare hospital spending per patient (Medicare Spending per Beneficiary)","MSPB-1","0.99","","01/01/2017","12/31/2017"
"VI","Medicare hospital spending per patient (Medicare Spending per Beneficiary)","MSPB-1","Not Available","9 - No data are available from the state/territory for this reporting period.","01/01/2017","12/31/2017"
"ID","Medicare hospital spending per patient (Medicare Spending per Beneficiary)","MSPB-1","0.96","","01/01/2017","12/31/2017"
"MI","Medicare hospital spending per patient (Medicare Spending per Beneficiary)","MSPB-1","0.96","","01/01/2017","12/31/2017"
"ND","Medicare hospital spending per patient (Medicare Spending per Beneficiary)","MSPB-1","0.99","14 - The results for this state are combined with nearby states to protect confidentiality.","01/01/2017","12/31/2017"
"NV","Medicare hospital spending per patient (Medicare Spending per Beneficiary)","MSPB-1","1.03","","01/01/2017","12/31/2017"
"RI","Medicare hospital spending per patient (Medicare Spending per Beneficiary)","MSPB-1","0.99","","01/01/2017","12/31/2017"
"UT","Medicare hospital spending per patient (Medicare Spending per Beneficiary)","MSPB-1","0.97","","01/01/2017","12/31/2017"
"AZ","Medicare hospital spending per patient (Medicare Spending per Beneficiary)","MSPB-1","0.95","","01/01/2017","12/31/2017"
"CA","Medicare hospital spending per patient (Medicare Spending per Beneficiary)","MSPB-1","0.99","","01/01/2017","12/31/2017"
"MP","Medicare hospital spending per patient (Medicare Spending per Beneficiary)","MSPB-1","Not Available","9 - No data are available from the state/territory for this reporting period.","01/01/2017","12/31/2017"
"MS","Medicare hospital spending per patient (Medicare Spending per Beneficiary)","MSPB-1","0.98","","01/01/2017","12/31/2017"
"NH","Medicare hospital spending per patient (Medicare Spending per Beneficiary)","MSPB-1","0.99","14 - The results for this state are combined with nearby states to protect confidentiality.","01/01/2017","12/31/2017"
"NY","Medicare hospital spending per patient (Medicare Spending per Beneficiary)","MSPB-1","0.98","","01/01/2017","12/31/2017"
"SC","Medicare hospital spending per patient (Medicare Spending per Beneficiary)","MSPB-1","0.97","","01/01/2017","12/31/2017"
"TN","Medicare hospital spending per patient (Medicare Spending per Beneficiary)","MSPB-1","1.01","","01/01/2017","12/31/2017"
"VT","Medicare hospital spending per patient (Medicare Spending per Beneficiary)","MSPB-1","0.99","14 - The results for this state are combined with nearby states to protect confidentiality.","01/01/2017","12/31/2017"
"WV","Medicare hospital spending per patient (Medicare Spending per Beneficiary)","MSPB-1","0.96","","01/01/2017","12/31/2017"
"WY","Medicare hospital spending per patient (Medicare Spending per Beneficiary)","MSPB-1","0.95","","01/01/2017","12/31/2017"
