"Measure","U.S. National Rate","National Patient Safety Measure Performance"
"Worse - Serious complications","182","Not Available"
"Same - Serious complications","3184","Not Available"
"Better - Serious complications","108","Not Available"
"Too few - Serious complications","0","Not Available"
"Worse - Deaths among patients with serious treatable complications after surgery","70","Not Available"
"Same - Deaths among patients with serious treatable complications after surgery","1831","Not Available"
"Better - Deaths among patients with serious treatable complications after surgery","43","Not Available"
"Too few - Deaths among Patients with Serious Treatable Complications after Surgery","1058","Not Available"
"Worse - Collapsed lung due to medical treatment","60","Not Available"
"Same - Collapsed lung due to medical treatment","3366","Not Available"
"Better - Collapsed lung due to medical treatment","9","Not Available"
"Too few - Collapsed lung due to medical treatment","38","Not Available"
"Worse - Serious blood clots after surgery","203","Not Available"
"Same - Serious blood clots after surgery","2846","Not Available"
"Better - Serious blood clots after surgery","155","Not Available"
"Too few - Serious blood clots after surgery","114","Not Available"
"Worse - A wound that splits open  after surgery on the abdomen or pelvis","42","Not Available"
"Same - A wound that splits open  after surgery on the abdomen or pelvis","2703","Not Available"
"Better - A wound that splits open  after surgery on the abdomen or pelvis","0","Not Available"
"Too few - A wound that splits open  after surgery on the abdomen or pelvis","391","Not Available"
"Worse - Accidental cuts and tears from medical treatment","203","Not Available"
"Same - Accidental cuts and tears from medical treatment","3133","Not Available"
"Better - Accidental cuts and tears from medical treatment","95","Not Available"
"Too few - Accidental cuts and tears from medical treatment","42","Not Available"
"National Rate - Serious complications","0.61","Not Available"
"National Rate - Deaths among patients with serious treatable complications after surgery","110.25","Not Available"
"National Rate - Collapsed lung due to medical treatment","0.32","Not Available"
"National Rate - Serious blood clots after surgery","4.14","Not Available"
"National Rate - A wound that splits open  after surgery on the abdomen or pelvis","0.92","Not Available"
"National Rate - Accidental cuts and tears from medical treatment","1.83","Not Available"
