"Provider ID","Measure","Score","Footnote"
"Nation","Central line-associated blood stream infections (CLABSI)","1",""
"Nation","Catheter-Associated Urinary Tract Infections (CAUTI)","1",""
"Nation","Surgical Site Infection from colon surgery (SSI: Colon)","1",""
"Nation","Surgical Site Infection from abdominal hysterectomy (SSI: Hysterectomy)","1",""
"Nation","Methicillin-resistant Staphylococcus Aureus (MRSA) Blood Laboratory-identified Events (Bloodstream infections)","1",""
"Nation","Clostridium difficile (C.diff.) Laboratory-identified Events (Intestinal infections)","1",""
