"Provider ID","Measure","Score","Footnote"
"AK","Medicare hospital spending per patient (Medicare Spending per Beneficiary)","0.91","The results for this state are combined with nearby states to protect confidentiality."
"AL","Medicare hospital spending per patient (Medicare Spending per Beneficiary)","0.98",""
"AR","Medicare hospital spending per patient (Medicare Spending per Beneficiary)","0.98",""
"AS","Medicare hospital spending per patient (Medicare Spending per Beneficiary)","Not Available","No data are available from the state/territory for this reporting period."
"AZ","Medicare hospital spending per patient (Medicare Spending per Beneficiary)","0.93",""
"CA","Medicare hospital spending per patient (Medicare Spending per Beneficiary)","0.98",""
"CO","Medicare hospital spending per patient (Medicare Spending per Beneficiary)","0.95",""
"CT","Medicare hospital spending per patient (Medicare Spending per Beneficiary)","1.02",""
"DC","Medicare hospital spending per patient (Medicare Spending per Beneficiary)","1.00","The results for this state are combined with nearby states to protect confidentiality."
"DE","Medicare hospital spending per patient (Medicare Spending per Beneficiary)","1.00","The results for this state are combined with nearby states to protect confidentiality."
"FL","Medicare hospital spending per patient (Medicare Spending per Beneficiary)","1.04",""
"GA","Medicare hospital spending per patient (Medicare Spending per Beneficiary)","0.95",""
"GU","Medicare hospital spending per patient (Medicare Spending per Beneficiary)","Not Available","No data are available from the state/territory for this reporting period."
"HI","Medicare hospital spending per patient (Medicare Spending per Beneficiary)","0.87",""
"IA","Medicare hospital spending per patient (Medicare Spending per Beneficiary)","0.91",""
"ID","Medicare hospital spending per patient (Medicare Spending per Beneficiary)","0.91",""
"IL","Medicare hospital spending per patient (Medicare Spending per Beneficiary)","1.00",""
"IN","Medicare hospital spending per patient (Medicare Spending per Beneficiary)","1.01",""
"KS","Medicare hospital spending per patient (Medicare Spending per Beneficiary)","0.94",""
"KY","Medicare hospital spending per patient (Medicare Spending per Beneficiary)","0.97",""
"LA","Medicare hospital spending per patient (Medicare Spending per Beneficiary)","1.04",""
"MA","Medicare hospital spending per patient (Medicare Spending per Beneficiary)","1.03",""
"MD","Medicare hospital spending per patient (Medicare Spending per Beneficiary)","Not Available","No data are available from the state/territory for this reporting period."
"ME","Medicare hospital spending per patient (Medicare Spending per Beneficiary)","0.95",""
"MI","Medicare hospital spending per patient (Medicare Spending per Beneficiary)","0.96",""
"MN","Medicare hospital spending per patient (Medicare Spending per Beneficiary)","0.90",""
"MO","Medicare hospital spending per patient (Medicare Spending per Beneficiary)","0.95",""
"MS","Medicare hospital spending per patient (Medicare Spending per Beneficiary)","0.95",""
"MT","Medicare hospital spending per patient (Medicare Spending per Beneficiary)","0.89",""
"NC","Medicare hospital spending per patient (Medicare Spending per Beneficiary)","0.94",""
"ND","Medicare hospital spending per patient (Medicare Spending per Beneficiary)","0.90","The results for this state are combined with nearby states to protect confidentiality."
"NE","Medicare hospital spending per patient (Medicare Spending per Beneficiary)","0.97",""
"NH","Medicare hospital spending per patient (Medicare Spending per Beneficiary)","1.01","The results for this state are combined with nearby states to protect confidentiality."
"NJ","Medicare hospital spending per patient (Medicare Spending per Beneficiary)","1.07",""
"NM","Medicare hospital spending per patient (Medicare Spending per Beneficiary)","0.85",""
"NV","Medicare hospital spending per patient (Medicare Spending per Beneficiary)","1.04",""
"NY","Medicare hospital spending per patient (Medicare Spending per Beneficiary)","0.96",""
"OH","Medicare hospital spending per patient (Medicare Spending per Beneficiary)","1.01",""
"OK","Medicare hospital spending per patient (Medicare Spending per Beneficiary)","0.93",""
"OR","Medicare hospital spending per patient (Medicare Spending per Beneficiary)","0.88",""
"PA","Medicare hospital spending per patient (Medicare Spending per Beneficiary)","1.01",""
"PR","Medicare hospital spending per patient (Medicare Spending per Beneficiary)","Not Available","No data are available from the state/territory for this reporting period."
"RI","Medicare hospital spending per patient (Medicare Spending per Beneficiary)","1.02",""
"SC","Medicare hospital spending per patient (Medicare Spending per Beneficiary)","0.98",""
"SD","Medicare hospital spending per patient (Medicare Spending per Beneficiary)","0.90","The results for this state are combined with nearby states to protect confidentiality."
"TN","Medicare hospital spending per patient (Medicare Spending per Beneficiary)","1.00",""
"TX","Medicare hospital spending per patient (Medicare Spending per Beneficiary)","1.03",""
"UT","Medicare hospital spending per patient (Medicare Spending per Beneficiary)","0.98",""
"VA","Medicare hospital spending per patient (Medicare Spending per Beneficiary)","0.95",""
"VI","Medicare hospital spending per patient (Medicare Spending per Beneficiary)","Not Available","No data are available from the state/territory for this reporting period."
"VT","Medicare hospital spending per patient (Medicare Spending per Beneficiary)","1.01","The results for this state are combined with nearby states to protect confidentiality."
"WA","Medicare hospital spending per patient (Medicare Spending per Beneficiary)","0.91","The results for this state are combined with nearby states to protect confidentiality."
"WI","Medicare hospital spending per patient (Medicare Spending per Beneficiary)","0.94",""
"WV","Medicare hospital spending per patient (Medicare Spending per Beneficiary)","0.96",""
"WY","Medicare hospital spending per patient (Medicare Spending per Beneficiary)","0.93",""
