"Measure Name","Condition","Category","National Process of Care Rate"
"Heart attack patients given a prescription for a statin at discharge Higher percentages are better","Heart Attack or Chest Pain","National Average of Hospitals submitting data:","98"
"Heart attack patients given aspirin at discharge Higher percentages are better","Heart Attack or Chest Pain","National Average of Hospitals submitting data:","99"
"Heart attack patients given fibrinolytic medication within 30 minutes of arrival Higher percentages are better","Heart Attack or Chest Pain","National Average of Hospitals submitting data:","58"
"Heart attack patients given PCI within 90 minutes of arrival Higher percentages are better","Heart Attack or Chest Pain","National Average of Hospitals submitting data:","96"
"Average time patients spent in the emergency department, before they were admitted to the hospital as an inpatient A lower number of minutes is better","Emergency Department","National Average of Hospitals submitting data:","275"
"Average time patients spent in the emergency department, after the doctor decided to admit them as an inpatient before leaving the emergency department for their inpatient room A lower number of minutes is better","Emergency Department","National Average of Hospitals submitting data:","98"
"Heart failure patients given discharge instructions Higher percentages are better","Heart Failure","National Average of Hospitals submitting data:","94"
"Heart failure patients given an evaluation of left ventricular systolic (LVS) function Higher percentages are better","Heart Failure","National Average of Hospitals submitting data:","99"
"Heart failure patients given ACE inhibitor or ARB for left ventricular systolic dysfunction (LVSD) Higher percentages are better","Heart Failure","National Average of Hospitals submitting data:","97"
"Patients assessed and given pneumonia vaccination Higher percentages are better","Preventive Care","National Average of Hospitals submitting data:","91"
"Patients assessed and given influenza vaccination Higher percentages are better","Preventive Care","National Average of Hospitals submitting data:","90"
"Percent of newborns whose deliveries were scheduled too early (1-3 weeks early), when a scheduled delivery was not medically necessaryLower percentages are better","Pregnancy and Delivery Care","National Average of Hospitals submitting data:","Not Available"
"Pneumonia patients whose initial emergency room blood culture was performed prior to the administration of the first hospital dose of antibiotics Higher percentages are better","Pneumonia","National Average of Hospitals submitting data:","98"
"Pneumonia patients given the most appropriate initial antibiotic(s) Higher percentages are better","Pneumonia","National Average of Hospitals submitting data:","95"
"Surgery patients who were taking heart drugs called beta blockers before coming to the hospital, who were kept on the beta blockers during the period just before and after their surgery Higher percentages are better","Surgical Care Improvement Project","National Average of Hospitals submitting data:","98"
"Surgery patients who were given an antibiotic at the right time (within one hour before surgery) to help prevent infection Higher percentages are better","Surgical Care Improvement Project","National Average of Hospitals submitting data:","99"
"Patients having surgery who were actively warmed in the operating room or whose body temperature was near normal by the end of surgery Higher percentages are better","Surgical Care Improvement Project","National Average of Hospitals submitting data:","100"
"Surgery patients who were given the right kind of antibiotic to help prevent infection Higher percentages are better","Surgical Care Improvement Project","National Average of Hospitals submitting data:","99"
"Surgery patients whose preventive antibiotics were stopped at the right time (within 24 hours after surgery) Higher percentages are better","Surgical Care Improvement Project","National Average of Hospitals submitting data:","98"
"Heart surgery patients whose blood sugar (blood glucose) is kept under good control in the days right after surgery Higher percentages are better","Surgical Care Improvement Project","National Average of Hospitals submitting data:","97"
"Surgery patients whose urinary catheters were removed on the first or second day after surgery Higher percentages are better","Surgical Care Improvement Project","National Average of Hospitals submitting data:","97"
"Patients who got treatment at the right time (within 24 hours before or after their surgery) to help prevent blood clots after certain types of surgery Higher percentages are better","Surgical Care Improvement Project","National Average of Hospitals submitting data:","98"
"Ischemic or hemorrhagic stroke patients who received treatment to keep blood clots from forming anywhere in the body within 2 days of arriving at the hospital Higher percentages are better","Stroke Care","National Average of Hospitals submitting data:","93"
"Ischemic or hemorrhagic stroke patients who were evaluated for rehabilitation services Higher percentages are better","Stroke Care","National Average of Hospitals submitting data:","97"
"Ischemic stroke patients who received a prescription for medicine known to prevent complications caused by blood clots before discharge Higher percentages are better","Stroke Care","National Average of Hospitals submitting data:","99"
"Ischemic stroke patients with a type of irregular heartbeat who were given a prescription for a blood thinner at discharge Higher percentages are better","Stroke Care","National Average of Hospitals submitting data:","95"
"Ischemic stroke patients who got medicine to break up a blood clot within 3 hours after symptoms started Higher percentages are better","Stroke Care","National Average of Hospitals submitting data:","63"
"Ischemic stroke patients who received medicine known to prevent complications caused by blood clots within 2 days of arriving at the hospital Higher percentages are better","Stroke Care","National Average of Hospitals submitting data:","98"
"Ischemic stroke patients needing medicine to lower cholesterol, who were given a prescription for this medicine before discharge Higher percentages are better","Stroke Care","National Average of Hospitals submitting data:","94"
"Ischemic or hemorrhagic stroke patients or caregivers who received written educational materials about stroke care and prevention during the hospital stay Higher percentages are better","Stroke Care","National Average of Hospitals submitting data:","87"
"Patients who got treatment to prevent blood clots on the day of or day after hospital admission or surgery Higher percentages are better","Blood Clot Prevention and Treatment","National Average of Hospitals submitting data:","83"
"Patients with blood clots who got the recommended treatment, which includes using two different blood thinner medicines at the same time Higher percentages are better","Blood Clot Prevention and Treatment","National Average of Hospitals submitting data:","92"
"Patients with blood clots who were treated with an intravenous blood thinner, and then were checked to determine if the blood thinner was putting the patient at an increased risk of bleeding Higher percentages are better","Blood Clot Prevention and Treatment","National Average of Hospitals submitting data:","96"
"Patients with blood clots who were discharged on a blood thinner medicine and received written instructions about that medicine Higher percentages are better","Blood Clot Prevention and Treatment","National Average of Hospitals submitting data:","73"
"Patients who developed a blood clot while in the hospital who did not get treatment that could have prevented it Lower percentages are better","Blood Clot Prevention and Treatment","National Average of Hospitals submitting data:","10"
"Percentage of patients who came to the emergency department with stroke symptoms who received brain scan results within 45 minutes of arrival Higher percentages are better","Stroke","National Average of Hospitals submitting data:","54"
"Outpatients with chest pain or possible heart attack who got drugs to break up blood clots within 30 minutes of arrival Higher percentages are better","Heart Attack or Chest Pain","National Average of Hospitals submitting data:","57"
"Outpatients with chest pain or possible heart attack who got aspirin within 24 hours of arrival Higher percentages are better","Heart Attack or Chest Pain","National Average of Hospitals submitting data:","96"
"Outpatients having surgery who got an antibiotic at the right time (within one hour before surgery) Higher percentages are better","Surgical Care Improvement Project","National Average of Hospitals submitting data:","98"
"Outpatients having surgery who got the right kind of antibiotic Higher percentages are better","Surgical Care Improvement Project","National Average of Hospitals submitting data:","98"
"Average time patients spent in the emergency department before they were seen by a healthcare professional A lower number of minutes is better","Emergency Department","National Average of Hospitals submitting data:","26"
"Median Time to Fibrinolysis","Heart Attack or Chest Pain","National Average of Hospitals submitting data:","28"
"Average number of minutes before outpatients with chest pain or possible heart attack got an ECG A lower number of minutes is better","Heart Attack or Chest Pain","National Average of Hospitals submitting data:","7"
"Average time patients who came to the emergency department with broken bones had to wait before receiving pain medication A lower number of minutes is better","Pain Management","National Average of Hospitals submitting data:","58"
"Average number of minutes before outpatients with chest pain or possible heart attack who needed specialized care were transferred to another hospital A lower number of minutes is better","Heart Attack or Chest Pain","National Average of Hospitals submitting data:","59"
"Average time patients spent in the emergency department before being sent home A lower number of minutes is better","Emergency Department","National Average of Hospitals submitting data:","135"
"Children who received reliever medication while hospitalized for asthma Higher percentages are better","Children's Asthma","National Average of Hospitals submitting data:","100"
"Children who received systemic corticosteroid medication (oral and IV medication that reduces inflammation and controls symptoms) while hospitalized for asthma Higher percentages are better","Children's Asthma","National Average of Hospitals submitting data:","100"
"Children and their caregivers who received a home management plan of care document while hospitalized for asthma Higher percentages are better","Children's Asthma","National Average of Hospitals submitting data:","87"
"Patients who got treatment to prevent blood clots on the day of or day after being admitted to the intensive care unit (ICU) Higher percentages are better","Blood Clot Prevention and Treatment","National Average of Hospitals submitting data:","91"
"Heart attack patients given a prescription for a statin at discharge Higher percentages are better","Heart Attack or Chest Pain","Top 10% of Hospitals submitting data scored equal to or higher than","100"
"Heart attack patients given aspirin at discharge Higher percentages are better","Heart Attack or Chest Pain","Top 10% of Hospitals submitting data scored equal to or higher than","100"
"Heart attack patients given fibrinolytic medication within 30 minutes of arrival Higher percentages are better","Heart Attack or Chest Pain","Top 10% of Hospitals submitting data scored equal to or higher than","100"
"Heart attack patients given PCI within 90 minutes of arrival Higher percentages are better","Heart Attack or Chest Pain","Top 10% of Hospitals submitting data scored equal to or higher than","100"
"Average time patients spent in the emergency department, before they were admitted to the hospital as an inpatient A lower number of minutes is better","Emergency Department","Top 10% of Hospitals submitting data scored equal to or higher than","177"
"Average time patients spent in the emergency department, after the doctor decided to admit them as an inpatient before leaving the emergency department for their inpatient room A lower number of minutes is better","Emergency Department","Top 10% of Hospitals submitting data scored equal to or higher than","42"
"Heart failure patients given discharge instructions Higher percentages are better","Heart Failure","Top 10% of Hospitals submitting data scored equal to or higher than","100"
"Heart failure patients given an evaluation of left ventricular systolic (LVS) function Higher percentages are better","Heart Failure","Top 10% of Hospitals submitting data scored equal to or higher than","100"
"Heart failure patients given ACE inhibitor or ARB for left ventricular systolic dysfunction (LVSD) Higher percentages are better","Heart Failure","Top 10% of Hospitals submitting data scored equal to or higher than","100"
"Patients assessed and given pneumonia vaccination Higher percentages are better","Preventive Care","Top 10% of Hospitals submitting data scored equal to or higher than","99"
"Patients assessed and given influenza vaccination Higher percentages are better","Preventive Care","Top 10% of Hospitals submitting data scored equal to or higher than","99"
"Percent of newborns whose deliveries were scheduled too early (1-3 weeks early), when a scheduled delivery was not medically necessaryLower percentages are better","Pregnancy and Delivery Care","Top 10% of Hospitals submitting data scored equal to or higher than","17"
"Pneumonia patients whose initial emergency room blood culture was performed prior to the administration of the first hospital dose of antibiotics Higher percentages are better","Pneumonia","Top 10% of Hospitals submitting data scored equal to or higher than","100"
"Pneumonia patients given the most appropriate initial antibiotic(s) Higher percentages are better","Pneumonia","Top 10% of Hospitals submitting data scored equal to or higher than","100"
"Surgery patients who were taking heart drugs called beta blockers before coming to the hospital, who were kept on the beta blockers during the period just before and after their surgery Higher percentages are better","Surgical Care Improvement Project","Top 10% of Hospitals submitting data scored equal to or higher than","100"
"Surgery patients who were given an antibiotic at the right time (within one hour before surgery) to help prevent infection Higher percentages are better","Surgical Care Improvement Project","Top 10% of Hospitals submitting data scored equal to or higher than","100"
"Patients having surgery who were actively warmed in the operating room or whose body temperature was near normal by the end of surgery Higher percentages are better","Surgical Care Improvement Project","Top 10% of Hospitals submitting data scored equal to or higher than","100"
"Surgery patients who were given the right kind of antibiotic to help prevent infection Higher percentages are better","Surgical Care Improvement Project","Top 10% of Hospitals submitting data scored equal to or higher than","100"
"Surgery patients whose preventive antibiotics were stopped at the right time (within 24 hours after surgery) Higher percentages are better","Surgical Care Improvement Project","Top 10% of Hospitals submitting data scored equal to or higher than","100"
"Heart surgery patients whose blood sugar (blood glucose) is kept under good control in the days right after surgery Higher percentages are better","Surgical Care Improvement Project","Top 10% of Hospitals submitting data scored equal to or higher than","100"
"Surgery patients whose urinary catheters were removed on the first or second day after surgery Higher percentages are better","Surgical Care Improvement Project","Top 10% of Hospitals submitting data scored equal to or higher than","100"
"Patients who got treatment at the right time (within 24 hours before or after their surgery) to help prevent blood clots after certain types of surgery Higher percentages are better","Surgical Care Improvement Project","Top 10% of Hospitals submitting data scored equal to or higher than","100"
"Ischemic or hemorrhagic stroke patients who received treatment to keep blood clots from forming anywhere in the body within 2 days of arriving at the hospital Higher percentages are better","Stroke Care","Top 10% of Hospitals submitting data scored equal to or higher than","100"
"Ischemic or hemorrhagic stroke patients who were evaluated for rehabilitation services Higher percentages are better","Stroke Care","Top 10% of Hospitals submitting data scored equal to or higher than","100"
"Ischemic stroke patients who received a prescription for medicine known to prevent complications caused by blood clots before discharge Higher percentages are better","Stroke Care","Top 10% of Hospitals submitting data scored equal to or higher than","100"
"Ischemic stroke patients with a type of irregular heartbeat who were given a prescription for a blood thinner at discharge Higher percentages are better","Stroke Care","Top 10% of Hospitals submitting data scored equal to or higher than","100"
"Ischemic stroke patients who got medicine to break up a blood clot within 3 hours after symptoms started Higher percentages are better","Stroke Care","Top 10% of Hospitals submitting data scored equal to or higher than","100"
"Ischemic stroke patients who received medicine known to prevent complications caused by blood clots within 2 days of arriving at the hospital Higher percentages are better","Stroke Care","Top 10% of Hospitals submitting data scored equal to or higher than","100"
"Ischemic stroke patients needing medicine to lower cholesterol, who were given a prescription for this medicine before discharge Higher percentages are better","Stroke Care","Top 10% of Hospitals submitting data scored equal to or higher than","100"
"Ischemic or hemorrhagic stroke patients or caregivers who received written educational materials about stroke care and prevention during the hospital stay Higher percentages are better","Stroke Care","Top 10% of Hospitals submitting data scored equal to or higher than","100"
"Patients who got treatment to prevent blood clots on the day of or day after hospital admission or surgery Higher percentages are better","Blood Clot Prevention and Treatment","Top 10% of Hospitals submitting data scored equal to or higher than","98"
"Patients with blood clots who got the recommended treatment, which includes using two different blood thinner medicines at the same time Higher percentages are better","Blood Clot Prevention and Treatment","Top 10% of Hospitals submitting data scored equal to or higher than","100"
"Patients with blood clots who were treated with an intravenous blood thinner, and then were checked to determine if the blood thinner was putting the patient at an increased risk of bleeding Higher percentages are better","Blood Clot Prevention and Treatment","Top 10% of Hospitals submitting data scored equal to or higher than","100"
"Patients with blood clots who were discharged on a blood thinner medicine and received written instructions about that medicine Higher percentages are better","Blood Clot Prevention and Treatment","Top 10% of Hospitals submitting data scored equal to or higher than","100"
"Patients who developed a blood clot while in the hospital who did not get treatment that could have prevented it Lower percentages are better","Blood Clot Prevention and Treatment","Top 10% of Hospitals submitting data scored equal to or higher than","0"
"Percentage of patients who came to the emergency department with stroke symptoms who received brain scan results within 45 minutes of arrival Higher percentages are better","Stroke","Top 10% of Hospitals submitting data scored equal to or higher than","100"
"Outpatients with chest pain or possible heart attack who got drugs to break up blood clots within 30 minutes of arrival Higher percentages are better","Heart Attack or Chest Pain","Top 10% of Hospitals submitting data scored equal to or higher than","100"
"Outpatients with chest pain or possible heart attack who got aspirin within 24 hours of arrival Higher percentages are better","Heart Attack or Chest Pain","Top 10% of Hospitals submitting data scored equal to or higher than","100"
"Outpatients having surgery who got an antibiotic at the right time (within one hour before surgery) Higher percentages are better","Surgical Care Improvement Project","Top 10% of Hospitals submitting data scored equal to or higher than","100"
"Outpatients having surgery who got the right kind of antibiotic Higher percentages are better","Surgical Care Improvement Project","Top 10% of Hospitals submitting data scored equal to or higher than","100"
"Average time patients spent in the emergency department before they were seen by a healthcare professional A lower number of minutes is better","Emergency Department","Top 10% of Hospitals submitting data scored equal to or higher than","13"
"Median Time to Fibrinolysis","Heart Attack or Chest Pain","Top 10% of Hospitals submitting data scored equal to or higher than","19"
"Average number of minutes before outpatients with chest pain or possible heart attack got an ECG A lower number of minutes is better","Heart Attack or Chest Pain","Top 10% of Hospitals submitting data scored equal to or higher than","3"
"Average time patients who came to the emergency department with broken bones had to wait before receiving pain medication A lower number of minutes is better","Pain Management","Top 10% of Hospitals submitting data scored equal to or higher than","37"
"Average number of minutes before outpatients with chest pain or possible heart attack who needed specialized care were transferred to another hospital A lower number of minutes is better","Heart Attack or Chest Pain","Top 10% of Hospitals submitting data scored equal to or higher than","37"
"Average time patients spent in the emergency department before being sent home A lower number of minutes is better","Emergency Department","Top 10% of Hospitals submitting data scored equal to or higher than","92"
"Patients who got treatment to prevent blood clots on the day of or day after being admitted to the intensive care unit (ICU) Higher percentages are better","Blood Clot Prevention and Treatment","Top 10% of Hospitals submitting data scored equal to or higher than","100"
