"State","Measure Name","Measure ID","Score","Footnote","Measure Start Date","Measure End Date"
"AK","Medicare hospital spending per patient (Medicare Spending per Beneficiary)","SPP_1","0.91","14 - The results for this state are combined with nearby states to protect confidentiality.","01/01/2012","12/31/2012"
"AL","Medicare hospital spending per patient (Medicare Spending per Beneficiary)","SPP_1","0.98","","01/01/2012","12/31/2012"
"AR","Medicare hospital spending per patient (Medicare Spending per Beneficiary)","SPP_1","0.98","","01/01/2012","12/31/2012"
"AS","Medicare hospital spending per patient (Medicare Spending per Beneficiary)","SPP_1","Not Available","9 - No data are available from the state/territory for this reporting period.","01/01/2012","12/31/2012"
"AZ","Medicare hospital spending per patient (Medicare Spending per Beneficiary)","SPP_1","0.93","","01/01/2012","12/31/2012"
"CA","Medicare hospital spending per patient (Medicare Spending per Beneficiary)","SPP_1","0.98","","01/01/2012","12/31/2012"
"CO","Medicare hospital spending per patient (Medicare Spending per Beneficiary)","SPP_1","0.95","","01/01/2012","12/31/2012"
"CT","Medicare hospital spending per patient (Medicare Spending per Beneficiary)","SPP_1","1.02","","01/01/2012","12/31/2012"
"DC","Medicare hospital spending per patient (Medicare Spending per Beneficiary)","SPP_1","1.00","14 - The results for this state are combined with nearby states to protect confidentiality.","01/01/2012","12/31/2012"
"DE","Medicare hospital spending per patient (Medicare Spending per Beneficiary)","SPP_1","1.00","14 - The results for this state are combined with nearby states to protect confidentiality.","01/01/2012","12/31/2012"
"FL","Medicare hospital spending per patient (Medicare Spending per Beneficiary)","SPP_1","1.04","","01/01/2012","12/31/2012"
"GA","Medicare hospital spending per patient (Medicare Spending per Beneficiary)","SPP_1","0.95","","01/01/2012","12/31/2012"
"GU","Medicare hospital spending per patient (Medicare Spending per Beneficiary)","SPP_1","Not Available","9 - No data are available from the state/territory for this reporting period.","01/01/2012","12/31/2012"
"HI","Medicare hospital spending per patient (Medicare Spending per Beneficiary)","SPP_1","0.87","","01/01/2012","12/31/2012"
"IA","Medicare hospital spending per patient (Medicare Spending per Beneficiary)","SPP_1","0.91","","01/01/2012","12/31/2012"
"ID","Medicare hospital spending per patient (Medicare Spending per Beneficiary)","SPP_1","0.91","","01/01/2012","12/31/2012"
"IL","Medicare hospital spending per patient (Medicare Spending per Beneficiary)","SPP_1","1.00","","01/01/2012","12/31/2012"
"IN","Medicare hospital spending per patient (Medicare Spending per Beneficiary)","SPP_1","1.01","","01/01/2012","12/31/2012"
"KS","Medicare hospital spending per patient (Medicare Spending per Beneficiary)","SPP_1","0.94","","01/01/2012","12/31/2012"
"KY","Medicare hospital spending per patient (Medicare Spending per Beneficiary)","SPP_1","0.97","","01/01/2012","12/31/2012"
"LA","Medicare hospital spending per patient (Medicare Spending per Beneficiary)","SPP_1","1.04","","01/01/2012","12/31/2012"
"MA","Medicare hospital spending per patient (Medicare Spending per Beneficiary)","SPP_1","1.03","","01/01/2012","12/31/2012"
"MD","Medicare hospital spending per patient (Medicare Spending per Beneficiary)","SPP_1","Not Available","9 - No data are available from the state/territory for this reporting period.","01/01/2012","12/31/2012"
"ME","Medicare hospital spending per patient (Medicare Spending per Beneficiary)","SPP_1","0.95","","01/01/2012","12/31/2012"
"MI","Medicare hospital spending per patient (Medicare Spending per Beneficiary)","SPP_1","0.96","","01/01/2012","12/31/2012"
"MN","Medicare hospital spending per patient (Medicare Spending per Beneficiary)","SPP_1","0.90","","01/01/2012","12/31/2012"
"MO","Medicare hospital spending per patient (Medicare Spending per Beneficiary)","SPP_1","0.95","","01/01/2012","12/31/2012"
"MP","Medicare hospital spending per patient (Medicare Spending per Beneficiary)","SPP_1","Not Available","9 - No data are available from the state/territory for this reporting period.","01/01/2012","12/31/2012"
"MS","Medicare hospital spending per patient (Medicare Spending per Beneficiary)","SPP_1","0.95","","01/01/2012","12/31/2012"
"MT","Medicare hospital spending per patient (Medicare Spending per Beneficiary)","SPP_1","0.89","","01/01/2012","12/31/2012"
"NC","Medicare hospital spending per patient (Medicare Spending per Beneficiary)","SPP_1","0.94","","01/01/2012","12/31/2012"
"ND","Medicare hospital spending per patient (Medicare Spending per Beneficiary)","SPP_1","0.90","14 - The results for this state are combined with nearby states to protect confidentiality.","01/01/2012","12/31/2012"
"NE","Medicare hospital spending per patient (Medicare Spending per Beneficiary)","SPP_1","0.97","","01/01/2012","12/31/2012"
"NH","Medicare hospital spending per patient (Medicare Spending per Beneficiary)","SPP_1","1.01","14 - The results for this state are combined with nearby states to protect confidentiality.","01/01/2012","12/31/2012"
"NJ","Medicare hospital spending per patient (Medicare Spending per Beneficiary)","SPP_1","1.07","","01/01/2012","12/31/2012"
"NM","Medicare hospital spending per patient (Medicare Spending per Beneficiary)","SPP_1","0.85","","01/01/2012","12/31/2012"
"NV","Medicare hospital spending per patient (Medicare Spending per Beneficiary)","SPP_1","1.04","","01/01/2012","12/31/2012"
"NY","Medicare hospital spending per patient (Medicare Spending per Beneficiary)","SPP_1","0.96","","01/01/2012","12/31/2012"
"OH","Medicare hospital spending per patient (Medicare Spending per Beneficiary)","SPP_1","1.01","","01/01/2012","12/31/2012"
"OK","Medicare hospital spending per patient (Medicare Spending per Beneficiary)","SPP_1","0.93","","01/01/2012","12/31/2012"
"OR","Medicare hospital spending per patient (Medicare Spending per Beneficiary)","SPP_1","0.88","","01/01/2012","12/31/2012"
"PA","Medicare hospital spending per patient (Medicare Spending per Beneficiary)","SPP_1","1.01","","01/01/2012","12/31/2012"
"PR","Medicare hospital spending per patient (Medicare Spending per Beneficiary)","SPP_1","Not Available","9 - No data are available from the state/territory for this reporting period.","01/01/2012","12/31/2012"
"RI","Medicare hospital spending per patient (Medicare Spending per Beneficiary)","SPP_1","1.02","","01/01/2012","12/31/2012"
"SC","Medicare hospital spending per patient (Medicare Spending per Beneficiary)","SPP_1","0.98","","01/01/2012","12/31/2012"
"SD","Medicare hospital spending per patient (Medicare Spending per Beneficiary)","SPP_1","0.90","14 - The results for this state are combined with nearby states to protect confidentiality.","01/01/2012","12/31/2012"
"TN","Medicare hospital spending per patient (Medicare Spending per Beneficiary)","SPP_1","1.00","","01/01/2012","12/31/2012"
"TX","Medicare hospital spending per patient (Medicare Spending per Beneficiary)","SPP_1","1.03","","01/01/2012","12/31/2012"
"UT","Medicare hospital spending per patient (Medicare Spending per Beneficiary)","SPP_1","0.98","","01/01/2012","12/31/2012"
"VA","Medicare hospital spending per patient (Medicare Spending per Beneficiary)","SPP_1","0.95","","01/01/2012","12/31/2012"
"VI","Medicare hospital spending per patient (Medicare Spending per Beneficiary)","SPP_1","Not Available","9 - No data are available from the state/territory for this reporting period.","01/01/2012","12/31/2012"
"VT","Medicare hospital spending per patient (Medicare Spending per Beneficiary)","SPP_1","1.01","14 - The results for this state are combined with nearby states to protect confidentiality.","01/01/2012","12/31/2012"
"WA","Medicare hospital spending per patient (Medicare Spending per Beneficiary)","SPP_1","0.91","14 - The results for this state are combined with nearby states to protect confidentiality.","01/01/2012","12/31/2012"
"WI","Medicare hospital spending per patient (Medicare Spending per Beneficiary)","SPP_1","0.94","","01/01/2012","12/31/2012"
"WV","Medicare hospital spending per patient (Medicare Spending per Beneficiary)","SPP_1","0.96","","01/01/2012","12/31/2012"
"WY","Medicare hospital spending per patient (Medicare Spending per Beneficiary)","SPP_1","0.93","","01/01/2012","12/31/2012"
