"Measure ID","Measure Name","Score","Footnote","Measure Start Date","Measure End Date"
"OP_10","Abdomen CT Use of Contrast Material","10.5","","07/01/2012","06/30/2013"
"OP_11","Thorax CT Use of Contrast Material","2.7","","07/01/2012","06/30/2013"
"OP_13","Outpatients who got cardiac imaging stress tests before low-risk outpatient surgery","5.3","","07/01/2012","06/30/2013"
"OP_14","Outpatients with brain CT scans who got a sinus CT scan at the same time","2.7","","07/01/2012","06/30/2013"
"OP_8","MRI Lumbar Spine for Low Back Pain","37.2","","07/01/2012","06/30/2013"
"OP_9","Mammography Follow-up Rates","8.8","","07/01/2012","06/30/2013"
