"State","HBIPS-2 Measure Description","S HBIPS-2 Overall Rate Per 1000","S HBIPS-2 Overall Num","S HBIPS-2 Overall Den","HBIPS-3 Measure Description","S HBIPS-3 Overall Rate Per 1000","S HBIPS-3 Overall Num","S HBIPS-3 Overall Den","HBIPS-5 Measure Description","S HBIPS-5 %","SMD Measure Description","S SMD %","SUB-2/-2a Measure Description","S SUB-2 %","S SUB-2a %","SUB-3/-3a Measure Description","S SUB-3 %","S SUB-3a %","TOB-2/-2a Measure Desc","S TOB-2 %","S TOB-2a %","TOB-3/-3a Measure Description","S TOB-3 %","S TOB-3a %","TR-1 Measure Description","S TR-1 %","TR-2 Measure Description","S TR-2 %","Start Date","End Date","FUH Measure Description","S FUH-30 %","S FUH-7 %","FUH Measure Start Date","FUH Measure End Date","MedCont Measure Description","S MedCont %","MedCont Measure Start Date","MedCont Measure End Date","READM-30-IPF Measure Desc","S READM-30-IPF # IPFs Worse","S READM-30-IPF # IPFs Same","S READM-30-IPF # IPFs Better","S READM-30-IPF # IPFs Too Few","READM-30-IPF Start Date","READM-30-IPF End Date","IMM-2 Measure Description","S IMM-2 %","Flu Season Start Date","Flu Season End Date"
AK,Hours of physical-restraint use,0.11,121.86,45802,Hours of seclusion use,0.32,353.87,45802,Patients discharged on multiple antipsychotic medications with appropriate justification,76.00,Screening for metabolic disorders (SMD),32,Alcohol use brief intervention provided or offered,10,10,Alcohol and other drug use disorder treatment provided or offered at discharge,53,23,Tobacco use treatment provided or offered,87,31,Tobacco use treatment provided or offered at discharge,40,6,Transition record with specified elements received by discharged patients (TR1),52,Timely transmission of transition record (TR2),41,01/01/2020,12/31/2020,Percent of patients receiving follow-up care within 30 days (FUH-30) or within 7 days (FUH-7) after hospitalization for mental illness,38.9,22.2,07/01/2019,12/31/2019,Medication Continuation Following Inpatient Psychiatric Discharge,72.6,07/01/2018,12/31/2019,Patients readmitted to any hospital within 30 days of discharge from the inpatient psychiatric facility (READM-30-IPF),0,2,0,1,07/01/2018,12/31/2019,Influenza immunization (IPFQR-IMM-2),85,10/01/2020,03/31/2021
AL,Hours of physical-restraint use,0.12,1032.84,371355,Hours of seclusion use,0.12,1027.4,371355,Patients discharged on multiple antipsychotic medications with appropriate justification,68.00,Screening for metabolic disorders (SMD),82,Alcohol use brief intervention provided or offered,73,62,Alcohol and other drug use disorder treatment provided or offered at discharge,58,41,Tobacco use treatment provided or offered,72,38,Tobacco use treatment provided or offered at discharge,54,18,Transition record with specified elements received by discharged patients (TR1),71,Timely transmission of transition record (TR2),66,01/01/2020,12/31/2020,Percent of patients receiving follow-up care within 30 days (FUH-30) or within 7 days (FUH-7) after hospitalization for mental illness,36.1,16.9,07/01/2019,12/31/2019,Medication Continuation Following Inpatient Psychiatric Discharge,73,07/01/2018,12/31/2019,Patients readmitted to any hospital within 30 days of discharge from the inpatient psychiatric facility (READM-30-IPF),0,40,0,2,07/01/2018,12/31/2019,Influenza immunization (IPFQR-IMM-2),73,10/01/2020,03/31/2021
AR,Hours of physical-restraint use,0.03,806.13,1336081,Hours of seclusion use,0.02,531.41,1336081,Patients discharged on multiple antipsychotic medications with appropriate justification,47.00,Screening for metabolic disorders (SMD),81,Alcohol use brief intervention provided or offered,65,55,Alcohol and other drug use disorder treatment provided or offered at discharge,60,48,Tobacco use treatment provided or offered,90,32,Tobacco use treatment provided or offered at discharge,83,33,Transition record with specified elements received by discharged patients (TR1),81,Timely transmission of transition record (TR2),70,01/01/2020,12/31/2020,Percent of patients receiving follow-up care within 30 days (FUH-30) or within 7 days (FUH-7) after hospitalization for mental illness,45.5,24.5,07/01/2019,12/31/2019,Medication Continuation Following Inpatient Psychiatric Discharge,79.4,07/01/2018,12/31/2019,Patients readmitted to any hospital within 30 days of discharge from the inpatient psychiatric facility (READM-30-IPF),2,27,0,1,07/01/2018,12/31/2019,Influenza immunization (IPFQR-IMM-2),79,10/01/2020,03/31/2021
AZ,Hours of physical-restraint use,0.34,5688.91,692252,Hours of seclusion use,0.13,2176.38,692252,Patients discharged on multiple antipsychotic medications with appropriate justification,45.00,Screening for metabolic disorders (SMD),82,Alcohol use brief intervention provided or offered,78,69,Alcohol and other drug use disorder treatment provided or offered at discharge,82,72,Tobacco use treatment provided or offered,78,33,Tobacco use treatment provided or offered at discharge,67,16,Transition record with specified elements received by discharged patients (TR1),76,Timely transmission of transition record (TR2),65,01/01/2020,12/31/2020,Percent of patients receiving follow-up care within 30 days (FUH-30) or within 7 days (FUH-7) after hospitalization for mental illness,55.6,37.7,07/01/2019,12/31/2019,Medication Continuation Following Inpatient Psychiatric Discharge,74.6,07/01/2018,12/31/2019,Patients readmitted to any hospital within 30 days of discharge from the inpatient psychiatric facility (READM-30-IPF),0,27,1,2,07/01/2018,12/31/2019,Influenza immunization (IPFQR-IMM-2),78,10/01/2020,03/31/2021
CA,Hours of physical-restraint use,0.66,22647.66,1432493,Hours of seclusion use,0.50,17331.6,1432493,Patients discharged on multiple antipsychotic medications with appropriate justification,61.00,Screening for metabolic disorders (SMD),82,Alcohol use brief intervention provided or offered,82,76,Alcohol and other drug use disorder treatment provided or offered at discharge,70,60,Tobacco use treatment provided or offered,86,35,Tobacco use treatment provided or offered at discharge,63,16,Transition record with specified elements received by discharged patients (TR1),68,Timely transmission of transition record (TR2),58,01/01/2020,12/31/2020,Percent of patients receiving follow-up care within 30 days (FUH-30) or within 7 days (FUH-7) after hospitalization for mental illness,43.1,25.5,07/01/2019,12/31/2019,Medication Continuation Following Inpatient Psychiatric Discharge,72.4,07/01/2018,12/31/2019,Patients readmitted to any hospital within 30 days of discharge from the inpatient psychiatric facility (READM-30-IPF),12,71,5,5,07/01/2018,12/31/2019,Influenza immunization (IPFQR-IMM-2),78,10/01/2020,03/31/2021
CO,Hours of physical-restraint use,0.26,2445.29,384803,Hours of seclusion use,0.74,6815.64,384803,Patients discharged on multiple antipsychotic medications with appropriate justification,59.00,Screening for metabolic disorders (SMD),78,Alcohol use brief intervention provided or offered,83,79,Alcohol and other drug use disorder treatment provided or offered at discharge,74,68,Tobacco use treatment provided or offered,89,52,Tobacco use treatment provided or offered at discharge,42,14,Transition record with specified elements received by discharged patients (TR1),64,Timely transmission of transition record (TR2),56,01/01/2020,12/31/2020,Percent of patients receiving follow-up care within 30 days (FUH-30) or within 7 days (FUH-7) after hospitalization for mental illness,49.6,29,07/01/2019,12/31/2019,Medication Continuation Following Inpatient Psychiatric Discharge,65.4,07/01/2018,12/31/2019,Patients readmitted to any hospital within 30 days of discharge from the inpatient psychiatric facility (READM-30-IPF),1,14,1,1,07/01/2018,12/31/2019,Influenza immunization (IPFQR-IMM-2),63,10/01/2020,03/31/2021
CT,Hours of physical-restraint use,0.90,7214.68,334100,Hours of seclusion use,0.29,2298.77,334100,Patients discharged on multiple antipsychotic medications with appropriate justification,63.00,Screening for metabolic disorders (SMD),73,Alcohol use brief intervention provided or offered,75,72,Alcohol and other drug use disorder treatment provided or offered at discharge,83,77,Tobacco use treatment provided or offered,76,54,Tobacco use treatment provided or offered at discharge,55,30,Transition record with specified elements received by discharged patients (TR1),60,Timely transmission of transition record (TR2),54,01/01/2020,12/31/2020,Percent of patients receiving follow-up care within 30 days (FUH-30) or within 7 days (FUH-7) after hospitalization for mental illness,60.8,39.1,07/01/2019,12/31/2019,Medication Continuation Following Inpatient Psychiatric Discharge,81.3,07/01/2018,12/31/2019,Patients readmitted to any hospital within 30 days of discharge from the inpatient psychiatric facility (READM-30-IPF),0,24,0,2,07/01/2018,12/31/2019,Influenza immunization (IPFQR-IMM-2),78,10/01/2020,03/31/2021
DC,Hours of physical-restraint use,0.10,349,141304,Hours of seclusion use,0.07,220.61,141304,Patients discharged on multiple antipsychotic medications with appropriate justification,42.00,Screening for metabolic disorders (SMD),65,Alcohol use brief intervention provided or offered,70,55,Alcohol and other drug use disorder treatment provided or offered at discharge,62,49,Tobacco use treatment provided or offered,66,38,Tobacco use treatment provided or offered at discharge,49,23,Transition record with specified elements received by discharged patients (TR1),55,Timely transmission of transition record (TR2),44,01/01/2020,12/31/2020,Percent of patients receiving follow-up care within 30 days (FUH-30) or within 7 days (FUH-7) after hospitalization for mental illness,25.8,14.1,07/01/2019,12/31/2019,Medication Continuation Following Inpatient Psychiatric Discharge,60.1,07/01/2018,12/31/2019,Patients readmitted to any hospital within 30 days of discharge from the inpatient psychiatric facility (READM-30-IPF),0,4,0,1,07/01/2018,12/31/2019,Influenza immunization (IPFQR-IMM-2),91,10/01/2020,03/31/2021
DE,Hours of physical-restraint use,0.04,165.57,168574,Hours of seclusion use,0.03,129.02,168574,Patients discharged on multiple antipsychotic medications with appropriate justification,72.00,Screening for metabolic disorders (SMD),73,Alcohol use brief intervention provided or offered,87,79,Alcohol and other drug use disorder treatment provided or offered at discharge,88,83,Tobacco use treatment provided or offered,81,27,Tobacco use treatment provided or offered at discharge,52,5,Transition record with specified elements received by discharged patients (TR1),59,Timely transmission of transition record (TR2),54,01/01/2020,12/31/2020,Percent of patients receiving follow-up care within 30 days (FUH-30) or within 7 days (FUH-7) after hospitalization for mental illness,51.4,32.7,07/01/2019,12/31/2019,Medication Continuation Following Inpatient Psychiatric Discharge,72.8,07/01/2018,12/31/2019,Patients readmitted to any hospital within 30 days of discharge from the inpatient psychiatric facility (READM-30-IPF),0,5,0,0,07/01/2018,12/31/2019,Influenza immunization (IPFQR-IMM-2),65,10/01/2020,03/31/2021
FL,Hours of physical-restraint use,0.15,8523.8,2352767,Hours of seclusion use,0.06,3233.38,2352767,Patients discharged on multiple antipsychotic medications with appropriate justification,68.00,Screening for metabolic disorders (SMD),79,Alcohol use brief intervention provided or offered,94,87,Alcohol and other drug use disorder treatment provided or offered at discharge,84,75,Tobacco use treatment provided or offered,85,49,Tobacco use treatment provided or offered at discharge,72,43,Transition record with specified elements received by discharged patients (TR1),68,Timely transmission of transition record (TR2),61,01/01/2020,12/31/2020,Percent of patients receiving follow-up care within 30 days (FUH-30) or within 7 days (FUH-7) after hospitalization for mental illness,43.3,24.5,07/01/2019,12/31/2019,Medication Continuation Following Inpatient Psychiatric Discharge,63.4,07/01/2018,12/31/2019,Patients readmitted to any hospital within 30 days of discharge from the inpatient psychiatric facility (READM-30-IPF),26,45,0,0,07/01/2018,12/31/2019,Influenza immunization (IPFQR-IMM-2),72,10/01/2020,03/31/2021
GA,Hours of physical-restraint use,0.37,5308.94,601722,Hours of seclusion use,0.08,1209.02,601722,Patients discharged on multiple antipsychotic medications with appropriate justification,62.00,Screening for metabolic disorders (SMD),75,Alcohol use brief intervention provided or offered,79,73,Alcohol and other drug use disorder treatment provided or offered at discharge,70,58,Tobacco use treatment provided or offered,78,43,Tobacco use treatment provided or offered at discharge,66,23,Transition record with specified elements received by discharged patients (TR1),69,Timely transmission of transition record (TR2),61,01/01/2020,12/31/2020,Percent of patients receiving follow-up care within 30 days (FUH-30) or within 7 days (FUH-7) after hospitalization for mental illness,40.1,23.4,07/01/2019,12/31/2019,Medication Continuation Following Inpatient Psychiatric Discharge,70.6,07/01/2018,12/31/2019,Patients readmitted to any hospital within 30 days of discharge from the inpatient psychiatric facility (READM-30-IPF),6,34,1,1,07/01/2018,12/31/2019,Influenza immunization (IPFQR-IMM-2),70,10/01/2020,03/31/2021
HI,Hours of physical-restraint use,0.09,76.5,36084,Hours of seclusion use,0.04,32.86,36084,Patients discharged on multiple antipsychotic medications with appropriate justification,35.00,Screening for metabolic disorders (SMD),23,Alcohol use brief intervention provided or offered,42,41,Alcohol and other drug use disorder treatment provided or offered at discharge,76,73,Tobacco use treatment provided or offered,69,46,Tobacco use treatment provided or offered at discharge,27,12,Transition record with specified elements received by discharged patients (TR1),48,Timely transmission of transition record (TR2),41,01/01/2020,12/31/2020,Percent of patients receiving follow-up care within 30 days (FUH-30) or within 7 days (FUH-7) after hospitalization for mental illness,41.7,25,07/01/2019,12/31/2019,Medication Continuation Following Inpatient Psychiatric Discharge,Not Available,07/01/2018,12/31/2019,Patients readmitted to any hospital within 30 days of discharge from the inpatient psychiatric facility (READM-30-IPF),0,1,0,1,07/01/2018,12/31/2019,Influenza immunization (IPFQR-IMM-2),76,10/01/2020,03/31/2021
IA,Hours of physical-restraint use,0.41,832.5,85474,Hours of seclusion use,0.88,1814.3,85474,Patients discharged on multiple antipsychotic medications with appropriate justification,68.00,Screening for metabolic disorders (SMD),88,Alcohol use brief intervention provided or offered,71,65,Alcohol and other drug use disorder treatment provided or offered at discharge,59,40,Tobacco use treatment provided or offered,87,55,Tobacco use treatment provided or offered at discharge,71,18,Transition record with specified elements received by discharged patients (TR1),69,Timely transmission of transition record (TR2),57,01/01/2020,12/31/2020,Percent of patients receiving follow-up care within 30 days (FUH-30) or within 7 days (FUH-7) after hospitalization for mental illness,72.5,40.3,07/01/2019,12/31/2019,Medication Continuation Following Inpatient Psychiatric Discharge,83.8,07/01/2018,12/31/2019,Patients readmitted to any hospital within 30 days of discharge from the inpatient psychiatric facility (READM-30-IPF),0,14,1,1,07/01/2018,12/31/2019,Influenza immunization (IPFQR-IMM-2),90,10/01/2020,03/31/2021
ID,Hours of physical-restraint use,0.11,262.33,101666,Hours of seclusion use,0.64,1552.03,101666,Patients discharged on multiple antipsychotic medications with appropriate justification,73.00,Screening for metabolic disorders (SMD),78,Alcohol use brief intervention provided or offered,86,84,Alcohol and other drug use disorder treatment provided or offered at discharge,76,60,Tobacco use treatment provided or offered,83,45,Tobacco use treatment provided or offered at discharge,71,30,Transition record with specified elements received by discharged patients (TR1),88,Timely transmission of transition record (TR2),78,01/01/2020,12/31/2020,Percent of patients receiving follow-up care within 30 days (FUH-30) or within 7 days (FUH-7) after hospitalization for mental illness,46.5,30.3,07/01/2019,12/31/2019,Medication Continuation Following Inpatient Psychiatric Discharge,73.9,07/01/2018,12/31/2019,Patients readmitted to any hospital within 30 days of discharge from the inpatient psychiatric facility (READM-30-IPF),0,7,2,0,07/01/2018,12/31/2019,Influenza immunization (IPFQR-IMM-2),86,10/01/2020,03/31/2021
IL,Hours of physical-restraint use,0.35,6645.49,790228,Hours of seclusion use,0.12,2274.88,790228,Patients discharged on multiple antipsychotic medications with appropriate justification,32.00,Screening for metabolic disorders (SMD),84,Alcohol use brief intervention provided or offered,83,77,Alcohol and other drug use disorder treatment provided or offered at discharge,77,67,Tobacco use treatment provided or offered,76,55,Tobacco use treatment provided or offered at discharge,56,23,Transition record with specified elements received by discharged patients (TR1),79,Timely transmission of transition record (TR2),71,01/01/2020,12/31/2020,Percent of patients receiving follow-up care within 30 days (FUH-30) or within 7 days (FUH-7) after hospitalization for mental illness,53.5,27,07/01/2019,12/31/2019,Medication Continuation Following Inpatient Psychiatric Discharge,72.3,07/01/2018,12/31/2019,Patients readmitted to any hospital within 30 days of discharge from the inpatient psychiatric facility (READM-30-IPF),10,48,4,6,07/01/2018,12/31/2019,Influenza immunization (IPFQR-IMM-2),86,10/01/2020,03/31/2021
IN,Hours of physical-restraint use,0.08,3281.1,1666811,Hours of seclusion use,0.07,2691.62,1666811,Patients discharged on multiple antipsychotic medications with appropriate justification,55.00,Screening for metabolic disorders (SMD),63,Alcohol use brief intervention provided or offered,72,69,Alcohol and other drug use disorder treatment provided or offered at discharge,70,66,Tobacco use treatment provided or offered,77,44,Tobacco use treatment provided or offered at discharge,56,19,Transition record with specified elements received by discharged patients (TR1),58,Timely transmission of transition record (TR2),48,01/01/2020,12/31/2020,Percent of patients receiving follow-up care within 30 days (FUH-30) or within 7 days (FUH-7) after hospitalization for mental illness,55.5,31.2,07/01/2019,12/31/2019,Medication Continuation Following Inpatient Psychiatric Discharge,76.7,07/01/2018,12/31/2019,Patients readmitted to any hospital within 30 days of discharge from the inpatient psychiatric facility (READM-30-IPF),1,49,0,2,07/01/2018,12/31/2019,Influenza immunization (IPFQR-IMM-2),65,10/01/2020,03/31/2021
KS,Hours of physical-restraint use,11.73,31122.86,110553,Hours of seclusion use,11.64,30873.84,110553,Patients discharged on multiple antipsychotic medications with appropriate justification,63.00,Screening for metabolic disorders (SMD),65,Alcohol use brief intervention provided or offered,82,73,Alcohol and other drug use disorder treatment provided or offered at discharge,47,39,Tobacco use treatment provided or offered,77,24,Tobacco use treatment provided or offered at discharge,23,2,Transition record with specified elements received by discharged patients (TR1),66,Timely transmission of transition record (TR2),55,01/01/2020,12/31/2020,Percent of patients receiving follow-up care within 30 days (FUH-30) or within 7 days (FUH-7) after hospitalization for mental illness,59.1,35.6,07/01/2019,12/31/2019,Medication Continuation Following Inpatient Psychiatric Discharge,74,07/01/2018,12/31/2019,Patients readmitted to any hospital within 30 days of discharge from the inpatient psychiatric facility (READM-30-IPF),0,20,1,0,07/01/2018,12/31/2019,Influenza immunization (IPFQR-IMM-2),85,10/01/2020,03/31/2021
KY,Hours of physical-restraint use,0.97,7117.27,305543,Hours of seclusion use,0.08,601.73,305543,Patients discharged on multiple antipsychotic medications with appropriate justification,51.00,Screening for metabolic disorders (SMD),81,Alcohol use brief intervention provided or offered,90,80,Alcohol and other drug use disorder treatment provided or offered at discharge,87,49,Tobacco use treatment provided or offered,89,40,Tobacco use treatment provided or offered at discharge,60,7,Transition record with specified elements received by discharged patients (TR1),83,Timely transmission of transition record (TR2),71,01/01/2020,12/31/2020,Percent of patients receiving follow-up care within 30 days (FUH-30) or within 7 days (FUH-7) after hospitalization for mental illness,47.4,21.6,07/01/2019,12/31/2019,Medication Continuation Following Inpatient Psychiatric Discharge,72.3,07/01/2018,12/31/2019,Patients readmitted to any hospital within 30 days of discharge from the inpatient psychiatric facility (READM-30-IPF),1,29,1,1,07/01/2018,12/31/2019,Influenza immunization (IPFQR-IMM-2),86,10/01/2020,03/31/2021
LA,Hours of physical-restraint use,0.08,1820.99,914722,Hours of seclusion use,0.08,1795.59,914722,Patients discharged on multiple antipsychotic medications with appropriate justification,68.00,Screening for metabolic disorders (SMD),78,Alcohol use brief intervention provided or offered,87,74,Alcohol and other drug use disorder treatment provided or offered at discharge,82,63,Tobacco use treatment provided or offered,89,41,Tobacco use treatment provided or offered at discharge,80,35,Transition record with specified elements received by discharged patients (TR1),81,Timely transmission of transition record (TR2),73,01/01/2020,12/31/2020,Percent of patients receiving follow-up care within 30 days (FUH-30) or within 7 days (FUH-7) after hospitalization for mental illness,47.7,30.7,07/01/2019,12/31/2019,Medication Continuation Following Inpatient Psychiatric Discharge,75.6,07/01/2018,12/31/2019,Patients readmitted to any hospital within 30 days of discharge from the inpatient psychiatric facility (READM-30-IPF),3,68,1,3,07/01/2018,12/31/2019,Influenza immunization (IPFQR-IMM-2),76,10/01/2020,03/31/2021
MA,Hours of physical-restraint use,0.14,4631.28,1425869,Hours of seclusion use,0.06,2193.3,1425869,Patients discharged on multiple antipsychotic medications with appropriate justification,67.00,Screening for metabolic disorders (SMD),75,Alcohol use brief intervention provided or offered,83,77,Alcohol and other drug use disorder treatment provided or offered at discharge,80,67,Tobacco use treatment provided or offered,78,41,Tobacco use treatment provided or offered at discharge,53,5,Transition record with specified elements received by discharged patients (TR1),73,Timely transmission of transition record (TR2),62,01/01/2020,12/31/2020,Percent of patients receiving follow-up care within 30 days (FUH-30) or within 7 days (FUH-7) after hospitalization for mental illness,60.5,34.1,07/01/2019,12/31/2019,Medication Continuation Following Inpatient Psychiatric Discharge,77.7,07/01/2018,12/31/2019,Patients readmitted to any hospital within 30 days of discharge from the inpatient psychiatric facility (READM-30-IPF),8,43,0,1,07/01/2018,12/31/2019,Influenza immunization (IPFQR-IMM-2),81,10/01/2020,03/31/2021
MD,Hours of physical-restraint use,0.42,3592.43,358074,Hours of seclusion use,0.30,2549.67,358074,Patients discharged on multiple antipsychotic medications with appropriate justification,70.00,Screening for metabolic disorders (SMD),38,Alcohol use brief intervention provided or offered,72,67,Alcohol and other drug use disorder treatment provided or offered at discharge,72,60,Tobacco use treatment provided or offered,85,57,Tobacco use treatment provided or offered at discharge,86,7,Transition record with specified elements received by discharged patients (TR1),94,Timely transmission of transition record (TR2),76,01/01/2020,12/31/2020,Percent of patients receiving follow-up care within 30 days (FUH-30) or within 7 days (FUH-7) after hospitalization for mental illness,61.3,38.7,07/01/2019,12/31/2019,Medication Continuation Following Inpatient Psychiatric Discharge,77.6,07/01/2018,12/31/2019,Patients readmitted to any hospital within 30 days of discharge from the inpatient psychiatric facility (READM-30-IPF),0,3,0,3,07/01/2018,12/31/2019,Influenza immunization (IPFQR-IMM-2),83,10/01/2020,03/31/2021
ME,Hours of physical-restraint use,0.25,651.94,107370,Hours of seclusion use,0.63,1617.13,107370,Patients discharged on multiple antipsychotic medications with appropriate justification,75.00,Screening for metabolic disorders (SMD),80,Alcohol use brief intervention provided or offered,65,60,Alcohol and other drug use disorder treatment provided or offered at discharge,73,43,Tobacco use treatment provided or offered,63,49,Tobacco use treatment provided or offered at discharge,52,9,Transition record with specified elements received by discharged patients (TR1),85,Timely transmission of transition record (TR2),79,01/01/2020,12/31/2020,Percent of patients receiving follow-up care within 30 days (FUH-30) or within 7 days (FUH-7) after hospitalization for mental illness,68.1,38.1,07/01/2019,12/31/2019,Medication Continuation Following Inpatient Psychiatric Discharge,81.4,07/01/2018,12/31/2019,Patients readmitted to any hospital within 30 days of discharge from the inpatient psychiatric facility (READM-30-IPF),0,5,2,1,07/01/2018,12/31/2019,Influenza immunization (IPFQR-IMM-2),65,10/01/2020,03/31/2021
MI,Hours of physical-restraint use,0.46,8288.15,753791,Hours of seclusion use,0.09,1624.79,753791,Patients discharged on multiple antipsychotic medications with appropriate justification,73.00,Screening for metabolic disorders (SMD),78,Alcohol use brief intervention provided or offered,68,61,Alcohol and other drug use disorder treatment provided or offered at discharge,71,52,Tobacco use treatment provided or offered,77,55,Tobacco use treatment provided or offered at discharge,66,18,Transition record with specified elements received by discharged patients (TR1),56,Timely transmission of transition record (TR2),50,01/01/2020,12/31/2020,Percent of patients receiving follow-up care within 30 days (FUH-30) or within 7 days (FUH-7) after hospitalization for mental illness,56.9,32.6,07/01/2019,12/31/2019,Medication Continuation Following Inpatient Psychiatric Discharge,79.4,07/01/2018,12/31/2019,Patients readmitted to any hospital within 30 days of discharge from the inpatient psychiatric facility (READM-30-IPF),5,40,3,4,07/01/2018,12/31/2019,Influenza immunization (IPFQR-IMM-2),82,10/01/2020,03/31/2021
MN,Hours of physical-restraint use,1.38,6652.12,201291,Hours of seclusion use,1.87,9022.82,201291,Patients discharged on multiple antipsychotic medications with appropriate justification,75.00,Screening for metabolic disorders (SMD),71,Alcohol use brief intervention provided or offered,59,54,Alcohol and other drug use disorder treatment provided or offered at discharge,63,55,Tobacco use treatment provided or offered,54,35,Tobacco use treatment provided or offered at discharge,40,3,Transition record with specified elements received by discharged patients (TR1),34,Timely transmission of transition record (TR2),27,01/01/2020,12/31/2020,Percent of patients receiving follow-up care within 30 days (FUH-30) or within 7 days (FUH-7) after hospitalization for mental illness,61.2,29.4,07/01/2019,12/31/2019,Medication Continuation Following Inpatient Psychiatric Discharge,84.7,07/01/2018,12/31/2019,Patients readmitted to any hospital within 30 days of discharge from the inpatient psychiatric facility (READM-30-IPF),0,20,2,3,07/01/2018,12/31/2019,Influenza immunization (IPFQR-IMM-2),86,10/01/2020,03/31/2021
MO,Hours of physical-restraint use,0.05,2465.34,2057832,Hours of seclusion use,0.07,3567.98,2057832,Patients discharged on multiple antipsychotic medications with appropriate justification,51.00,Screening for metabolic disorders (SMD),83,Alcohol use brief intervention provided or offered,73,70,Alcohol and other drug use disorder treatment provided or offered at discharge,56,49,Tobacco use treatment provided or offered,81,53,Tobacco use treatment provided or offered at discharge,47,19,Transition record with specified elements received by discharged patients (TR1),74,Timely transmission of transition record (TR2),63,01/01/2020,12/31/2020,Percent of patients receiving follow-up care within 30 days (FUH-30) or within 7 days (FUH-7) after hospitalization for mental illness,54.7,28.1,07/01/2019,12/31/2019,Medication Continuation Following Inpatient Psychiatric Discharge,79.8,07/01/2018,12/31/2019,Patients readmitted to any hospital within 30 days of discharge from the inpatient psychiatric facility (READM-30-IPF),0,34,1,4,07/01/2018,12/31/2019,Influenza immunization (IPFQR-IMM-2),87,10/01/2020,03/31/2021
MS,Hours of physical-restraint use,0.32,1704.44,223024,Hours of seclusion use,0.20,1059.83,223024,Patients discharged on multiple antipsychotic medications with appropriate justification,82.00,Screening for metabolic disorders (SMD),85,Alcohol use brief intervention provided or offered,89,85,Alcohol and other drug use disorder treatment provided or offered at discharge,59,49,Tobacco use treatment provided or offered,88,48,Tobacco use treatment provided or offered at discharge,64,16,Transition record with specified elements received by discharged patients (TR1),82,Timely transmission of transition record (TR2),73,01/01/2020,12/31/2020,Percent of patients receiving follow-up care within 30 days (FUH-30) or within 7 days (FUH-7) after hospitalization for mental illness,42.8,18,07/01/2019,12/31/2019,Medication Continuation Following Inpatient Psychiatric Discharge,74.7,07/01/2018,12/31/2019,Patients readmitted to any hospital within 30 days of discharge from the inpatient psychiatric facility (READM-30-IPF),3,34,2,2,07/01/2018,12/31/2019,Influenza immunization (IPFQR-IMM-2),82,10/01/2020,03/31/2021
MT,Hours of physical-restraint use,0.23,294.06,53648,Hours of seclusion use,1.75,2258.1,53648,Patients discharged on multiple antipsychotic medications with appropriate justification,15.00,Screening for metabolic disorders (SMD),60,Alcohol use brief intervention provided or offered,63,59,Alcohol and other drug use disorder treatment provided or offered at discharge,26,26,Tobacco use treatment provided or offered,73,64,Tobacco use treatment provided or offered at discharge,4,0,Transition record with specified elements received by discharged patients (TR1),62,Timely transmission of transition record (TR2),60,01/01/2020,12/31/2020,Percent of patients receiving follow-up care within 30 days (FUH-30) or within 7 days (FUH-7) after hospitalization for mental illness,55.7,22.9,07/01/2019,12/31/2019,Medication Continuation Following Inpatient Psychiatric Discharge,84.4,07/01/2018,12/31/2019,Patients readmitted to any hospital within 30 days of discharge from the inpatient psychiatric facility (READM-30-IPF),0,3,0,0,07/01/2018,12/31/2019,Influenza immunization (IPFQR-IMM-2),65,10/01/2020,03/31/2021
NC,Hours of physical-restraint use,0.16,3013.08,785693,Hours of seclusion use,0.18,3330.55,785693,Patients discharged on multiple antipsychotic medications with appropriate justification,75.00,Screening for metabolic disorders (SMD),87,Alcohol use brief intervention provided or offered,85,82,Alcohol and other drug use disorder treatment provided or offered at discharge,86,81,Tobacco use treatment provided or offered,87,52,Tobacco use treatment provided or offered at discharge,70,32,Transition record with specified elements received by discharged patients (TR1),60,Timely transmission of transition record (TR2),50,01/01/2020,12/31/2020,Percent of patients receiving follow-up care within 30 days (FUH-30) or within 7 days (FUH-7) after hospitalization for mental illness,43.5,24.2,07/01/2019,12/31/2019,Medication Continuation Following Inpatient Psychiatric Discharge,73.9,07/01/2018,12/31/2019,Patients readmitted to any hospital within 30 days of discharge from the inpatient psychiatric facility (READM-30-IPF),1,42,1,2,07/01/2018,12/31/2019,Influenza immunization (IPFQR-IMM-2),88,10/01/2020,03/31/2021
ND,Hours of physical-restraint use,0.34,648.19,79305,Hours of seclusion use,2.19,4171.23,79305,Patients discharged on multiple antipsychotic medications with appropriate justification,40.00,Screening for metabolic disorders (SMD),61,Alcohol use brief intervention provided or offered,65,58,Alcohol and other drug use disorder treatment provided or offered at discharge,60,47,Tobacco use treatment provided or offered,82,52,Tobacco use treatment provided or offered at discharge,40,3,Transition record with specified elements received by discharged patients (TR1),61,Timely transmission of transition record (TR2),55,01/01/2020,12/31/2020,Percent of patients receiving follow-up care within 30 days (FUH-30) or within 7 days (FUH-7) after hospitalization for mental illness,60.7,29.8,07/01/2019,12/31/2019,Medication Continuation Following Inpatient Psychiatric Discharge,76.6,07/01/2018,12/31/2019,Patients readmitted to any hospital within 30 days of discharge from the inpatient psychiatric facility (READM-30-IPF),0,7,0,0,07/01/2018,12/31/2019,Influenza immunization (IPFQR-IMM-2),83,10/01/2020,03/31/2021
NE,Hours of physical-restraint use,0.16,143.73,36999,Hours of seclusion use,0.22,193.92,36999,Patients discharged on multiple antipsychotic medications with appropriate justification,85.00,Screening for metabolic disorders (SMD),85,Alcohol use brief intervention provided or offered,87,80,Alcohol and other drug use disorder treatment provided or offered at discharge,80,66,Tobacco use treatment provided or offered,76,51,Tobacco use treatment provided or offered at discharge,62,22,Transition record with specified elements received by discharged patients (TR1),76,Timely transmission of transition record (TR2),73,01/01/2020,12/31/2020,Percent of patients receiving follow-up care within 30 days (FUH-30) or within 7 days (FUH-7) after hospitalization for mental illness,60.1,34.9,07/01/2019,12/31/2019,Medication Continuation Following Inpatient Psychiatric Discharge,78,07/01/2018,12/31/2019,Patients readmitted to any hospital within 30 days of discharge from the inpatient psychiatric facility (READM-30-IPF),1,6,1,2,07/01/2018,12/31/2019,Influenza immunization (IPFQR-IMM-2),93,10/01/2020,03/31/2021
NH,Hours of physical-restraint use,0.28,2522.42,377823,Hours of seclusion use,0.39,3504.98,377823,Patients discharged on multiple antipsychotic medications with appropriate justification,51.00,Screening for metabolic disorders (SMD),63,Alcohol use brief intervention provided or offered,70,68,Alcohol and other drug use disorder treatment provided or offered at discharge,74,69,Tobacco use treatment provided or offered,70,48,Tobacco use treatment provided or offered at discharge,59,34,Transition record with specified elements received by discharged patients (TR1),62,Timely transmission of transition record (TR2),59,01/01/2020,12/31/2020,Percent of patients receiving follow-up care within 30 days (FUH-30) or within 7 days (FUH-7) after hospitalization for mental illness,71.9,47.8,07/01/2019,12/31/2019,Medication Continuation Following Inpatient Psychiatric Discharge,78.8,07/01/2018,12/31/2019,Patients readmitted to any hospital within 30 days of discharge from the inpatient psychiatric facility (READM-30-IPF),0,11,1,0,07/01/2018,12/31/2019,Influenza immunization (IPFQR-IMM-2),87,10/01/2020,03/31/2021
NJ,Hours of physical-restraint use,0.21,4503.37,887181,Hours of seclusion use,0.05,1009.39,887181,Patients discharged on multiple antipsychotic medications with appropriate justification,71.00,Screening for metabolic disorders (SMD),79,Alcohol use brief intervention provided or offered,89,84,Alcohol and other drug use disorder treatment provided or offered at discharge,85,79,Tobacco use treatment provided or offered,78,45,Tobacco use treatment provided or offered at discharge,61,23,Transition record with specified elements received by discharged patients (TR1),73,Timely transmission of transition record (TR2),66,01/01/2020,12/31/2020,Percent of patients receiving follow-up care within 30 days (FUH-30) or within 7 days (FUH-7) after hospitalization for mental illness,52.4,31.8,07/01/2019,12/31/2019,Medication Continuation Following Inpatient Psychiatric Discharge,75.9,07/01/2018,12/31/2019,Patients readmitted to any hospital within 30 days of discharge from the inpatient psychiatric facility (READM-30-IPF),4,28,2,7,07/01/2018,12/31/2019,Influenza immunization (IPFQR-IMM-2),91,10/01/2020,03/31/2021
NM,Hours of physical-restraint use,0.06,157.87,106725,Hours of seclusion use,0.14,358.23,106725,Patients discharged on multiple antipsychotic medications with appropriate justification,11.00,Screening for metabolic disorders (SMD),80,Alcohol use brief intervention provided or offered,58,53,Alcohol and other drug use disorder treatment provided or offered at discharge,72,50,Tobacco use treatment provided or offered,63,39,Tobacco use treatment provided or offered at discharge,35,4,Transition record with specified elements received by discharged patients (TR1),68,Timely transmission of transition record (TR2),64,01/01/2020,12/31/2020,Percent of patients receiving follow-up care within 30 days (FUH-30) or within 7 days (FUH-7) after hospitalization for mental illness,49.1,24.4,07/01/2019,12/31/2019,Medication Continuation Following Inpatient Psychiatric Discharge,69,07/01/2018,12/31/2019,Patients readmitted to any hospital within 30 days of discharge from the inpatient psychiatric facility (READM-30-IPF),0,8,1,2,07/01/2018,12/31/2019,Influenza immunization (IPFQR-IMM-2),74,10/01/2020,03/31/2021
NV,Hours of physical-restraint use,0.06,399.53,293873,Hours of seclusion use,0.08,578.9,293873,Patients discharged on multiple antipsychotic medications with appropriate justification,71.00,Screening for metabolic disorders (SMD),74,Alcohol use brief intervention provided or offered,75,67,Alcohol and other drug use disorder treatment provided or offered at discharge,72,64,Tobacco use treatment provided or offered,65,17,Tobacco use treatment provided or offered at discharge,41,11,Transition record with specified elements received by discharged patients (TR1),51,Timely transmission of transition record (TR2),34,01/01/2020,12/31/2020,Percent of patients receiving follow-up care within 30 days (FUH-30) or within 7 days (FUH-7) after hospitalization for mental illness,32.4,16.6,07/01/2019,12/31/2019,Medication Continuation Following Inpatient Psychiatric Discharge,58.1,07/01/2018,12/31/2019,Patients readmitted to any hospital within 30 days of discharge from the inpatient psychiatric facility (READM-30-IPF),8,7,1,1,07/01/2018,12/31/2019,Influenza immunization (IPFQR-IMM-2),60,10/01/2020,03/31/2021
NY,Hours of physical-restraint use,0.24,15761.89,2691925,Hours of seclusion use,0.17,10707.21,2691925,Patients discharged on multiple antipsychotic medications with appropriate justification,71.00,Screening for metabolic disorders (SMD),78,Alcohol use brief intervention provided or offered,66,60,Alcohol and other drug use disorder treatment provided or offered at discharge,80,66,Tobacco use treatment provided or offered,75,48,Tobacco use treatment provided or offered at discharge,57,20,Transition record with specified elements received by discharged patients (TR1),72,Timely transmission of transition record (TR2),65,01/01/2020,12/31/2020,Percent of patients receiving follow-up care within 30 days (FUH-30) or within 7 days (FUH-7) after hospitalization for mental illness,62,42.2,07/01/2019,12/31/2019,Medication Continuation Following Inpatient Psychiatric Discharge,78.8,07/01/2018,12/31/2019,Patients readmitted to any hospital within 30 days of discharge from the inpatient psychiatric facility (READM-30-IPF),5,79,4,15,07/01/2018,12/31/2019,Influenza immunization (IPFQR-IMM-2),84,10/01/2020,03/31/2021
OH,Hours of physical-restraint use,0.10,4081.85,1737894,Hours of seclusion use,0.28,11479.06,1737894,Patients discharged on multiple antipsychotic medications with appropriate justification,60.00,Screening for metabolic disorders (SMD),74,Alcohol use brief intervention provided or offered,83,73,Alcohol and other drug use disorder treatment provided or offered at discharge,78,65,Tobacco use treatment provided or offered,83,40,Tobacco use treatment provided or offered at discharge,51,14,Transition record with specified elements received by discharged patients (TR1),74,Timely transmission of transition record (TR2),66,01/01/2020,12/31/2020,Percent of patients receiving follow-up care within 30 days (FUH-30) or within 7 days (FUH-7) after hospitalization for mental illness,47.3,23.6,07/01/2019,12/31/2019,Medication Continuation Following Inpatient Psychiatric Discharge,72.1,07/01/2018,12/31/2019,Patients readmitted to any hospital within 30 days of discharge from the inpatient psychiatric facility (READM-30-IPF),1,71,2,4,07/01/2018,12/31/2019,Influenza immunization (IPFQR-IMM-2),80,10/01/2020,03/31/2021
OK,Hours of physical-restraint use,0.03,466.27,720369,Hours of seclusion use,0.06,1091.21,720369,Patients discharged on multiple antipsychotic medications with appropriate justification,82.00,Screening for metabolic disorders (SMD),87,Alcohol use brief intervention provided or offered,85,80,Alcohol and other drug use disorder treatment provided or offered at discharge,58,47,Tobacco use treatment provided or offered,80,55,Tobacco use treatment provided or offered at discharge,47,21,Transition record with specified elements received by discharged patients (TR1),81,Timely transmission of transition record (TR2),76,01/01/2020,12/31/2020,Percent of patients receiving follow-up care within 30 days (FUH-30) or within 7 days (FUH-7) after hospitalization for mental illness,43.7,19.7,07/01/2019,12/31/2019,Medication Continuation Following Inpatient Psychiatric Discharge,70.6,07/01/2018,12/31/2019,Patients readmitted to any hospital within 30 days of discharge from the inpatient psychiatric facility (READM-30-IPF),1,30,1,0,07/01/2018,12/31/2019,Influenza immunization (IPFQR-IMM-2),76,10/01/2020,03/31/2021
OR,Hours of physical-restraint use,0.35,2772.55,333234,Hours of seclusion use,1.35,10798.75,333234,Patients discharged on multiple antipsychotic medications with appropriate justification,41.00,Screening for metabolic disorders (SMD),68,Alcohol use brief intervention provided or offered,53,46,Alcohol and other drug use disorder treatment provided or offered at discharge,60,40,Tobacco use treatment provided or offered,64,45,Tobacco use treatment provided or offered at discharge,46,11,Transition record with specified elements received by discharged patients (TR1),42,Timely transmission of transition record (TR2),35,01/01/2020,12/31/2020,Percent of patients receiving follow-up care within 30 days (FUH-30) or within 7 days (FUH-7) after hospitalization for mental illness,44.5,24.1,07/01/2019,12/31/2019,Medication Continuation Following Inpatient Psychiatric Discharge,73.8,07/01/2018,12/31/2019,Patients readmitted to any hospital within 30 days of discharge from the inpatient psychiatric facility (READM-30-IPF),0,11,1,0,07/01/2018,12/31/2019,Influenza immunization (IPFQR-IMM-2),80,10/01/2020,03/31/2021
PA,Hours of physical-restraint use,0.41,14567.65,1498332,Hours of seclusion use,0.29,10304.95,1498332,Patients discharged on multiple antipsychotic medications with appropriate justification,67.00,Screening for metabolic disorders (SMD),81,Alcohol use brief intervention provided or offered,65,56,Alcohol and other drug use disorder treatment provided or offered at discharge,67,50,Tobacco use treatment provided or offered,77,45,Tobacco use treatment provided or offered at discharge,62,18,Transition record with specified elements received by discharged patients (TR1),74,Timely transmission of transition record (TR2),62,01/01/2020,12/31/2020,Percent of patients receiving follow-up care within 30 days (FUH-30) or within 7 days (FUH-7) after hospitalization for mental illness,49.4,29.3,07/01/2019,12/31/2019,Medication Continuation Following Inpatient Psychiatric Discharge,76.8,07/01/2018,12/31/2019,Patients readmitted to any hospital within 30 days of discharge from the inpatient psychiatric facility (READM-30-IPF),3,71,3,5,07/01/2018,12/31/2019,Influenza immunization (IPFQR-IMM-2),83,10/01/2020,03/31/2021
PR,Hours of physical-restraint use,0.35,1077.24,128967,Hours of seclusion use,0.01,20.96,128967,Patients discharged on multiple antipsychotic medications with appropriate justification,43.00,Screening for metabolic disorders (SMD),25,Alcohol use brief intervention provided or offered,59,59,Alcohol and other drug use disorder treatment provided or offered at discharge,68,65,Tobacco use treatment provided or offered,56,43,Tobacco use treatment provided or offered at discharge,33,19,Transition record with specified elements received by discharged patients (TR1),67,Timely transmission of transition record (TR2),17,01/01/2020,12/31/2020,Percent of patients receiving follow-up care within 30 days (FUH-30) or within 7 days (FUH-7) after hospitalization for mental illness,46.4,33.9,07/01/2019,12/31/2019,Medication Continuation Following Inpatient Psychiatric Discharge,30.1,07/01/2018,12/31/2019,Patients readmitted to any hospital within 30 days of discharge from the inpatient psychiatric facility (READM-30-IPF),0,4,0,4,07/01/2018,12/31/2019,Influenza immunization (IPFQR-IMM-2),69,10/01/2020,03/31/2021
RI,Hours of physical-restraint use,1.18,3089.69,109238,Hours of seclusion use,0.46,1216.15,109238,Patients discharged on multiple antipsychotic medications with appropriate justification,70.00,Screening for metabolic disorders (SMD),93,Alcohol use brief intervention provided or offered,93,91,Alcohol and other drug use disorder treatment provided or offered at discharge,85,75,Tobacco use treatment provided or offered,88,60,Tobacco use treatment provided or offered at discharge,60,5,Transition record with specified elements received by discharged patients (TR1),83,Timely transmission of transition record (TR2),76,01/01/2020,12/31/2020,Percent of patients receiving follow-up care within 30 days (FUH-30) or within 7 days (FUH-7) after hospitalization for mental illness,54.9,33.5,07/01/2019,12/31/2019,Medication Continuation Following Inpatient Psychiatric Discharge,73.2,07/01/2018,12/31/2019,Patients readmitted to any hospital within 30 days of discharge from the inpatient psychiatric facility (READM-30-IPF),3,3,0,0,07/01/2018,12/31/2019,Influenza immunization (IPFQR-IMM-2),91,10/01/2020,03/31/2021
SC,Hours of physical-restraint use,0.17,1404.54,351941,Hours of seclusion use,0.29,2458.09,351941,Patients discharged on multiple antipsychotic medications with appropriate justification,66.00,Screening for metabolic disorders (SMD),81,Alcohol use brief intervention provided or offered,87,83,Alcohol and other drug use disorder treatment provided or offered at discharge,75,70,Tobacco use treatment provided or offered,87,52,Tobacco use treatment provided or offered at discharge,72,33,Transition record with specified elements received by discharged patients (TR1),70,Timely transmission of transition record (TR2),65,01/01/2020,12/31/2020,Percent of patients receiving follow-up care within 30 days (FUH-30) or within 7 days (FUH-7) after hospitalization for mental illness,45.7,22.2,07/01/2019,12/31/2019,Medication Continuation Following Inpatient Psychiatric Discharge,72.7,07/01/2018,12/31/2019,Patients readmitted to any hospital within 30 days of discharge from the inpatient psychiatric facility (READM-30-IPF),0,23,1,2,07/01/2018,12/31/2019,Influenza immunization (IPFQR-IMM-2),80,10/01/2020,03/31/2021
SD,Hours of physical-restraint use,0.85,360.45,17688,Hours of seclusion use,2.01,855.31,17688,Patients discharged on multiple antipsychotic medications with appropriate justification,40.00,Screening for metabolic disorders (SMD),83,Alcohol use brief intervention provided or offered,52,33,Alcohol and other drug use disorder treatment provided or offered at discharge,50,28,Tobacco use treatment provided or offered,75,35,Tobacco use treatment provided or offered at discharge,68,1,Transition record with specified elements received by discharged patients (TR1),45,Timely transmission of transition record (TR2),41,01/01/2020,12/31/2020,Percent of patients receiving follow-up care within 30 days (FUH-30) or within 7 days (FUH-7) after hospitalization for mental illness,45.3,19.8,07/01/2019,12/31/2019,Medication Continuation Following Inpatient Psychiatric Discharge,79.3,07/01/2018,12/31/2019,Patients readmitted to any hospital within 30 days of discharge from the inpatient psychiatric facility (READM-30-IPF),0,3,0,0,07/01/2018,12/31/2019,Influenza immunization (IPFQR-IMM-2),81,10/01/2020,03/31/2021
TN,Hours of physical-restraint use,0.18,3909.7,914839,Hours of seclusion use,0.08,1737.36,914839,Patients discharged on multiple antipsychotic medications with appropriate justification,60.00,Screening for metabolic disorders (SMD),86,Alcohol use brief intervention provided or offered,61,54,Alcohol and other drug use disorder treatment provided or offered at discharge,70,51,Tobacco use treatment provided or offered,87,50,Tobacco use treatment provided or offered at discharge,66,6,Transition record with specified elements received by discharged patients (TR1),57,Timely transmission of transition record (TR2),51,01/01/2020,12/31/2020,Percent of patients receiving follow-up care within 30 days (FUH-30) or within 7 days (FUH-7) after hospitalization for mental illness,39.1,16.8,07/01/2019,12/31/2019,Medication Continuation Following Inpatient Psychiatric Discharge,65.8,07/01/2018,12/31/2019,Patients readmitted to any hospital within 30 days of discharge from the inpatient psychiatric facility (READM-30-IPF),3,45,0,2,07/01/2018,12/31/2019,Influenza immunization (IPFQR-IMM-2),78,10/01/2020,03/31/2021
TX,Hours of physical-restraint use,0.16,7778.93,2089334,Hours of seclusion use,0.13,6475,2089334,Patients discharged on multiple antipsychotic medications with appropriate justification,66.00,Screening for metabolic disorders (SMD),76,Alcohol use brief intervention provided or offered,76,68,Alcohol and other drug use disorder treatment provided or offered at discharge,75,64,Tobacco use treatment provided or offered,83,38,Tobacco use treatment provided or offered at discharge,63,23,Transition record with specified elements received by discharged patients (TR1),77,Timely transmission of transition record (TR2),61,01/01/2020,12/31/2020,Percent of patients receiving follow-up care within 30 days (FUH-30) or within 7 days (FUH-7) after hospitalization for mental illness,47.4,25.7,07/01/2019,12/31/2019,Medication Continuation Following Inpatient Psychiatric Discharge,68.5,07/01/2018,12/31/2019,Patients readmitted to any hospital within 30 days of discharge from the inpatient psychiatric facility (READM-30-IPF),6,90,4,6,07/01/2018,12/31/2019,Influenza immunization (IPFQR-IMM-2),77,10/01/2020,03/31/2021
UT,Hours of physical-restraint use,1.13,7845.77,290398,Hours of seclusion use,0.63,4413.68,290398,Patients discharged on multiple antipsychotic medications with appropriate justification,85.00,Screening for metabolic disorders (SMD),89,Alcohol use brief intervention provided or offered,82,81,Alcohol and other drug use disorder treatment provided or offered at discharge,92,80,Tobacco use treatment provided or offered,86,59,Tobacco use treatment provided or offered at discharge,80,53,Transition record with specified elements received by discharged patients (TR1),70,Timely transmission of transition record (TR2),65,01/01/2020,12/31/2020,Percent of patients receiving follow-up care within 30 days (FUH-30) or within 7 days (FUH-7) after hospitalization for mental illness,47.9,29.9,07/01/2019,12/31/2019,Medication Continuation Following Inpatient Psychiatric Discharge,70.1,07/01/2018,12/31/2019,Patients readmitted to any hospital within 30 days of discharge from the inpatient psychiatric facility (READM-30-IPF),0,14,2,1,07/01/2018,12/31/2019,Influenza immunization (IPFQR-IMM-2),82,10/01/2020,03/31/2021
VA,Hours of physical-restraint use,0.62,6228.06,421352,Hours of seclusion use,0.51,5181,421352,Patients discharged on multiple antipsychotic medications with appropriate justification,51.00,Screening for metabolic disorders (SMD),83,Alcohol use brief intervention provided or offered,81,77,Alcohol and other drug use disorder treatment provided or offered at discharge,74,70,Tobacco use treatment provided or offered,81,55,Tobacco use treatment provided or offered at discharge,64,36,Transition record with specified elements received by discharged patients (TR1),64,Timely transmission of transition record (TR2),55,01/01/2020,12/31/2020,Percent of patients receiving follow-up care within 30 days (FUH-30) or within 7 days (FUH-7) after hospitalization for mental illness,47.6,22.7,07/01/2019,12/31/2019,Medication Continuation Following Inpatient Psychiatric Discharge,72.3,07/01/2018,12/31/2019,Patients readmitted to any hospital within 30 days of discharge from the inpatient psychiatric facility (READM-30-IPF),0,33,1,1,07/01/2018,12/31/2019,Influenza immunization (IPFQR-IMM-2),87,10/01/2020,03/31/2021
VT,Hours of physical-restraint use,0.21,158.93,30929,Hours of seclusion use,0.22,163.97,30929,Patients discharged on multiple antipsychotic medications with appropriate justification,17.00,Screening for metabolic disorders (SMD),18,Alcohol use brief intervention provided or offered,82,82,Alcohol and other drug use disorder treatment provided or offered at discharge,82,81,Tobacco use treatment provided or offered,69,0,Tobacco use treatment provided or offered at discharge,11,0,Transition record with specified elements received by discharged patients (TR1),77,Timely transmission of transition record (TR2),68,01/01/2020,12/31/2020,Percent of patients receiving follow-up care within 30 days (FUH-30) or within 7 days (FUH-7) after hospitalization for mental illness,60.1,32.6,07/01/2019,12/31/2019,Medication Continuation Following Inpatient Psychiatric Discharge,77.9,07/01/2018,12/31/2019,Patients readmitted to any hospital within 30 days of discharge from the inpatient psychiatric facility (READM-30-IPF),1,1,0,1,07/01/2018,12/31/2019,Influenza immunization (IPFQR-IMM-2),40,10/01/2020,03/31/2021
WA,Hours of physical-restraint use,1.09,10973.8,419474,Hours of seclusion use,4.17,41960.52,419474,Patients discharged on multiple antipsychotic medications with appropriate justification,61.00,Screening for metabolic disorders (SMD),69,Alcohol use brief intervention provided or offered,59,51,Alcohol and other drug use disorder treatment provided or offered at discharge,49,36,Tobacco use treatment provided or offered,71,35,Tobacco use treatment provided or offered at discharge,40,7,Transition record with specified elements received by discharged patients (TR1),36,Timely transmission of transition record (TR2),29,01/01/2020,12/31/2020,Percent of patients receiving follow-up care within 30 days (FUH-30) or within 7 days (FUH-7) after hospitalization for mental illness,38.7,21.1,07/01/2019,12/31/2019,Medication Continuation Following Inpatient Psychiatric Discharge,74.9,07/01/2018,12/31/2019,Patients readmitted to any hospital within 30 days of discharge from the inpatient psychiatric facility (READM-30-IPF),0,14,4,2,07/01/2018,12/31/2019,Influenza immunization (IPFQR-IMM-2),78,10/01/2020,03/31/2021
WI,Hours of physical-restraint use,0.45,4461.37,408963,Hours of seclusion use,0.29,2864.33,408963,Patients discharged on multiple antipsychotic medications with appropriate justification,55.00,Screening for metabolic disorders (SMD),63,Alcohol use brief intervention provided or offered,77,69,Alcohol and other drug use disorder treatment provided or offered at discharge,71,58,Tobacco use treatment provided or offered,68,45,Tobacco use treatment provided or offered at discharge,27,6,Transition record with specified elements received by discharged patients (TR1),44,Timely transmission of transition record (TR2),38,01/01/2020,12/31/2020,Percent of patients receiving follow-up care within 30 days (FUH-30) or within 7 days (FUH-7) after hospitalization for mental illness,49.5,23.6,07/01/2019,12/31/2019,Medication Continuation Following Inpatient Psychiatric Discharge,81.8,07/01/2018,12/31/2019,Patients readmitted to any hospital within 30 days of discharge from the inpatient psychiatric facility (READM-30-IPF),0,24,1,0,07/01/2018,12/31/2019,Influenza immunization (IPFQR-IMM-2),73,10/01/2020,03/31/2021
WV,Hours of physical-restraint use,0.16,831.44,215188,Hours of seclusion use,0.10,513.7,215188,Patients discharged on multiple antipsychotic medications with appropriate justification,58.00,Screening for metabolic disorders (SMD),87,Alcohol use brief intervention provided or offered,89,80,Alcohol and other drug use disorder treatment provided or offered at discharge,88,77,Tobacco use treatment provided or offered,83,64,Tobacco use treatment provided or offered at discharge,62,11,Transition record with specified elements received by discharged patients (TR1),74,Timely transmission of transition record (TR2),64,01/01/2020,12/31/2020,Percent of patients receiving follow-up care within 30 days (FUH-30) or within 7 days (FUH-7) after hospitalization for mental illness,52.7,20.8,07/01/2019,12/31/2019,Medication Continuation Following Inpatient Psychiatric Discharge,75.9,07/01/2018,12/31/2019,Patients readmitted to any hospital within 30 days of discharge from the inpatient psychiatric facility (READM-30-IPF),0,14,0,1,07/01/2018,12/31/2019,Influenza immunization (IPFQR-IMM-2),81,10/01/2020,03/31/2021
WY,Hours of physical-restraint use,0.03,21.52,26830,Hours of seclusion use,0.06,35.9,26830,Patients discharged on multiple antipsychotic medications with appropriate justification,55.00,Screening for metabolic disorders (SMD),71,Alcohol use brief intervention provided or offered,97,94,Alcohol and other drug use disorder treatment provided or offered at discharge,77,67,Tobacco use treatment provided or offered,86,54,Tobacco use treatment provided or offered at discharge,63,20,Transition record with specified elements received by discharged patients (TR1),66,Timely transmission of transition record (TR2),60,01/01/2020,12/31/2020,Percent of patients receiving follow-up care within 30 days (FUH-30) or within 7 days (FUH-7) after hospitalization for mental illness,50.9,23.2,07/01/2019,12/31/2019,Medication Continuation Following Inpatient Psychiatric Discharge,71.4,07/01/2018,12/31/2019,Patients readmitted to any hospital within 30 days of discharge from the inpatient psychiatric facility (READM-30-IPF),0,4,0,2,07/01/2018,12/31/2019,Influenza immunization (IPFQR-IMM-2),88,10/01/2020,03/31/2021
