"State","Measure ID","Measure Name","Score","Footnote","Start Date","End Date"
AK,MSPB-1,Medicare hospital spending per patient (Medicare Spending per Beneficiary),0.92,14,07/01/2020,12/31/2020
AL,MSPB-1,Medicare hospital spending per patient (Medicare Spending per Beneficiary),0.99,,07/01/2020,12/31/2020
AR,MSPB-1,Medicare hospital spending per patient (Medicare Spending per Beneficiary),1.00,,07/01/2020,12/31/2020
AS,MSPB-1,Medicare hospital spending per patient (Medicare Spending per Beneficiary),Not Available,9,07/01/2020,12/31/2020
AZ,MSPB-1,Medicare hospital spending per patient (Medicare Spending per Beneficiary),0.96,,07/01/2020,12/31/2020
CA,MSPB-1,Medicare hospital spending per patient (Medicare Spending per Beneficiary),1.00,,07/01/2020,12/31/2020
CO,MSPB-1,Medicare hospital spending per patient (Medicare Spending per Beneficiary),1.01,,07/01/2020,12/31/2020
CT,MSPB-1,Medicare hospital spending per patient (Medicare Spending per Beneficiary),1.00,,07/01/2020,12/31/2020
DC,MSPB-1,Medicare hospital spending per patient (Medicare Spending per Beneficiary),1.00,14,07/01/2020,12/31/2020
DE,MSPB-1,Medicare hospital spending per patient (Medicare Spending per Beneficiary),1.00,14,07/01/2020,12/31/2020
FL,MSPB-1,Medicare hospital spending per patient (Medicare Spending per Beneficiary),1.01,,07/01/2020,12/31/2020
GA,MSPB-1,Medicare hospital spending per patient (Medicare Spending per Beneficiary),1.00,,07/01/2020,12/31/2020
GU,MSPB-1,Medicare hospital spending per patient (Medicare Spending per Beneficiary),Not Available,9,07/01/2020,12/31/2020
HI,MSPB-1,Medicare hospital spending per patient (Medicare Spending per Beneficiary),0.92,,07/01/2020,12/31/2020
IA,MSPB-1,Medicare hospital spending per patient (Medicare Spending per Beneficiary),0.96,,07/01/2020,12/31/2020
ID,MSPB-1,Medicare hospital spending per patient (Medicare Spending per Beneficiary),0.96,,07/01/2020,12/31/2020
IL,MSPB-1,Medicare hospital spending per patient (Medicare Spending per Beneficiary),1.00,,07/01/2020,12/31/2020
IN,MSPB-1,Medicare hospital spending per patient (Medicare Spending per Beneficiary),1.01,,07/01/2020,12/31/2020
KS,MSPB-1,Medicare hospital spending per patient (Medicare Spending per Beneficiary),0.99,,07/01/2020,12/31/2020
KY,MSPB-1,Medicare hospital spending per patient (Medicare Spending per Beneficiary),0.99,,07/01/2020,12/31/2020
LA,MSPB-1,Medicare hospital spending per patient (Medicare Spending per Beneficiary),1.04,,07/01/2020,12/31/2020
MA,MSPB-1,Medicare hospital spending per patient (Medicare Spending per Beneficiary),0.98,,07/01/2020,12/31/2020
MD,MSPB-1,Medicare hospital spending per patient (Medicare Spending per Beneficiary),Not Available,9,07/01/2020,12/31/2020
ME,MSPB-1,Medicare hospital spending per patient (Medicare Spending per Beneficiary),0.94,,07/01/2020,12/31/2020
MI,MSPB-1,Medicare hospital spending per patient (Medicare Spending per Beneficiary),0.96,,07/01/2020,12/31/2020
MN,MSPB-1,Medicare hospital spending per patient (Medicare Spending per Beneficiary),0.95,,07/01/2020,12/31/2020
MO,MSPB-1,Medicare hospital spending per patient (Medicare Spending per Beneficiary),0.98,,07/01/2020,12/31/2020
MP,MSPB-1,Medicare hospital spending per patient (Medicare Spending per Beneficiary),Not Available,9,07/01/2020,12/31/2020
MS,MSPB-1,Medicare hospital spending per patient (Medicare Spending per Beneficiary),0.98,,07/01/2020,12/31/2020
MT,MSPB-1,Medicare hospital spending per patient (Medicare Spending per Beneficiary),0.92,,07/01/2020,12/31/2020
NC,MSPB-1,Medicare hospital spending per patient (Medicare Spending per Beneficiary),0.94,,07/01/2020,12/31/2020
ND,MSPB-1,Medicare hospital spending per patient (Medicare Spending per Beneficiary),0.98,14,07/01/2020,12/31/2020
NE,MSPB-1,Medicare hospital spending per patient (Medicare Spending per Beneficiary),0.99,,07/01/2020,12/31/2020
NH,MSPB-1,Medicare hospital spending per patient (Medicare Spending per Beneficiary),0.98,14,07/01/2020,12/31/2020
NJ,MSPB-1,Medicare hospital spending per patient (Medicare Spending per Beneficiary),1.06,,07/01/2020,12/31/2020
NM,MSPB-1,Medicare hospital spending per patient (Medicare Spending per Beneficiary),0.91,,07/01/2020,12/31/2020
NV,MSPB-1,Medicare hospital spending per patient (Medicare Spending per Beneficiary),1.02,,07/01/2020,12/31/2020
NY,MSPB-1,Medicare hospital spending per patient (Medicare Spending per Beneficiary),0.99,,07/01/2020,12/31/2020
OH,MSPB-1,Medicare hospital spending per patient (Medicare Spending per Beneficiary),1.00,,07/01/2020,12/31/2020
OK,MSPB-1,Medicare hospital spending per patient (Medicare Spending per Beneficiary),0.98,,07/01/2020,12/31/2020
OR,MSPB-1,Medicare hospital spending per patient (Medicare Spending per Beneficiary),0.91,,07/01/2020,12/31/2020
PA,MSPB-1,Medicare hospital spending per patient (Medicare Spending per Beneficiary),0.97,,07/01/2020,12/31/2020
PR,MSPB-1,Medicare hospital spending per patient (Medicare Spending per Beneficiary),Not Available,9,07/01/2020,12/31/2020
RI,MSPB-1,Medicare hospital spending per patient (Medicare Spending per Beneficiary),1.01,,07/01/2020,12/31/2020
SC,MSPB-1,Medicare hospital spending per patient (Medicare Spending per Beneficiary),0.98,,07/01/2020,12/31/2020
SD,MSPB-1,Medicare hospital spending per patient (Medicare Spending per Beneficiary),0.98,14,07/01/2020,12/31/2020
TN,MSPB-1,Medicare hospital spending per patient (Medicare Spending per Beneficiary),1.01,,07/01/2020,12/31/2020
TX,MSPB-1,Medicare hospital spending per patient (Medicare Spending per Beneficiary),1.05,,07/01/2020,12/31/2020
UT,MSPB-1,Medicare hospital spending per patient (Medicare Spending per Beneficiary),0.96,,07/01/2020,12/31/2020
VA,MSPB-1,Medicare hospital spending per patient (Medicare Spending per Beneficiary),0.95,,07/01/2020,12/31/2020
VI,MSPB-1,Medicare hospital spending per patient (Medicare Spending per Beneficiary),Not Available,9,07/01/2020,12/31/2020
VT,MSPB-1,Medicare hospital spending per patient (Medicare Spending per Beneficiary),0.98,14,07/01/2020,12/31/2020
WA,MSPB-1,Medicare hospital spending per patient (Medicare Spending per Beneficiary),0.92,14,07/01/2020,12/31/2020
WI,MSPB-1,Medicare hospital spending per patient (Medicare Spending per Beneficiary),0.91,,07/01/2020,12/31/2020
WV,MSPB-1,Medicare hospital spending per patient (Medicare Spending per Beneficiary),0.91,,07/01/2020,12/31/2020
WY,MSPB-1,Medicare hospital spending per patient (Medicare Spending per Beneficiary),0.94,,07/01/2020,12/31/2020
