state,msr_cd,scr,footnote
AK,HAI_1_SIR,0.42,
FL,HAI_1_SIR,0.55,
GA,HAI_1_SIR,0.69,
HI,HAI_1_SIR,0.14,
IA,HAI_1_SIR,0.59,
ID,HAI_1_SIR,0.44,
IL,HAI_1_SIR,0.59,
IN,HAI_1_SIR,0.43,
KS,HAI_1_SIR,0.40,
KY,HAI_1_SIR,0.61,
LA,HAI_1_SIR,0.76,
AL,HAI_1_SIR,0.70,
MA,HAI_1_SIR,0.50,
MD,HAI_1_SIR,0.80,
ME,HAI_1_SIR,1.04,
MI,HAI_1_SIR,0.34,
MN,HAI_1_SIR,0.40,
MO,HAI_1_SIR,0.44,
MS,HAI_1_SIR,0.82,
MT,HAI_1_SIR,0.68,
NC,HAI_1_SIR,0.5,
ND,HAI_1_SIR,0.41,
AR,HAI_1_SIR,0.46,
NE,HAI_1_SIR,0.71,
NH,HAI_1_SIR,0.79,
NJ,HAI_1_SIR,0.68,
NM,HAI_1_SIR,0.54,
NV,HAI_1_SIR,0.52,
NY,HAI_1_SIR,0.68,
OH,HAI_1_SIR,0.47,
OK,HAI_1_SIR,0.54,
OR,HAI_1_SIR,0.45,
PA,HAI_1_SIR,0.48,
AZ,HAI_1_SIR,0.62,
PR,HAI_1_SIR,1.46,
RI,HAI_1_SIR,0.85,
SC,HAI_1_SIR,0.71,
SD,HAI_1_SIR,0.25,
TN,HAI_1_SIR,0.73,
TX,HAI_1_SIR,0.54,
UT,HAI_1_SIR,0.55,
VA,HAI_1_SIR,0.65,
VI,HAI_1_SIR,Not Available,15
VT,HAI_1_SIR,0.33,
CA,HAI_1_SIR,0.53,
WA,HAI_1_SIR,0.42,
WI,HAI_1_SIR,0.63,
WV,HAI_1_SIR,0.63,
WY,HAI_1_SIR,0.50,
CO,HAI_1_SIR,0.51,
GU,HAI_1_SIR,Not Available,5
AS,HAI_1_SIR,Not Available,5
MP,HAI_1_SIR,Not Available,5
CT,HAI_1_SIR,0.54,
DC,HAI_1_SIR,0.65,
DE,HAI_1_SIR,0.56,
