"Facility ID","Facility Name","MSA","MSA Title","HCAHPS HLMR","HCAHPS HLMR Percentile","HCAHPS Start Date","HCAHPS End Date","HCAHPS Footnote","COMP-HIP-KNEE","COMP-HIP-KNEE Percentile","COMP Start Date","COMP End Date","COMP Footnote","PRO","PRO Start Date","PRO End Date","Reconciliation Footnote"
010001,SOUTHEAST ALABAMA MEDICAL CENTER,20020,"Dothan, AL",86.25,60%,07/01/2018,06/30/2019,,2.27443,70%,04/01/2016,03/31/2019,,N,07/01/2018,06/30/2019,
010023,BAPTIST MEDICAL CENTER SOUTH,33860,"Montgomery, AL",85.38,40%,07/01/2018,06/30/2019,,1.86966,100%,04/01/2016,03/31/2019,,N,07/01/2018,06/30/2019,
010055,FLOWERS HOSPITAL,20020,"Dothan, AL",86.88,70%,07/01/2018,06/30/2019,,3.06591,20%,04/01/2016,03/31/2019,,N,07/01/2018,06/30/2019,
010092,D C H REGIONAL MEDICAL CENTER,46220,"Tuscaloosa, AL",82.94,20%,07/01/2018,06/30/2019,,2.89767,20%,04/01/2016,03/31/2019,,N,07/01/2018,06/30/2019,*
040026,CHI ST. VINCENT HOSPITAL HOT SPRINGS,26300,"Hot Springs, AR",84.31,30%,07/01/2018,06/30/2019,,2.17276,80%,04/01/2016,03/31/2019,,N,07/01/2018,06/30/2019,
040078,NATIONAL PARK MEDICAL CENTER,26300,"Hot Springs, AR",79.88,10%,07/01/2018,06/30/2019,,2.80067,30%,04/01/2016,03/31/2019,,N,07/01/2018,06/30/2019,*
050056,ANTELOPE VALLEY HOSPITAL,31080,"Los Angeles-Long Beach-Anaheim, CA",80.25,10%,07/01/2018,06/30/2019,,2.49904,50%,04/01/2016,03/31/2019,,N,07/01/2018,06/30/2019,
050063,HOLLYWOOD PRESBYTERIAN MEDICAL CENTER,31080,"Los Angeles-Long Beach-Anaheim, CA",78.88,10%,07/01/2018,06/30/2019,,2.20914,70%,04/01/2016,03/31/2019,,N,07/01/2018,06/30/2019,
050069,ST JOSEPH HOSPITAL,31080,"Los Angeles-Long Beach-Anaheim, CA",87.94,80%,07/01/2018,06/30/2019,,2.56262,40%,04/01/2016,03/31/2019,,N,07/01/2018,06/30/2019,
050078,PROVIDENCE LITTLE CO OF MARY MED CTR SAN PEDRO,31080,"Los Angeles-Long Beach-Anaheim, CA",84.81,40%,07/01/2018,06/30/2019,,3.07173,20%,04/01/2016,03/31/2019,,N,07/01/2018,06/30/2019,*
050096,WEST COVINA MEDICAL CENTER,31080,"Los Angeles-Long Beach-Anaheim, CA",N/A,N/A,07/01/2018,06/30/2019,***,N/A,N/A,04/01/2016,03/31/2019,1,N,07/01/2018,06/30/2019,
050103,WHITE MEMORIAL MEDICAL CENTER,31080,"Los Angeles-Long Beach-Anaheim, CA",84.31,30%,07/01/2018,06/30/2019,,1.98488,90%,04/01/2016,03/31/2019,,N,07/01/2018,06/30/2019,
050104,SAINT FRANCIS MEDICAL CENTER,31080,"Los Angeles-Long Beach-Anaheim, CA",79.5,10%,07/01/2018,06/30/2019,,N/A,N/A,04/01/2016,03/31/2019,1,N,07/01/2018,06/30/2019,
050112,SANTA MONICA - UCLA MEDICAL CENTER & ORTHOPAEDIC HOSPITAL,31080,"Los Angeles-Long Beach-Anaheim, CA",87.38,80%,07/01/2018,06/30/2019,,2.1291,80%,04/01/2016,03/31/2019,,N,07/01/2018,06/30/2019,
050116,NORTHRIDGE HOSPITAL MEDICAL CENTER,31080,"Los Angeles-Long Beach-Anaheim, CA",86.94,70%,07/01/2018,06/30/2019,,2.937,20%,04/01/2016,03/31/2019,,N,07/01/2018,06/30/2019,
050124,USC VERDUGO HILLS HOSPITAL,31080,"Los Angeles-Long Beach-Anaheim, CA",81.63,10%,07/01/2018,06/30/2019,,2.40336,50%,04/01/2016,03/31/2019,,N,07/01/2018,06/30/2019,
050126,VALLEY PRESBYTERIAN HOSPITAL,31080,"Los Angeles-Long Beach-Anaheim, CA",84.88,40%,07/01/2018,06/30/2019,,2.21232,70%,04/01/2016,03/31/2019,,N,07/01/2018,06/30/2019,
050132,SAN GABRIEL VALLEY MEDICAL CENTER,31080,"Los Angeles-Long Beach-Anaheim, CA",85.56,50%,07/01/2018,06/30/2019,,2.21928,70%,04/01/2016,03/31/2019,,N,07/01/2018,06/30/2019,
050135,SOUTHERN CALIFORNIA HOSPITAL AT HOLLYWOOD,31080,"Los Angeles-Long Beach-Anaheim, CA",73.81,10%,07/01/2018,06/30/2019,,N/A,N/A,04/01/2016,03/31/2019,1,N,07/01/2018,06/30/2019,
050168,ST JUDE MEDICAL CENTER,31080,"Los Angeles-Long Beach-Anaheim, CA",87.31,80%,07/01/2018,06/30/2019,,2.34066,60%,04/01/2016,03/31/2019,,N,07/01/2018,06/30/2019,
050169,PRESBYTERIAN INTERCOMMUNITY HOSPITAL,31080,"Los Angeles-Long Beach-Anaheim, CA",87.06,70%,07/01/2018,06/30/2019,,1.98204,90%,04/01/2016,03/31/2019,,N,07/01/2018,06/30/2019,
050179,EMANUEL MEDICAL CENTER,33700,"Modesto, CA",85.13,40%,07/01/2018,06/30/2019,,3.07907,20%,04/01/2016,03/31/2019,,N,07/01/2018,06/30/2019,*
050180,JOHN MUIR MEDICAL CENTER - WALNUT CREEK CAMPUS,41860,"San Francisco-Oakland-Hayward, CA",86.81,70%,07/01/2018,06/30/2019,,1.98704,90%,04/01/2016,03/31/2019,,Y,07/01/2018,06/30/2019,
050191,ST MARY MEDICAL CENTER,31080,"Los Angeles-Long Beach-Anaheim, CA",82.69,20%,07/01/2018,06/30/2019,,N/A,N/A,04/01/2016,03/31/2019,1,N,07/01/2018,06/30/2019,
050195,WASHINGTON HOSPITAL,41860,"San Francisco-Oakland-Hayward, CA",85.06,40%,07/01/2018,06/30/2019,,2.06649,90%,04/01/2016,03/31/2019,,N,07/01/2018,06/30/2019,
050204,PALMDALE REGIONAL MEDICAL CENTER,31080,"Los Angeles-Long Beach-Anaheim, CA",83.5,20%,07/01/2018,06/30/2019,,2.71399,30%,04/01/2016,03/31/2019,,N,07/01/2018,06/30/2019,*
050224,HOAG MEMORIAL HOSPITAL PRESBYTERIAN,31080,"Los Angeles-Long Beach-Anaheim, CA",86.31,60%,07/01/2018,06/30/2019,,N/A,N/A,04/01/2016,03/31/2019,1,N,07/01/2018,06/30/2019,
050226,AHMC ANAHEIM REGIONAL MEDICAL CENTER,31080,"Los Angeles-Long Beach-Anaheim, CA",82.44,20%,07/01/2018,06/30/2019,,2.26162,70%,04/01/2016,03/31/2019,,N,07/01/2018,06/30/2019,
050230,GARDEN GROVE HOSPITAL & MEDICAL CENTER,31080,"Los Angeles-Long Beach-Anaheim, CA",81.63,10%,07/01/2018,06/30/2019,,N/A,N/A,04/01/2016,03/31/2019,1,N,07/01/2018,06/30/2019,
050231,POMONA VALLEY HOSPITAL MEDICAL CENTER,31080,"Los Angeles-Long Beach-Anaheim, CA",83,20%,07/01/2018,06/30/2019,,2.43276,50%,04/01/2016,03/31/2019,,Y,07/01/2018,06/30/2019,
050238,METHODIST HOSPITAL OF SOUTHERN CA,31080,"Los Angeles-Long Beach-Anaheim, CA",84.19,30%,07/01/2018,06/30/2019,,2.05841,90%,04/01/2016,03/31/2019,,N,07/01/2018,06/30/2019,
050239,GLENDALE ADVENTIST MEDICAL CENTER,31080,"Los Angeles-Long Beach-Anaheim, CA",84.81,40%,07/01/2018,06/30/2019,,1.95017,90%,04/01/2016,03/31/2019,,N,07/01/2018,06/30/2019,
050262,RONALD REAGAN U C L A MEDICAL CENTER,31080,"Los Angeles-Long Beach-Anaheim, CA",87.69,80%,07/01/2018,06/30/2019,,2.24906,70%,04/01/2016,03/31/2019,,N,07/01/2018,06/30/2019,
050281,ALHAMBRA HOSPITAL MEDICAL CENTER,31080,"Los Angeles-Long Beach-Anaheim, CA",86.75,70%,07/01/2018,06/30/2019,,N/A,N/A,04/01/2016,03/31/2019,5,N,07/01/2018,06/30/2019,
050290,PROVIDENCE SAINT JOHN'S HEALTH CENTER,31080,"Los Angeles-Long Beach-Anaheim, CA",83.5,20%,07/01/2018,06/30/2019,,1.53917,100%,04/01/2016,03/31/2019,,N,07/01/2018,06/30/2019,
050350,BEVERLY HOSPITAL,31080,"Los Angeles-Long Beach-Anaheim, CA",81.88,10%,07/01/2018,06/30/2019,,2.51419,40%,04/01/2016,03/31/2019,,N,07/01/2018,06/30/2019,
050351,Torrance Memorial Medical Center,31080,"Los Angeles-Long Beach-Anaheim, CA",87.06,70%,07/01/2018,06/30/2019,,1.84944,100%,04/01/2016,03/31/2019,,N,07/01/2018,06/30/2019,
050353,PROVIDENCE LITTLE COMPANY OF MARY MEDICAL CENTER TORRANCE,31080,"Los Angeles-Long Beach-Anaheim, CA",85.81,50%,07/01/2018,06/30/2019,,2.77042,30%,04/01/2016,03/31/2019,,N,07/01/2018,06/30/2019,
050360,MARIN GENERAL HOSPITAL,41860,"San Francisco-Oakland-Hayward, CA",82.5,20%,07/01/2018,06/30/2019,,3.04313,20%,04/01/2016,03/31/2019,,N,07/01/2018,06/30/2019,*
050376,LAC-HARBOR-UCLA MED CENTER,31080,"Los Angeles-Long Beach-Anaheim, CA",81.81,10%,07/01/2018,06/30/2019,,N/A,N/A,04/01/2016,03/31/2019,1,N,07/01/2018,06/30/2019,
050382,CITRUS VALLEY MEDICAL CENTER INTER-COMMUNITY CAMPUS,31080,"Los Angeles-Long Beach-Anaheim, CA",84.19,30%,07/01/2018,06/30/2019,,2.60721,40%,04/01/2016,03/31/2019,,N,07/01/2018,06/30/2019,
050393,PIH HOSPITAL - DOWNEY,31080,"Los Angeles-Long Beach-Anaheim, CA",83.81,20%,07/01/2018,06/30/2019,,2.22859,70%,04/01/2016,03/31/2019,,N,07/01/2018,06/30/2019,
050426,WEST ANAHEIM MEDICAL CENTER,31080,"Los Angeles-Long Beach-Anaheim, CA",81.19,10%,07/01/2018,06/30/2019,,N/A,N/A,04/01/2016,03/31/2019,1,N,07/01/2018,06/30/2019,
050438,HUNTINGTON MEMORIAL HOSPITAL,31080,"Los Angeles-Long Beach-Anaheim, CA",86.19,60%,07/01/2018,06/30/2019,,1.90346,90%,04/01/2016,03/31/2019,,Y,07/01/2018,06/30/2019,
050471,GOOD SAMARITAN HOSPITAL,31080,"Los Angeles-Long Beach-Anaheim, CA",82.94,20%,07/01/2018,06/30/2019,,2.03322,90%,04/01/2016,03/31/2019,,N,07/01/2018,06/30/2019,
050481,WEST HILLS HOSPITAL & MEDICAL CENTER,31080,"Los Angeles-Long Beach-Anaheim, CA",82.06,10%,07/01/2018,06/30/2019,,3.17134,10%,04/01/2016,03/31/2019,,N,07/01/2018,06/30/2019,*
050485,LONG BEACH MEMORIAL MEDICAL CENTER,31080,"Los Angeles-Long Beach-Anaheim, CA",84.75,40%,07/01/2018,06/30/2019,,2.56823,40%,04/01/2016,03/31/2019,,N,07/01/2018,06/30/2019,
050496,JOHN MUIR MEDICAL CENTER - CONCORD CAMPUS,41860,"San Francisco-Oakland-Hayward, CA",86.63,60%,07/01/2018,06/30/2019,,1.29081,100%,04/01/2016,03/31/2019,,Y,07/01/2018,06/30/2019,
050502,SAINT VINCENT MEDICAL CENTER,31080,"Los Angeles-Long Beach-Anaheim, CA",81,10%,07/01/2018,06/30/2019,,2.69628,30%,04/01/2016,03/31/2019,,N,07/01/2018,06/30/2019,*
050526,HUNTINGTON BEACH HOSPITAL,31080,"Los Angeles-Long Beach-Anaheim, CA",79.38,10%,07/01/2018,06/30/2019,,N/A,N/A,04/01/2016,03/31/2019,5,N,07/01/2018,06/30/2019,
050551,LOS ALAMITOS MEDICAL CENTER,31080,"Los Angeles-Long Beach-Anaheim, CA",83,20%,07/01/2018,06/30/2019,,2.33355,60%,04/01/2016,03/31/2019,,N,07/01/2018,06/30/2019,
050567,MISSION HOSPITAL REGIONAL MED CENTER,31080,"Los Angeles-Long Beach-Anaheim, CA",85.94,50%,07/01/2018,06/30/2019,,2.57195,40%,04/01/2016,03/31/2019,,N,07/01/2018,06/30/2019,
050570,FOUNTAIN VALLEY REGIONAL HOSPITAL & MEDICAL CENTER,31080,"Los Angeles-Long Beach-Anaheim, CA",81.06,10%,07/01/2018,06/30/2019,,2.72015,30%,04/01/2016,03/31/2019,,N,07/01/2018,06/30/2019,*
050575,GARDENS REGIONAL HOSPITAL AND MEDICAL CENTER,31080,"Los Angeles-Long Beach-Anaheim, CA",N/A,N/A,07/01/2018,06/30/2019,***,N/A,N/A,04/01/2016,03/31/2019,5,N,07/01/2018,06/30/2019,**
050580,LA PALMA INTERCOMMUNITY HOSPITAL,31080,"Los Angeles-Long Beach-Anaheim, CA",80.81,10%,07/01/2018,06/30/2019,,N/A,N/A,04/01/2016,03/31/2019,1,N,07/01/2018,06/30/2019,
050581,LAKEWOOD REGIONAL MEDICAL CENTER,31080,"Los Angeles-Long Beach-Anaheim, CA",83.81,20%,07/01/2018,06/30/2019,,2.18782,80%,04/01/2016,03/31/2019,,N,07/01/2018,06/30/2019,
050588,SAN DIMAS COMMUNITY HOSPITAL,31080,"Los Angeles-Long Beach-Anaheim, CA",83.75,20%,07/01/2018,06/30/2019,,2.13638,80%,04/01/2016,03/31/2019,,N,07/01/2018,06/30/2019,
050589,PLACENTIA LINDA HOSPITAL,31080,"Los Angeles-Long Beach-Anaheim, CA",85.69,50%,07/01/2018,06/30/2019,,2.96961,20%,04/01/2016,03/31/2019,,N,07/01/2018,06/30/2019,
050597,FOOTHILL PRESBYTERIAN HOSPITAL,31080,"Los Angeles-Long Beach-Anaheim, CA",83.69,20%,07/01/2018,06/30/2019,,N/A,N/A,04/01/2016,03/31/2019,1,N,07/01/2018,06/30/2019,
050603,SADDLEBACK MEMORIAL MEDICAL CENTER,31080,"Los Angeles-Long Beach-Anaheim, CA",83.75,20%,07/01/2018,06/30/2019,,1.9489,90%,04/01/2016,03/31/2019,,N,07/01/2018,06/30/2019,
050624,HENRY MAYO NEWHALL  HOSPITAL,31080,"Los Angeles-Long Beach-Anaheim, CA",84.63,30%,07/01/2018,06/30/2019,,3.38164,10%,04/01/2016,03/31/2019,,N,07/01/2018,06/30/2019,*
050663,LOS ANGELES COMMUNITY HOSPITAL,31080,"Los Angeles-Long Beach-Anaheim, CA",71.44,10%,07/01/2018,06/30/2019,,N/A,N/A,04/01/2016,03/31/2019,1,N,07/01/2018,06/30/2019,
050678,ORANGE COAST MEMORIAL MEDICAL CENTER,31080,"Los Angeles-Long Beach-Anaheim, CA",84.88,40%,07/01/2018,06/30/2019,,2.29507,70%,04/01/2016,03/31/2019,,N,07/01/2018,06/30/2019,
050696,KECK HOSPITAL OF USC,31080,"Los Angeles-Long Beach-Anaheim, CA",86.06,60%,07/01/2018,06/30/2019,,2.19878,70%,04/01/2016,03/31/2019,,N,07/01/2018,06/30/2019,
050704,MISSION COMMUNITY HOSPITAL,31080,"Los Angeles-Long Beach-Anaheim, CA",77.25,10%,07/01/2018,06/30/2019,,2.12712,80%,04/01/2016,03/31/2019,,N,07/01/2018,06/30/2019,
050717,LAC/RANCHO LOS AMIGOS NATIONAL REHABILITATION  CENTER,31080,"Los Angeles-Long Beach-Anaheim, CA",84.5,30%,07/01/2018,06/30/2019,,2.76156,30%,04/01/2016,03/31/2019,,N,07/01/2018,06/30/2019,*
050726,STANISLAUS SURGICAL HOSPITAL,33700,"Modesto, CA",91.5,100%,07/01/2018,06/30/2019,,2.43603,50%,04/01/2016,03/31/2019,,N,07/01/2018,06/30/2019,
050727,COMMUNITY HOSPITAL OF LONG BEACH,31080,"Los Angeles-Long Beach-Anaheim, CA",N/A,N/A,07/01/2018,06/30/2019,***,N/A,N/A,04/01/2016,03/31/2019,5,N,07/01/2018,06/30/2019,**
050735,WHITTIER HOSPITAL MEDICAL CENTER,31080,"Los Angeles-Long Beach-Anaheim, CA",84.19,30%,07/01/2018,06/30/2019,,N/A,N/A,04/01/2016,03/31/2019,1,N,07/01/2018,06/30/2019,
050736,MONTEREY PARK HOSPITAL,31080,"Los Angeles-Long Beach-Anaheim, CA",84.06,30%,07/01/2018,06/30/2019,,2.43466,50%,04/01/2016,03/31/2019,,N,07/01/2018,06/30/2019,
050737,GARFIELD MEDICAL CENTER,31080,"Los Angeles-Long Beach-Anaheim, CA",86.88,70%,07/01/2018,06/30/2019,,N/A,N/A,04/01/2016,03/31/2019,1,N,07/01/2018,06/30/2019,
050739,CENTINELA HOSPITAL MEDICAL CENTER,31080,"Los Angeles-Long Beach-Anaheim, CA",80.69,10%,07/01/2018,06/30/2019,,N/A,N/A,04/01/2016,03/31/2019,1,N,07/01/2018,06/30/2019,
050740,MARINA DEL REY HOSPITAL,31080,"Los Angeles-Long Beach-Anaheim, CA",84,30%,07/01/2018,06/30/2019,,2.62296,40%,04/01/2016,03/31/2019,,N,07/01/2018,06/30/2019,
050742,OLYMPIA MEDICAL CENTER,31080,"Los Angeles-Long Beach-Anaheim, CA",78.19,10%,07/01/2018,06/30/2019,,2.94482,20%,04/01/2016,03/31/2019,,N,07/01/2018,06/30/2019,*
050745,CHAPMAN GLOBAL MEDICAL CENTER,31080,"Los Angeles-Long Beach-Anaheim, CA",76.56,10%,07/01/2018,06/30/2019,,2.25514,70%,04/01/2016,03/31/2019,,N,07/01/2018,06/30/2019,
050746,ORANGE COUNTY GLOBAL MEDICAL CENTER,31080,"Los Angeles-Long Beach-Anaheim, CA",80.19,10%,07/01/2018,06/30/2019,,N/A,N/A,04/01/2016,03/31/2019,5,N,07/01/2018,06/30/2019,
050755,SHERMAN OAKS HOSPITAL,31080,"Los Angeles-Long Beach-Anaheim, CA",80.5,10%,07/01/2018,06/30/2019,,2.33987,60%,04/01/2016,03/31/2019,,N,07/01/2018,06/30/2019,
050761,PROVIDENCE TARZANA MEDICAL CENTER,31080,"Los Angeles-Long Beach-Anaheim, CA",82.81,20%,07/01/2018,06/30/2019,,2.19001,80%,04/01/2016,03/31/2019,,N,07/01/2018,06/30/2019,
050763,SILVER LAKE MEDICAL CENTER,31080,"Los Angeles-Long Beach-Anaheim, CA",N/A,N/A,07/01/2018,06/30/2019,***,N/A,N/A,04/01/2016,03/31/2019,1,N,07/01/2018,06/30/2019,
050769,HOAG ORTHOPEDIC INSTITUTE,31080,"Los Angeles-Long Beach-Anaheim, CA",91.31,100%,07/01/2018,06/30/2019,,1.26255,100%,04/01/2016,03/31/2019,,N,07/01/2018,06/30/2019,
060004,PLATTE VALLEY MEDICAL CENTER,19740,"Denver-Aurora-Lakewood, CO",89,90%,07/01/2018,06/30/2019,,2.48286,50%,04/01/2016,03/31/2019,,N,07/01/2018,06/30/2019,
060009,LUTHERAN MEDICAL CENTER,19740,"Denver-Aurora-Lakewood, CO",88.19,90%,07/01/2018,06/30/2019,,3.27764,10%,04/01/2016,03/31/2019,,N,07/01/2018,06/30/2019,
060028,SAINT JOSEPH HOSPITAL,19740,"Denver-Aurora-Lakewood, CO",89.31,100%,07/01/2018,06/30/2019,,2.34627,60%,04/01/2016,03/31/2019,,N,07/01/2018,06/30/2019,
060032,ROSE MEDICAL CENTER,19740,"Denver-Aurora-Lakewood, CO",87.06,70%,07/01/2018,06/30/2019,,2.33834,60%,04/01/2016,03/31/2019,,N,07/01/2018,06/30/2019,
060064,Centura Health Porter Adventist Hospital,19740,"Denver-Aurora-Lakewood, CO",87.06,70%,07/01/2018,06/30/2019,,2.16928,80%,04/01/2016,03/31/2019,,N,07/01/2018,06/30/2019,
060112,SKY RIDGE MEDICAL CENTER,19740,"Denver-Aurora-Lakewood, CO",86.38,60%,07/01/2018,06/30/2019,,2.5089,40%,04/01/2016,03/31/2019,,Y,07/01/2018,06/30/2019,
060116,GOOD SAMARITAN MEDICAL CENTER,14500,"Boulder, CO",88.75,90%,07/01/2018,06/30/2019,,3.13286,10%,04/01/2016,03/31/2019,,N,07/01/2018,06/30/2019,
070005,WATERBURY HOSPITAL,35300,"New Haven-Milford, CT",84.94,40%,07/01/2018,06/30/2019,,2.16226,80%,04/01/2016,03/31/2019,,N,07/01/2018,06/30/2019,
070007,LAWRENCE & MEMORIAL HOSPITAL,35980,"Norwich-New London, CT",84.75,40%,07/01/2018,06/30/2019,,2.35615,60%,04/01/2016,03/31/2019,,N,07/01/2018,06/30/2019,
070016,SAINT MARYS HOSPITAL,35300,"New Haven-Milford, CT",84.81,40%,07/01/2018,06/30/2019,,2.1781,80%,04/01/2016,03/31/2019,,N,07/01/2018,06/30/2019,
070017,MIDSTATE MEDICAL CENTER,35300,"New Haven-Milford, CT",88.56,90%,07/01/2018,06/30/2019,,1.77328,100%,04/01/2016,03/31/2019,,N,07/01/2018,06/30/2019,
070019,"MILFORD HOSPITAL, INC",35300,"New Haven-Milford, CT",N/A,N/A,07/01/2018,06/30/2019,***,1.36656,100%,04/01/2016,03/31/2019,,N,07/01/2018,06/30/2019,
070024,WILLIAM W BACKUS HOSPITAL,35980,"Norwich-New London, CT",85.63,50%,07/01/2018,06/30/2019,,2.97547,20%,04/01/2016,03/31/2019,,N,07/01/2018,06/30/2019,
070031,GRIFFIN HOSPITAL,35300,"New Haven-Milford, CT",87.69,80%,07/01/2018,06/30/2019,,2.02077,90%,04/01/2016,03/31/2019,,N,07/01/2018,06/30/2019,
100002,BETHESDA HOSPITAL EAST,33100,"Miami-Fort Lauderdale-West Palm Beach, FL",80.38,10%,07/01/2018,06/30/2019,,1.99803,90%,04/01/2016,03/31/2019,,N,07/01/2018,06/30/2019,
100006,ORLANDO HEALTH,36740,"Orlando-Kissimmee-Sanford, FL",85.5,50%,07/01/2018,06/30/2019,,2.24917,70%,04/01/2016,03/31/2019,,N,07/01/2018,06/30/2019,
100007,FLORIDA HOSPITAL,36740,"Orlando-Kissimmee-Sanford, FL",87.69,80%,07/01/2018,06/30/2019,,1.87044,100%,04/01/2016,03/31/2019,,N,07/01/2018,06/30/2019,
100008,BAPTIST HOSPITAL OF MIAMI,33100,"Miami-Fort Lauderdale-West Palm Beach, FL",85.19,40%,07/01/2018,06/30/2019,,1.96098,90%,04/01/2016,03/31/2019,,N,07/01/2018,06/30/2019,
100025,SACRED HEART HOSPITAL,37860,"Pensacola-Ferry Pass-Brent, FL",85.56,50%,07/01/2018,06/30/2019,,2.52544,40%,04/01/2016,03/31/2019,,N,07/01/2018,06/30/2019,
100029,NORTH SHORE MEDICAL CENTER,33100,"Miami-Fort Lauderdale-West Palm Beach, FL",81.31,10%,07/01/2018,06/30/2019,,2.13396,80%,04/01/2016,03/31/2019,,N,07/01/2018,06/30/2019,
100030,HEALTH CENTRAL,36740,"Orlando-Kissimmee-Sanford, FL",83.44,20%,07/01/2018,06/30/2019,,2.11481,80%,04/01/2016,03/31/2019,,N,07/01/2018,06/30/2019,
100032,BAYFRONT HEALTH - ST PETERSBURG,45300,"Tampa-St. Petersburg-Clearwater, FL",81.13,10%,07/01/2018,06/30/2019,,3.2548,10%,04/01/2016,03/31/2019,,N,07/01/2018,06/30/2019,*
100034,MOUNT SINAI MEDICAL CENTER,33100,"Miami-Fort Lauderdale-West Palm Beach, FL",83.75,20%,07/01/2018,06/30/2019,,2.0353,90%,04/01/2016,03/31/2019,,N,07/01/2018,06/30/2019,
100038,MEMORIAL REGIONAL HOSPITAL,33100,"Miami-Fort Lauderdale-West Palm Beach, FL",85.94,50%,07/01/2018,06/30/2019,,3.14369,10%,04/01/2016,03/31/2019,,N,07/01/2018,06/30/2019,
100039,BROWARD HEALTH MEDICAL CENTER,33100,"Miami-Fort Lauderdale-West Palm Beach, FL",82.25,10%,07/01/2018,06/30/2019,,2.5236,40%,04/01/2016,03/31/2019,,N,07/01/2018,06/30/2019,
100043,MEASE DUNEDIN HOSPITAL,45300,"Tampa-St. Petersburg-Clearwater, FL",89.56,100%,07/01/2018,06/30/2019,,2.62433,40%,04/01/2016,03/31/2019,,N,07/01/2018,06/30/2019,
100044,MARTIN MEDICAL CENTER,38940,"Port St. Lucie, FL",82.88,20%,07/01/2018,06/30/2019,,2.62171,40%,04/01/2016,03/31/2019,,N,07/01/2018,06/30/2019,
100046,FLORIDA HOSPITAL ZEPHYRHILLS,45300,"Tampa-St. Petersburg-Clearwater, FL",86.88,70%,07/01/2018,06/30/2019,,1.81861,100%,04/01/2016,03/31/2019,,N,07/01/2018,06/30/2019,
100050,LARKIN COMMUNITY HOSPITAL PALM SPRINGS CAMPUS,33100,"Miami-Fort Lauderdale-West Palm Beach, FL",73.31,10%,07/01/2018,06/30/2019,,N/A,N/A,04/01/2016,03/31/2019,1,N,07/01/2018,06/30/2019,
100051,SOUTH LAKE HOSPITAL,36740,"Orlando-Kissimmee-Sanford, FL",85.44,40%,07/01/2018,06/30/2019,,2.70222,30%,04/01/2016,03/31/2019,,Y,07/01/2018,06/30/2019,
100053,HIALEAH HOSPITAL,33100,"Miami-Fort Lauderdale-West Palm Beach, FL",82.5,20%,07/01/2018,06/30/2019,,N/A,N/A,04/01/2016,03/31/2019,1,N,07/01/2018,06/30/2019,
100055,FLORIDA HOSPITAL NORTH PINELLAS,45300,"Tampa-St. Petersburg-Clearwater, FL",86.75,70%,07/01/2018,06/30/2019,,2.65245,30%,04/01/2016,03/31/2019,,N,07/01/2018,06/30/2019,
100057,FLORIDA HOSPITAL WATERMAN,36740,"Orlando-Kissimmee-Sanford, FL",87.69,80%,07/01/2018,06/30/2019,,2.51828,40%,04/01/2016,03/31/2019,,Y,07/01/2018,06/30/2019,
100063,MORTON PLANT NORTH BAY HOSPITAL,45300,"Tampa-St. Petersburg-Clearwater, FL",87,70%,07/01/2018,06/30/2019,,2.1191,80%,04/01/2016,03/31/2019,,N,07/01/2018,06/30/2019,
100067,ST ANTHONYS HOSPITAL,45300,"Tampa-St. Petersburg-Clearwater, FL",86.5,60%,07/01/2018,06/30/2019,,3.38501,10%,04/01/2016,03/31/2019,,N,07/01/2018,06/30/2019,
100069,FLORIDA HOSPITAL CARROLLWOOD,45300,"Tampa-St. Petersburg-Clearwater, FL",87.63,80%,07/01/2018,06/30/2019,,2.36424,60%,04/01/2016,03/31/2019,,N,07/01/2018,06/30/2019,
100071,BAYFRONT HEALTH BROOKSVILLE,45300,"Tampa-St. Petersburg-Clearwater, FL",78.75,10%,07/01/2018,06/30/2019,,2.26028,70%,04/01/2016,03/31/2019,,N,07/01/2018,06/30/2019,
100073,HOLY CROSS HOSPITAL,33100,"Miami-Fort Lauderdale-West Palm Beach, FL",83.31,20%,07/01/2018,06/30/2019,,1.98246,90%,04/01/2016,03/31/2019,,N,07/01/2018,06/30/2019,
100075,ST JOSEPHS HOSPITAL,45300,"Tampa-St. Petersburg-Clearwater, FL",87.88,80%,07/01/2018,06/30/2019,,3.19248,10%,04/01/2016,03/31/2019,,N,07/01/2018,06/30/2019,
100080,JFK MEDICAL CENTER,33100,"Miami-Fort Lauderdale-West Palm Beach, FL",80.5,10%,07/01/2018,06/30/2019,,2.26697,70%,04/01/2016,03/31/2019,,N,07/01/2018,06/30/2019,
100084,LEESBURG REGIONAL MEDICAL CENTER,36740,"Orlando-Kissimmee-Sanford, FL",79.25,10%,07/01/2018,06/30/2019,,3.07876,20%,04/01/2016,03/31/2019,,N,07/01/2018,06/30/2019,*
100086,BROWARD HEALTH NORTH,33100,"Miami-Fort Lauderdale-West Palm Beach, FL",85.63,50%,07/01/2018,06/30/2019,,1.77437,100%,04/01/2016,03/31/2019,,N,07/01/2018,06/30/2019,
100093,BAPTIST HOSPITAL,37860,"Pensacola-Ferry Pass-Brent, FL",83.88,30%,07/01/2018,06/30/2019,,1.36958,100%,04/01/2016,03/31/2019,,Y,07/01/2018,06/30/2019,
100105,INDIAN RIVER MEDICAL CENTER,42680,"Sebastian-Vero Beach, FL",83.31,20%,07/01/2018,06/30/2019,,1.6486,100%,04/01/2016,03/31/2019,,N,07/01/2018,06/30/2019,
100110,OSCEOLA REGIONAL MEDICAL CENTER,36740,"Orlando-Kissimmee-Sanford, FL",81.81,10%,07/01/2018,06/30/2019,,2.49017,50%,04/01/2016,03/31/2019,,N,07/01/2018,06/30/2019,
100113,UF HEALTH SHANDS HOSPITAL,23540,"Gainesville, FL",85.69,50%,07/01/2018,06/30/2019,,2.04766,90%,04/01/2016,03/31/2019,,Y,07/01/2018,06/30/2019,
100124,SANTA ROSA MEDICAL CENTER,37860,"Pensacola-Ferry Pass-Brent, FL",84.38,30%,07/01/2018,06/30/2019,,2.64988,30%,04/01/2016,03/31/2019,,N,07/01/2018,06/30/2019,
100125,HOMESTEAD HOSPITAL,33100,"Miami-Fort Lauderdale-West Palm Beach, FL",83.25,20%,07/01/2018,06/30/2019,,N/A,N/A,04/01/2016,03/31/2019,1,N,07/01/2018,06/30/2019,
100126,PALMS OF PASADENA HOSPITAL,45300,"Tampa-St. Petersburg-Clearwater, FL",85.75,50%,07/01/2018,06/30/2019,,2.36319,60%,04/01/2016,03/31/2019,,N,07/01/2018,06/30/2019,
100127,MORTON PLANT HOSPITAL,45300,"Tampa-St. Petersburg-Clearwater, FL",87.25,70%,07/01/2018,06/30/2019,,1.83946,100%,04/01/2016,03/31/2019,,N,07/01/2018,06/30/2019,
100128,TAMPA GENERAL HOSPITAL,45300,"Tampa-St. Petersburg-Clearwater, FL",86.56,60%,07/01/2018,06/30/2019,,2.24894,70%,04/01/2016,03/31/2019,,N,07/01/2018,06/30/2019,
100131,AVENTURA HOSPITAL AND MEDICAL CENTER,33100,"Miami-Fort Lauderdale-West Palm Beach, FL",80.19,10%,07/01/2018,06/30/2019,,2.49086,50%,04/01/2016,03/31/2019,,N,07/01/2018,06/30/2019,
100132,SOUTH FLORIDA BAPTIST HOSPITAL,45300,"Tampa-St. Petersburg-Clearwater, FL",86.94,70%,07/01/2018,06/30/2019,,2.83096,20%,04/01/2016,03/31/2019,,N,07/01/2018,06/30/2019,
100154,SOUTH MIAMI HOSPITAL,33100,"Miami-Fort Lauderdale-West Palm Beach, FL",85.44,40%,07/01/2018,06/30/2019,,2.08215,80%,04/01/2016,03/31/2019,,N,07/01/2018,06/30/2019,
100161,CENTRAL FLORIDA REGIONAL HOSPITAL,36740,"Orlando-Kissimmee-Sanford, FL",82.44,20%,07/01/2018,06/30/2019,,2.8327,20%,04/01/2016,03/31/2019,,N,07/01/2018,06/30/2019,*
100167,PLANTATION GENERAL HOSPITAL,33100,"Miami-Fort Lauderdale-West Palm Beach, FL",83.44,20%,07/01/2018,06/30/2019,,2.70383,30%,04/01/2016,03/31/2019,,N,07/01/2018,06/30/2019,*
100168,BOCA RATON REGIONAL HOSPITAL,33100,"Miami-Fort Lauderdale-West Palm Beach, FL",83.19,20%,07/01/2018,06/30/2019,,3.77047,10%,04/01/2016,03/31/2019,,N,07/01/2018,06/30/2019,*
100173,FLORIDA HOSPITAL TAMPA,45300,"Tampa-St. Petersburg-Clearwater, FL",84.81,40%,07/01/2018,06/30/2019,,2.71904,30%,04/01/2016,03/31/2019,,N,07/01/2018,06/30/2019,*
100176,PALM BEACH GARDENS MEDICAL CENTER,33100,"Miami-Fort Lauderdale-West Palm Beach, FL",83.06,20%,07/01/2018,06/30/2019,,2.63992,40%,04/01/2016,03/31/2019,,N,07/01/2018,06/30/2019,
100180,ST PETERSBURG GENERAL HOSPITAL,45300,"Tampa-St. Petersburg-Clearwater, FL",84.19,30%,07/01/2018,06/30/2019,,N/A,N/A,04/01/2016,03/31/2019,1,N,07/01/2018,06/30/2019,
100181,LARKIN COMMUNITY HOSPITAL,33100,"Miami-Fort Lauderdale-West Palm Beach, FL",N/A,N/A,07/01/2018,06/30/2019,***,2.20954,70%,04/01/2016,03/31/2019,,N,07/01/2018,06/30/2019,
100183,CORAL GABLES HOSPITAL,33100,"Miami-Fort Lauderdale-West Palm Beach, FL",83.69,20%,07/01/2018,06/30/2019,,2.20136,70%,04/01/2016,03/31/2019,,N,07/01/2018,06/30/2019,
100187,PALMETTO GENERAL HOSPITAL,33100,"Miami-Fort Lauderdale-West Palm Beach, FL",83.25,20%,07/01/2018,06/30/2019,,2.11759,80%,04/01/2016,03/31/2019,,N,07/01/2018,06/30/2019,
100189,NORTHWEST MEDICAL CENTER,33100,"Miami-Fort Lauderdale-West Palm Beach, FL",79.38,10%,07/01/2018,06/30/2019,,N/A,N/A,04/01/2016,03/31/2019,1,N,07/01/2018,06/30/2019,
100191,MEDICAL CENTER OF TRINITY,45300,"Tampa-St. Petersburg-Clearwater, FL",84.75,40%,07/01/2018,06/30/2019,,2.3658,60%,04/01/2016,03/31/2019,,N,07/01/2018,06/30/2019,
100200,BROWARD HEALTH IMPERIAL POINT,33100,"Miami-Fort Lauderdale-West Palm Beach, FL",85.5,50%,07/01/2018,06/30/2019,,2.10556,80%,04/01/2016,03/31/2019,,N,07/01/2018,06/30/2019,
100204,NORTH FLORIDA REGIONAL MEDICAL CENTER,23540,"Gainesville, FL",82.44,20%,07/01/2018,06/30/2019,,1.88678,100%,04/01/2016,03/31/2019,,Y,07/01/2018,06/30/2019,
100206,MEMORIAL HOSPITAL OF TAMPA,45300,"Tampa-St. Petersburg-Clearwater, FL",84.56,30%,07/01/2018,06/30/2019,,2.76744,30%,04/01/2016,03/31/2019,,N,07/01/2018,06/30/2019,*
100209,KENDALL REGIONAL MEDICAL CENTER,33100,"Miami-Fort Lauderdale-West Palm Beach, FL",80.44,10%,07/01/2018,06/30/2019,,2.5511,40%,04/01/2016,03/31/2019,,N,07/01/2018,06/30/2019,
100211,FLORIDA HOSPITAL DADE CITY,45300,"Tampa-St. Petersburg-Clearwater, FL",84.13,30%,07/01/2018,06/30/2019,,N/A,N/A,04/01/2016,03/31/2019,5,N,07/01/2018,06/30/2019,
100217,SEBASTIAN RIVER MEDICAL CENTER,42680,"Sebastian-Vero Beach, FL",79.38,10%,07/01/2018,06/30/2019,,2.60654,40%,04/01/2016,03/31/2019,,N,07/01/2018,06/30/2019,
100224,UNIVERSITY HOSPITAL AND MEDICAL CENTER,33100,"Miami-Fort Lauderdale-West Palm Beach, FL",81.75,10%,07/01/2018,06/30/2019,,3.05867,20%,04/01/2016,03/31/2019,,N,07/01/2018,06/30/2019,*
100228,WESTSIDE REGIONAL MEDICAL CENTER,33100,"Miami-Fort Lauderdale-West Palm Beach, FL",78.38,10%,07/01/2018,06/30/2019,,2.81653,20%,04/01/2016,03/31/2019,,N,07/01/2018,06/30/2019,*
100230,MEMORIAL HOSPITAL PEMBROKE,33100,"Miami-Fort Lauderdale-West Palm Beach, FL",86.63,60%,07/01/2018,06/30/2019,,N/A,N/A,04/01/2016,03/31/2019,1,N,07/01/2018,06/30/2019,
100231,WEST FLORIDA HOSPITAL,37860,"Pensacola-Ferry Pass-Brent, FL",84.25,30%,07/01/2018,06/30/2019,,2.67439,30%,04/01/2016,03/31/2019,,N,07/01/2018,06/30/2019,*
100238,NORTHSIDE HOSPITAL,45300,"Tampa-St. Petersburg-Clearwater, FL",82.75,20%,07/01/2018,06/30/2019,,3.4477,10%,04/01/2016,03/31/2019,,N,07/01/2018,06/30/2019,*
100243,BRANDON REGIONAL HOSPITAL,45300,"Tampa-St. Petersburg-Clearwater, FL",83.44,20%,07/01/2018,06/30/2019,,2.89559,20%,04/01/2016,03/31/2019,,N,07/01/2018,06/30/2019,*
100246,LAWNWOOD REGIONAL MEDICAL CENTER & HEART INSTITUTE,38940,"Port St. Lucie, FL",79.69,10%,07/01/2018,06/30/2019,,N/A,N/A,04/01/2016,03/31/2019,1,N,07/01/2018,06/30/2019,
100248,LARGO MEDICAL CENTER,45300,"Tampa-St. Petersburg-Clearwater, FL",82.5,20%,07/01/2018,06/30/2019,,4.08962,10%,04/01/2016,03/31/2019,,N,07/01/2018,06/30/2019,*
100253,Jupiter Medical Center,33100,"Miami-Fort Lauderdale-West Palm Beach, FL",85.44,40%,07/01/2018,06/30/2019,,1.73887,100%,04/01/2016,03/31/2019,,N,07/01/2018,06/30/2019,
100255,TAMPA COMMUNITY HOSPITAL,45300,"Tampa-St. Petersburg-Clearwater, FL",N/A,N/A,07/01/2018,06/30/2019,***,N/A,N/A,04/01/2016,03/31/2019,1,N,07/01/2018,06/30/2019,**
100256,REGIONAL MEDICAL CENTER BAYONET POINT,45300,"Tampa-St. Petersburg-Clearwater, FL",82.81,20%,07/01/2018,06/30/2019,,2.05037,90%,04/01/2016,03/31/2019,,N,07/01/2018,06/30/2019,
100258,DELRAY MEDICAL CENTER,33100,"Miami-Fort Lauderdale-West Palm Beach, FL",79.31,10%,07/01/2018,06/30/2019,,2.2257,70%,04/01/2016,03/31/2019,,N,07/01/2018,06/30/2019,
100259,SOUTH BAY HOSPITAL,45300,"Tampa-St. Petersburg-Clearwater, FL",84.13,30%,07/01/2018,06/30/2019,,2.41655,50%,04/01/2016,03/31/2019,,N,07/01/2018,06/30/2019,
100260,ST LUCIE MEDICAL CENTER,38940,"Port St. Lucie, FL",84.81,40%,07/01/2018,06/30/2019,,3.14745,10%,04/01/2016,03/31/2019,,Y,07/01/2018,06/30/2019,
100264,OAK HILL HOSPITAL,45300,"Tampa-St. Petersburg-Clearwater, FL",83.31,20%,07/01/2018,06/30/2019,,2.83702,20%,04/01/2016,03/31/2019,,N,07/01/2018,06/30/2019,*
100265,MEASE COUNTRYSIDE HOSPITAL,45300,"Tampa-St. Petersburg-Clearwater, FL",87.19,70%,07/01/2018,06/30/2019,,2.00452,90%,04/01/2016,03/31/2019,,N,07/01/2018,06/30/2019,
100266,GULF BREEZE HOSPITAL,37860,"Pensacola-Ferry Pass-Brent, FL",85.88,50%,07/01/2018,06/30/2019,,2.37272,60%,04/01/2016,03/31/2019,,N,07/01/2018,06/30/2019,
100268,WEST BOCA MEDICAL CENTER,33100,"Miami-Fort Lauderdale-West Palm Beach, FL",82.63,20%,07/01/2018,06/30/2019,,2.13725,80%,04/01/2016,03/31/2019,,N,07/01/2018,06/30/2019,
100269,PALMS WEST HOSPITAL,33100,"Miami-Fort Lauderdale-West Palm Beach, FL",82.5,20%,07/01/2018,06/30/2019,,N/A,N/A,04/01/2016,03/31/2019,1,N,07/01/2018,06/30/2019,
100275,WELLINGTON REGIONAL MEDICAL CENTER,33100,"Miami-Fort Lauderdale-West Palm Beach, FL",81.94,10%,07/01/2018,06/30/2019,,3.10936,10%,04/01/2016,03/31/2019,,N,07/01/2018,06/30/2019,*
100276,BROWARD HEALTH CORAL SPRINGS,33100,"Miami-Fort Lauderdale-West Palm Beach, FL",82.31,10%,07/01/2018,06/30/2019,,2.40826,50%,04/01/2016,03/31/2019,,N,07/01/2018,06/30/2019,
100281,MEMORIAL HOSPITAL WEST,33100,"Miami-Fort Lauderdale-West Palm Beach, FL",86.88,70%,07/01/2018,06/30/2019,,2.62922,40%,04/01/2016,03/31/2019,,N,07/01/2018,06/30/2019,
100284,WESTCHESTER GENERAL HOSPITAL,33100,"Miami-Fort Lauderdale-West Palm Beach, FL",N/A,N/A,07/01/2018,06/30/2019,***,N/A,N/A,04/01/2016,03/31/2019,1,N,07/01/2018,06/30/2019,
100285,MEMORIAL HOSPITAL MIRAMAR,33100,"Miami-Fort Lauderdale-West Palm Beach, FL",87.88,80%,07/01/2018,06/30/2019,,2.38255,60%,04/01/2016,03/31/2019,,N,07/01/2018,06/30/2019,
100286,PHYSICIANS REGIONAL MEDICAL CENTER - PINE RIDGE,34940,"Naples-Immokalee-Marco Island, FL",79.38,10%,07/01/2018,06/30/2019,,1.63392,100%,04/01/2016,03/31/2019,,N,07/01/2018,06/30/2019,
100287,GOOD SAMARITAN MEDICAL CENTER,33100,"Miami-Fort Lauderdale-West Palm Beach, FL",82.5,20%,07/01/2018,06/30/2019,,1.83317,100%,04/01/2016,03/31/2019,,N,07/01/2018,06/30/2019,
100288,ST MARY'S MEDICAL CENTER,33100,"Miami-Fort Lauderdale-West Palm Beach, FL",80.69,10%,07/01/2018,06/30/2019,,2.22252,70%,04/01/2016,03/31/2019,,N,07/01/2018,06/30/2019,
100289,CLEVELAND CLINIC HOSPITAL,33100,"Miami-Fort Lauderdale-West Palm Beach, FL",86.81,70%,07/01/2018,06/30/2019,,1.38196,100%,04/01/2016,03/31/2019,,N,07/01/2018,06/30/2019,
100296,DOCTORS HOSPITAL,33100,"Miami-Fort Lauderdale-West Palm Beach, FL",86.13,60%,07/01/2018,06/30/2019,,1.57139,100%,04/01/2016,03/31/2019,,N,07/01/2018,06/30/2019,
100302,ST CLOUD REGIONAL MEDICAL CENTER,36740,"Orlando-Kissimmee-Sanford, FL",77.25,10%,07/01/2018,06/30/2019,,N/A,N/A,04/01/2016,03/31/2019,1,N,07/01/2018,06/30/2019,
100314,WEST KENDALL BAPTIST HOSPITAL,33100,"Miami-Fort Lauderdale-West Palm Beach, FL",87.38,80%,07/01/2018,06/30/2019,,N/A,N/A,04/01/2016,03/31/2019,1,N,07/01/2018,06/30/2019,
100319,FLORIDA HOSPITAL WESLEY CHAPEL,45300,"Tampa-St. Petersburg-Clearwater, FL",88.56,90%,07/01/2018,06/30/2019,,2.36759,60%,04/01/2016,03/31/2019,,N,07/01/2018,06/30/2019,
110029,"NORTHEAST GEORGIA MEDICAL CENTER, INC",23580,"Gainesville, GA",84.81,40%,07/01/2018,06/30/2019,,2.02087,90%,04/01/2016,03/31/2019,,N,07/01/2018,06/30/2019,
110074,ATHENS REGIONAL MEDICAL CENTER,12020,"Athens-Clarke County, GA",84.81,40%,07/01/2018,06/30/2019,,3.18574,10%,04/01/2016,03/31/2019,,N,07/01/2018,06/30/2019,*
150005,HENDRICKS REGIONAL HEALTH,26900,"Indianapolis-Carmel-Anderson, IN",89.44,100%,07/01/2018,06/30/2019,,2.50508,50%,04/01/2016,03/31/2019,,N,07/01/2018,06/30/2019,
150012,SAINT JOSEPH REGIONAL MEDICAL CENTER,43780,"South Bend-Mishawaka, IN-MI",84.75,40%,07/01/2018,06/30/2019,,1.96541,90%,04/01/2016,03/31/2019,,Y,07/01/2018,06/30/2019,
150037,HANCOCK REGIONAL HOSPITAL,26900,"Indianapolis-Carmel-Anderson, IN",89,90%,07/01/2018,06/30/2019,,2.05712,90%,04/01/2016,03/31/2019,,N,07/01/2018,06/30/2019,
150058,MEMORIAL HOSPITAL OF SOUTH BEND,43780,"South Bend-Mishawaka, IN-MI",85.56,50%,07/01/2018,06/30/2019,,1.53808,100%,04/01/2016,03/31/2019,,N,07/01/2018,06/30/2019,
150086,DEARBORN COUNTY HOSPITAL,17140,"Cincinnati, OH-KY-IN",87.69,80%,07/01/2018,06/30/2019,,3.48198,10%,04/01/2016,03/31/2019,,N,07/01/2018,06/30/2019,
150160,ORTHOINDY HOSPITAL,26900,"Indianapolis-Carmel-Anderson, IN",91.94,100%,07/01/2018,06/30/2019,,2.28015,70%,04/01/2016,03/31/2019,,N,07/01/2018,06/30/2019,
170016,ST FRANCIS HEALTH CENTER INC,45820,"Topeka, KS",86.63,60%,07/01/2018,06/30/2019,,2.16556,80%,04/01/2016,03/31/2019,,N,07/01/2018,06/30/2019,
170049,OLATHE MEDICAL CENTER,28140,"Kansas City, MO-KS",86.31,60%,07/01/2018,06/30/2019,,2.90974,20%,04/01/2016,03/31/2019,,N,07/01/2018,06/30/2019,
170109,MIAMI COUNTY MEDICAL CENTER,28140,"Kansas City, MO-KS",92.31,100%,07/01/2018,06/30/2019,,2.12543,80%,04/01/2016,03/31/2019,,N,07/01/2018,06/30/2019,
170183,KANSAS SURGERY AND RECOVERY CENTER,48620,"Wichita, KS",91.63,100%,07/01/2018,06/30/2019,,1.44766,100%,04/01/2016,03/31/2019,,N,07/01/2018,06/30/2019,
170188,KANSAS CITY ORTHOPAEDIC INSTITUTE,28140,"Kansas City, MO-KS",93.06,100%,07/01/2018,06/30/2019,,1.86653,100%,04/01/2016,03/31/2019,,N,07/01/2018,06/30/2019,
180001,ST ELIZABETH FT THOMAS,17140,"Cincinnati, OH-KY-IN",87.25,70%,07/01/2018,06/30/2019,,N/A,N/A,04/01/2016,03/31/2019,5,N,07/01/2018,06/30/2019,
180035,ST ELIZABETH MEDICAL CENTER NORTH,17140,"Cincinnati, OH-KY-IN",87.69,80%,07/01/2018,06/30/2019,,2.20462,70%,04/01/2016,03/31/2019,,N,07/01/2018,06/30/2019,
180045,ST ELIZABETH FLORENCE,17140,"Cincinnati, OH-KY-IN",87.69,80%,07/01/2018,06/30/2019,,N/A,N/A,04/01/2016,03/31/2019,5,N,07/01/2018,06/30/2019,
190036,OCHSNER MEDICAL CENTER,35380,"New Orleans-Metairie, LA",86,50%,07/01/2018,06/30/2019,,1.94161,90%,04/01/2016,03/31/2019,,N,07/01/2018,06/30/2019,
190039,WEST JEFFERSON MEDICAL CENTER,35380,"New Orleans-Metairie, LA",84.38,30%,07/01/2018,06/30/2019,,2.5385,40%,04/01/2016,03/31/2019,,N,07/01/2018,06/30/2019,
190040,SLIDELL MEMORIAL HOSPITAL,35380,"New Orleans-Metairie, LA",84.88,40%,07/01/2018,06/30/2019,,2.85713,20%,04/01/2016,03/31/2019,,N,07/01/2018,06/30/2019,*
190045,ST TAMMANY PARISH HOSPITAL,35380,"New Orleans-Metairie, LA",88.44,90%,07/01/2018,06/30/2019,,2.77787,30%,04/01/2016,03/31/2019,,Y,07/01/2018,06/30/2019,
190046,TOURO INFIRMARY,35380,"New Orleans-Metairie, LA",85.75,50%,07/01/2018,06/30/2019,,1.6709,100%,04/01/2016,03/31/2019,,N,07/01/2018,06/30/2019,
190079,ST CHARLES PARISH HOSPITAL,35380,"New Orleans-Metairie, LA",91.06,100%,07/01/2018,06/30/2019,,N/A,N/A,04/01/2016,03/31/2019,1,N,07/01/2018,06/30/2019,
190125,ST FRANCIS MEDICAL CENTER,33740,"Monroe, LA",87.69,80%,07/01/2018,06/30/2019,,2.023,90%,04/01/2016,03/31/2019,,N,07/01/2018,06/30/2019,
190146,EAST JEFFERSON GENERAL HOSPITAL,35380,"New Orleans-Metairie, LA",85.44,40%,07/01/2018,06/30/2019,,2.37944,60%,04/01/2016,03/31/2019,,N,07/01/2018,06/30/2019,
190160,GLENWOOD REGIONAL MEDICAL CENTER,33740,"Monroe, LA",82.5,20%,07/01/2018,06/30/2019,,2.56155,40%,04/01/2016,03/31/2019,,Y,07/01/2018,06/30/2019,
190176,TULANE MEDICAL CENTER,35380,"New Orleans-Metairie, LA",86.63,60%,07/01/2018,06/30/2019,,2.48699,50%,04/01/2016,03/31/2019,,N,07/01/2018,06/30/2019,
190204,"OCHSNER MEDICAL CENTER - NORTHSHORE, L L C",35380,"New Orleans-Metairie, LA",85.88,50%,07/01/2018,06/30/2019,,2.75772,30%,04/01/2016,03/31/2019,,N,07/01/2018,06/30/2019,
190256,STERLING SURGICAL HOSPITAL,35380,"New Orleans-Metairie, LA",N/A,N/A,07/01/2018,06/30/2019,***,2.25801,70%,04/01/2016,03/31/2019,,N,07/01/2018,06/30/2019,
190267,FAIRWAY MEDICAL CENTER,35380,"New Orleans-Metairie, LA",91.25,100%,07/01/2018,06/30/2019,,1.9189,90%,04/01/2016,03/31/2019,,N,07/01/2018,06/30/2019,
190270,SOUTHERN SURGICAL HOSPITAL,35380,"New Orleans-Metairie, LA",91.31,100%,07/01/2018,06/30/2019,,2.70699,30%,04/01/2016,03/31/2019,,Y,07/01/2018,06/30/2019,
190274,OCHSNER MEDICAL CENTER KENNER,35380,"New Orleans-Metairie, LA",86.13,60%,07/01/2018,06/30/2019,,2.36296,60%,04/01/2016,03/31/2019,,N,07/01/2018,06/30/2019,
230070,COVENANT MEDICAL CENTER,40980,"Saginaw, MI",85.06,40%,07/01/2018,06/30/2019,,2.77408,30%,04/01/2016,03/31/2019,,Y,07/01/2018,06/30/2019,
230132,HURLEY MEDICAL CENTER,22420,"Flint, MI",82.06,10%,07/01/2018,06/30/2019,,2.74863,30%,04/01/2016,03/31/2019,,Y,07/01/2018,06/30/2019,*
230141,MCLAREN FLINT,22420,"Flint, MI",82.63,20%,07/01/2018,06/30/2019,,2.10517,80%,04/01/2016,03/31/2019,,N,07/01/2018,06/30/2019,
250141,BAPTIST MEMORIAL HOSPITAL DESOTO,32820,"Memphis, TN-MS-AR",80.06,10%,07/01/2018,06/30/2019,,2.4482,50%,04/01/2016,03/31/2019,,N,07/01/2018,06/30/2019,
260162,BARNES-JEWISH WEST COUNTY HOSPITAL,41180,"St. Louis, MO-IL",89.63,100%,07/01/2018,06/30/2019,,2.33206,60%,04/01/2016,03/31/2019,,N,07/01/2018,06/30/2019,
260179,ST LUKES HOSPITAL,41180,"St. Louis, MO-IL",87.75,80%,07/01/2018,06/30/2019,,2.04383,90%,04/01/2016,03/31/2019,,Y,07/01/2018,06/30/2019,
260193,ST MARY'S MEDICAL CENTER,28140,"Kansas City, MO-KS",86.5,60%,07/01/2018,06/30/2019,,2.28411,70%,04/01/2016,03/31/2019,,N,07/01/2018,06/30/2019,
280127,LINCOLN SURGICAL HOSPITAL,30700,"Lincoln, NE",93.13,100%,07/01/2018,06/30/2019,,1.93045,90%,04/01/2016,03/31/2019,,Y,07/01/2018,06/30/2019,
310001,HACKENSACK UNIVERSITY MEDICAL CENTER,35620,"New York-Newark-Jersey City, NY-NJ-PA",83.5,20%,07/01/2018,06/30/2019,,1.77604,100%,04/01/2016,03/31/2019,,Y,07/01/2018,06/30/2019,
310002,NEWARK BETH ISRAEL MEDICAL CENTER,35620,"New York-Newark-Jersey City, NY-NJ-PA",82.63,20%,07/01/2018,06/30/2019,,2.47367,50%,04/01/2016,03/31/2019,,N,07/01/2018,06/30/2019,
310003,HACKENSACK UMC PALISADES,35620,"New York-Newark-Jersey City, NY-NJ-PA",82.06,10%,07/01/2018,06/30/2019,,2.25801,70%,04/01/2016,03/31/2019,,N,07/01/2018,06/30/2019,
310005,HUNTERDON MEDICAL CENTER,35620,"New York-Newark-Jersey City, NY-NJ-PA",86.44,60%,07/01/2018,06/30/2019,,2.42074,50%,04/01/2016,03/31/2019,,N,07/01/2018,06/30/2019,
310006,ST MARY'S GENERAL HOSPITAL,35620,"New York-Newark-Jersey City, NY-NJ-PA",81,10%,07/01/2018,06/30/2019,,N/A,N/A,04/01/2016,03/31/2019,1,N,07/01/2018,06/30/2019,
310008,HOLY NAME MEDICAL CENTER,35620,"New York-Newark-Jersey City, NY-NJ-PA",85.75,50%,07/01/2018,06/30/2019,,2.83365,20%,04/01/2016,03/31/2019,,N,07/01/2018,06/30/2019,
310009,CLARA MAASS MEDICAL CENTER,35620,"New York-Newark-Jersey City, NY-NJ-PA",81.81,10%,07/01/2018,06/30/2019,,2.12101,80%,04/01/2016,03/31/2019,,N,07/01/2018,06/30/2019,
310010,UNIVERSITY MEDICAL CENTER OF PRINCETON AT PLAINSBORO,35620,"New York-Newark-Jersey City, NY-NJ-PA",86.94,70%,07/01/2018,06/30/2019,,2.19888,70%,04/01/2016,03/31/2019,,N,07/01/2018,06/30/2019,
310012,VALLEY HOSPITAL,35620,"New York-Newark-Jersey City, NY-NJ-PA",86.25,60%,07/01/2018,06/30/2019,,2.07806,80%,04/01/2016,03/31/2019,,N,07/01/2018,06/30/2019,
310015,MORRISTOWN MEDICAL CENTER,35620,"New York-Newark-Jersey City, NY-NJ-PA",86.38,60%,07/01/2018,06/30/2019,,1.73346,100%,04/01/2016,03/31/2019,,Y,07/01/2018,06/30/2019,
310016,CAREPOINT HEALTH-CHRIST HOSPITAL,35620,"New York-Newark-Jersey City, NY-NJ-PA",83.13,20%,07/01/2018,06/30/2019,,N/A,N/A,04/01/2016,03/31/2019,1,N,07/01/2018,06/30/2019,
310017,CHILTON MEDICAL CENTER,35620,"New York-Newark-Jersey City, NY-NJ-PA",86.25,60%,07/01/2018,06/30/2019,,2.84563,20%,04/01/2016,03/31/2019,,N,07/01/2018,06/30/2019,
310019,ST JOSEPH'S REGIONAL MEDICAL CENTER,35620,"New York-Newark-Jersey City, NY-NJ-PA",81.19,10%,07/01/2018,06/30/2019,,2.35726,60%,04/01/2016,03/31/2019,,N,07/01/2018,06/30/2019,
310024,ROBERT WOOD JOHNSON UNIVERSITY HOSPITAL AT RAHWAY,35620,"New York-Newark-Jersey City, NY-NJ-PA",83.56,20%,07/01/2018,06/30/2019,,2.48577,50%,04/01/2016,03/31/2019,,N,07/01/2018,06/30/2019,
310025,CAREPOINT HEALTH - BAYONNE MEDICAL CENTER,35620,"New York-Newark-Jersey City, NY-NJ-PA",83.94,30%,07/01/2018,06/30/2019,,N/A,N/A,04/01/2016,03/31/2019,1,N,07/01/2018,06/30/2019,
310027,TRINITAS REGIONAL MEDICAL CENTER,35620,"New York-Newark-Jersey City, NY-NJ-PA",79.5,10%,07/01/2018,06/30/2019,,3.43465,10%,04/01/2016,03/31/2019,,N,07/01/2018,06/30/2019,*
310028,NEWTON MEDICAL CENTER,35620,"New York-Newark-Jersey City, NY-NJ-PA",85.44,40%,07/01/2018,06/30/2019,,2.92714,20%,04/01/2016,03/31/2019,,Y,07/01/2018,06/30/2019,
310034,RIVERVIEW MEDICAL CENTER,35620,"New York-Newark-Jersey City, NY-NJ-PA",84.13,30%,07/01/2018,06/30/2019,,2.12673,80%,04/01/2016,03/31/2019,,Y,07/01/2018,06/30/2019,
310038,ROBERT WOOD JOHNSON UNIVERSITY HOSPITAL,35620,"New York-Newark-Jersey City, NY-NJ-PA",83.75,20%,07/01/2018,06/30/2019,,1.80789,100%,04/01/2016,03/31/2019,,N,07/01/2018,06/30/2019,
310039,RARITAN BAY MEDICAL CENTER PERTH AMBOY DIVISION,35620,"New York-Newark-Jersey City, NY-NJ-PA",81.69,10%,07/01/2018,06/30/2019,,2.58052,40%,04/01/2016,03/31/2019,,Y,07/01/2018,06/30/2019,
310040,CAREPOINT HEALTH-HOBOKEN UNIVERSITY MEDICAL CENTER,35620,"New York-Newark-Jersey City, NY-NJ-PA",82.63,20%,07/01/2018,06/30/2019,,3.39013,10%,04/01/2016,03/31/2019,,N,07/01/2018,06/30/2019,*
310041,COMMUNITY MEDICAL CENTER,35620,"New York-Newark-Jersey City, NY-NJ-PA",83.13,20%,07/01/2018,06/30/2019,,1.72443,100%,04/01/2016,03/31/2019,,N,07/01/2018,06/30/2019,
310045,ENGLEWOOD HOSPITAL AND MEDICAL CENTER,35620,"New York-Newark-Jersey City, NY-NJ-PA",85.56,50%,07/01/2018,06/30/2019,,3.19427,10%,04/01/2016,03/31/2019,,N,07/01/2018,06/30/2019,
310048,ROBERT WOOD JOHNSON UNIVERSITY HOSPITAL SOMERSET,35620,"New York-Newark-Jersey City, NY-NJ-PA",84.13,30%,07/01/2018,06/30/2019,,3.11034,10%,04/01/2016,03/31/2019,,N,07/01/2018,06/30/2019,*
310050,SAINT CLARE'S HOSPITAL,35620,"New York-Newark-Jersey City, NY-NJ-PA",85.63,50%,07/01/2018,06/30/2019,,2.68324,30%,04/01/2016,03/31/2019,,N,07/01/2018,06/30/2019,
310051,OVERLOOK MEDICAL CENTER,35620,"New York-Newark-Jersey City, NY-NJ-PA",85.63,50%,07/01/2018,06/30/2019,,2.28468,70%,04/01/2016,03/31/2019,,Y,07/01/2018,06/30/2019,
310052,OCEAN MEDICAL CENTER,35620,"New York-Newark-Jersey City, NY-NJ-PA",84,30%,07/01/2018,06/30/2019,,2.01098,90%,04/01/2016,03/31/2019,,Y,07/01/2018,06/30/2019,
310054,HACKENSACK-UMC MOUNTAINSIDE,35620,"New York-Newark-Jersey City, NY-NJ-PA",81,10%,07/01/2018,06/30/2019,,2.08629,80%,04/01/2016,03/31/2019,,N,07/01/2018,06/30/2019,
310070,SAINT PETER'S UNIVERSITY HOSPITAL,35620,"New York-Newark-Jersey City, NY-NJ-PA",86.88,70%,07/01/2018,06/30/2019,,2.28442,70%,04/01/2016,03/31/2019,,N,07/01/2018,06/30/2019,
310073,JERSEY SHORE UNIVERSITY MEDICAL CENTER,35620,"New York-Newark-Jersey City, NY-NJ-PA",84,30%,07/01/2018,06/30/2019,,2.09816,80%,04/01/2016,03/31/2019,,N,07/01/2018,06/30/2019,
310074,JERSEY CITY MEDICAL CENTER,35620,"New York-Newark-Jersey City, NY-NJ-PA",83.19,20%,07/01/2018,06/30/2019,,1.94302,90%,04/01/2016,03/31/2019,,N,07/01/2018,06/30/2019,
310075,MONMOUTH MEDICAL CENTER,35620,"New York-Newark-Jersey City, NY-NJ-PA",86.38,60%,07/01/2018,06/30/2019,,1.80188,100%,04/01/2016,03/31/2019,,N,07/01/2018,06/30/2019,
310076,SAINT BARNABAS MEDICAL CENTER,35620,"New York-Newark-Jersey City, NY-NJ-PA",86.5,60%,07/01/2018,06/30/2019,,2.39512,60%,04/01/2016,03/31/2019,,N,07/01/2018,06/30/2019,
310083,EAST ORANGE GENERAL HOSPITAL,35620,"New York-Newark-Jersey City, NY-NJ-PA",75.06,10%,07/01/2018,06/30/2019,,N/A,N/A,04/01/2016,03/31/2019,1,N,07/01/2018,06/30/2019,
310084,MONMOUTH MEDICAL CENTER-SOUTHERN CAMPUS,35620,"New York-Newark-Jersey City, NY-NJ-PA",86.25,60%,07/01/2018,06/30/2019,,N/A,N/A,04/01/2016,03/31/2019,1,N,07/01/2018,06/30/2019,
310096,"SAINT MICHAEL'S MEDICAL CENTER, INC",35620,"New York-Newark-Jersey City, NY-NJ-PA",81.44,10%,07/01/2018,06/30/2019,,N/A,N/A,04/01/2016,03/31/2019,1,N,07/01/2018,06/30/2019,
310108,JFK MEDICAL CTR - ANTHONY M. YELENCSICS COMMUNITY,35620,"New York-Newark-Jersey City, NY-NJ-PA",79.94,10%,07/01/2018,06/30/2019,,2.09502,80%,04/01/2016,03/31/2019,,N,07/01/2018,06/30/2019,
310111,CENTRASTATE MEDICAL CENTER,35620,"New York-Newark-Jersey City, NY-NJ-PA",83.88,30%,07/01/2018,06/30/2019,,3.25444,10%,04/01/2016,03/31/2019,,N,07/01/2018,06/30/2019,*
310112,BAYSHORE COMMUNITY HOSPITAL,35620,"New York-Newark-Jersey City, NY-NJ-PA",81.38,10%,07/01/2018,06/30/2019,,2.54275,40%,04/01/2016,03/31/2019,,N,07/01/2018,06/30/2019,
310113,SOUTHERN OCEAN MEDICAL CENTER,35620,"New York-Newark-Jersey City, NY-NJ-PA",83.75,20%,07/01/2018,06/30/2019,,2.46105,50%,04/01/2016,03/31/2019,,Y,07/01/2018,06/30/2019,
310118,MEADOWLANDS HOSPITAL MEDICAL CENTER,35620,"New York-Newark-Jersey City, NY-NJ-PA",80.94,10%,07/01/2018,06/30/2019,,N/A,N/A,04/01/2016,03/31/2019,1,N,07/01/2018,06/30/2019,
310119,UNIVERSITY HOSPITAL,35620,"New York-Newark-Jersey City, NY-NJ-PA",76.38,10%,07/01/2018,06/30/2019,,N/A,N/A,04/01/2016,03/31/2019,1,N,07/01/2018,06/30/2019,
310130,HACKENSACK-UMC AT PASCACK VALLEY,35620,"New York-Newark-Jersey City, NY-NJ-PA",85.75,50%,07/01/2018,06/30/2019,,3.29496,10%,04/01/2016,03/31/2019,,N,07/01/2018,06/30/2019,
320021,PRESBYTERIAN HOSPITAL,10740,"Albuquerque, NM",85.25,40%,07/01/2018,06/30/2019,,2.58011,40%,04/01/2016,03/31/2019,,N,07/01/2018,06/30/2019,
330006,ST JOSEPH'S MEDICAL CENTER,35620,"New York-Newark-Jersey City, NY-NJ-PA",79.13,10%,07/01/2018,06/30/2019,,2.66496,30%,04/01/2016,03/31/2019,,N,07/01/2018,06/30/2019,*
330009,BRONX-LEBANON HOSPITAL CENTER,35620,"New York-Newark-Jersey City, NY-NJ-PA",79.19,10%,07/01/2018,06/30/2019,,N/A,N/A,04/01/2016,03/31/2019,1,N,07/01/2018,06/30/2019,
330014,JAMAICA HOSPITAL MEDICAL CENTER,35620,"New York-Newark-Jersey City, NY-NJ-PA",80.31,10%,07/01/2018,06/30/2019,,N/A,N/A,04/01/2016,03/31/2019,1,N,07/01/2018,06/30/2019,
330019,"NEW YORK COMMUNITY HOSPITAL OF BROOKLYN, INC.",35620,"New York-Newark-Jersey City, NY-NJ-PA",81.81,10%,07/01/2018,06/30/2019,,N/A,N/A,04/01/2016,03/31/2019,1,N,07/01/2018,06/30/2019,
330023,VASSAR BROTHERS MEDICAL CENTER,35620,"New York-Newark-Jersey City, NY-NJ-PA",82.38,20%,07/01/2018,06/30/2019,,2.42338,50%,04/01/2016,03/31/2019,,N,07/01/2018,06/30/2019,
330024,MOUNT SINAI HOSPITAL,35620,"New York-Newark-Jersey City, NY-NJ-PA",83.63,20%,07/01/2018,06/30/2019,,2.87114,20%,04/01/2016,03/31/2019,,N,07/01/2018,06/30/2019,*
330027,NASSAU UNIVERSITY MEDICAL CENTER,35620,"New York-Newark-Jersey City, NY-NJ-PA",77.69,10%,07/01/2018,06/30/2019,,N/A,N/A,04/01/2016,03/31/2019,1,N,07/01/2018,06/30/2019,
330028,RICHMOND UNIVERSITY MEDICAL CENTER,35620,"New York-Newark-Jersey City, NY-NJ-PA",78.94,10%,07/01/2018,06/30/2019,,2.9165,20%,04/01/2016,03/31/2019,,N,07/01/2018,06/30/2019,*
330043,SOUTHSIDE HOSPITAL,35620,"New York-Newark-Jersey City, NY-NJ-PA",82.19,10%,07/01/2018,06/30/2019,,2.1202,80%,04/01/2016,03/31/2019,,N,07/01/2018,06/30/2019,
330045,HUNTINGTON HOSPITAL,35620,"New York-Newark-Jersey City, NY-NJ-PA",85.75,50%,07/01/2018,06/30/2019,,2.20705,70%,04/01/2016,03/31/2019,,N,07/01/2018,06/30/2019,
330049,NORTHERN DUTCHESS HOSPITAL,35620,"New York-Newark-Jersey City, NY-NJ-PA",87.44,80%,07/01/2018,06/30/2019,,1.99798,90%,04/01/2016,03/31/2019,,N,07/01/2018,06/30/2019,
330056,BROOKLYN HOSPITAL CENTER AT DOWNTOWN CAMPUS,35620,"New York-Newark-Jersey City, NY-NJ-PA",77.81,10%,07/01/2018,06/30/2019,,2.62927,40%,04/01/2016,03/31/2019,,N,07/01/2018,06/30/2019,
330078,SISTERS OF CHARITY HOSPITAL,15380,"Buffalo-Cheektowaga-Niagara Falls, NY",85.06,40%,07/01/2018,06/30/2019,,2.07108,90%,04/01/2016,03/31/2019,,N,07/01/2018,06/30/2019,
330088,EASTERN LONG ISLAND HOSPITAL,35620,"New York-Newark-Jersey City, NY-NJ-PA",N/A,N/A,07/01/2018,06/30/2019,***,N/A,N/A,04/01/2016,03/31/2019,1,N,07/01/2018,06/30/2019,
330101,NEW YORK-PRESBYTERIAN HOSPITAL,35620,"New York-Newark-Jersey City, NY-NJ-PA",85.13,40%,07/01/2018,06/30/2019,,2.53113,40%,04/01/2016,03/31/2019,,N,07/01/2018,06/30/2019,
330102,KENMORE MERCY HOSPITAL,15380,"Buffalo-Cheektowaga-Niagara Falls, NY",86.19,60%,07/01/2018,06/30/2019,,1.81964,100%,04/01/2016,03/31/2019,,N,07/01/2018,06/30/2019,
330104,NYACK HOSPITAL,35620,"New York-Newark-Jersey City, NY-NJ-PA",80.19,10%,07/01/2018,06/30/2019,,2.04332,90%,04/01/2016,03/31/2019,,N,07/01/2018,06/30/2019,
330106,NORTH SHORE UNIVERSITY HOSPITAL,35620,"New York-Newark-Jersey City, NY-NJ-PA",84.75,40%,07/01/2018,06/30/2019,,2.11206,80%,04/01/2016,03/31/2019,,N,07/01/2018,06/30/2019,
330107,PECONIC BAY MEDICAL CENTER,35620,"New York-Newark-Jersey City, NY-NJ-PA",86.5,60%,07/01/2018,06/30/2019,,1.64968,100%,04/01/2016,03/31/2019,,N,07/01/2018,06/30/2019,
330126,ORANGE REGIONAL MEDICAL CENTER,35620,"New York-Newark-Jersey City, NY-NJ-PA",84.44,30%,07/01/2018,06/30/2019,,2.11545,80%,04/01/2016,03/31/2019,,N,07/01/2018,06/30/2019,
330127,JACOBI MEDICAL CENTER,35620,"New York-Newark-Jersey City, NY-NJ-PA",77.5,10%,07/01/2018,06/30/2019,,N/A,N/A,04/01/2016,03/31/2019,5,N,07/01/2018,06/30/2019,
330128,ELMHURST HOSPITAL CENTER,35620,"New York-Newark-Jersey City, NY-NJ-PA",80.44,10%,07/01/2018,06/30/2019,,N/A,N/A,04/01/2016,03/31/2019,1,N,07/01/2018,06/30/2019,
330141,BROOKHAVEN MEMORIAL HOSPITAL MEDICAL CENTER,35620,"New York-Newark-Jersey City, NY-NJ-PA",78.56,10%,07/01/2018,06/30/2019,,3.10528,10%,04/01/2016,03/31/2019,,N,07/01/2018,06/30/2019,*
330158,GOOD SAMARITAN HOSPITAL OF SUFFERN,35620,"New York-Newark-Jersey City, NY-NJ-PA",81.25,10%,07/01/2018,06/30/2019,,2.02471,90%,04/01/2016,03/31/2019,,N,07/01/2018,06/30/2019,
330160,STATEN ISLAND UNIVERSITY HOSPITAL,35620,"New York-Newark-Jersey City, NY-NJ-PA",80.63,10%,07/01/2018,06/30/2019,,2.49165,50%,04/01/2016,03/31/2019,,N,07/01/2018,06/30/2019,
330162,NORTHERN WESTCHESTER HOSPITAL,35620,"New York-Newark-Jersey City, NY-NJ-PA",88.19,90%,07/01/2018,06/30/2019,,3.45871,10%,04/01/2016,03/31/2019,,N,07/01/2018,06/30/2019,
330167,WINTHROP-UNIVERSITY HOSPITAL,35620,"New York-Newark-Jersey City, NY-NJ-PA",85.19,40%,07/01/2018,06/30/2019,,2.37223,60%,04/01/2016,03/31/2019,,N,07/01/2018,06/30/2019,
330181,GLEN COVE HOSPITAL,35620,"New York-Newark-Jersey City, NY-NJ-PA",85.63,50%,07/01/2018,06/30/2019,,N/A,N/A,04/01/2016,03/31/2019,5,N,07/01/2018,06/30/2019,
330182,"ST FRANCIS HOSPITAL, ROSLYN",35620,"New York-Newark-Jersey City, NY-NJ-PA",88.81,90%,07/01/2018,06/30/2019,,1.75545,100%,04/01/2016,03/31/2019,,Y,07/01/2018,06/30/2019,
330185,JOHN T MATHER MEMORIAL HOSPITAL  OF PORT JEFFERSON,35620,"New York-Newark-Jersey City, NY-NJ-PA",86.63,60%,07/01/2018,06/30/2019,,3.25907,10%,04/01/2016,03/31/2019,,N,07/01/2018,06/30/2019,
330188,MOUNT ST MARY'S HOSPITAL AND  HEALTH CENTER,15380,"Buffalo-Cheektowaga-Niagara Falls, NY",83.88,30%,07/01/2018,06/30/2019,,2.04917,90%,04/01/2016,03/31/2019,,N,07/01/2018,06/30/2019,
330193,FLUSHING HOSPITAL MEDICAL CENTER,35620,"New York-Newark-Jersey City, NY-NJ-PA",78.88,10%,07/01/2018,06/30/2019,,N/A,N/A,04/01/2016,03/31/2019,1,N,07/01/2018,06/30/2019,
330194,MAIMONIDES MEDICAL CENTER,35620,"New York-Newark-Jersey City, NY-NJ-PA",78.25,10%,07/01/2018,06/30/2019,,2.81032,30%,04/01/2016,03/31/2019,,N,07/01/2018,06/30/2019,*
330195,LONG ISLAND JEWISH MEDICAL CENTER,35620,"New York-Newark-Jersey City, NY-NJ-PA",82.81,20%,07/01/2018,06/30/2019,,2.70529,30%,04/01/2016,03/31/2019,,N,07/01/2018,06/30/2019,*
330196,CONEY ISLAND HOSPITAL,35620,"New York-Newark-Jersey City, NY-NJ-PA",79.31,10%,07/01/2018,06/30/2019,,N/A,N/A,04/01/2016,03/31/2019,1,N,07/01/2018,06/30/2019,
330198,SOUTH NASSAU COMMUNITIES HOSPITAL,35620,"New York-Newark-Jersey City, NY-NJ-PA",81.44,10%,07/01/2018,06/30/2019,,2.08623,80%,04/01/2016,03/31/2019,,N,07/01/2018,06/30/2019,
330201,KINGSBROOK JEWISH MEDICAL CENTER,35620,"New York-Newark-Jersey City, NY-NJ-PA",80.31,10%,07/01/2018,06/30/2019,,N/A,N/A,04/01/2016,03/31/2019,1,N,07/01/2018,06/30/2019,
330202,KINGS COUNTY HOSPITAL CENTER,35620,"New York-Newark-Jersey City, NY-NJ-PA",79.44,10%,07/01/2018,06/30/2019,,N/A,N/A,04/01/2016,03/31/2019,1,N,07/01/2018,06/30/2019,
330204,BELLEVUE HOSPITAL CENTER,35620,"New York-Newark-Jersey City, NY-NJ-PA",80.13,10%,07/01/2018,06/30/2019,,N/A,N/A,04/01/2016,03/31/2019,1,N,07/01/2018,06/30/2019,
330205,ST ANTHONY COMMUNITY HOSPITAL,35620,"New York-Newark-Jersey City, NY-NJ-PA",89.81,100%,07/01/2018,06/30/2019,,2.15209,80%,04/01/2016,03/31/2019,,N,07/01/2018,06/30/2019,
330214,NYU HOSPITALS CENTER,35620,"New York-Newark-Jersey City, NY-NJ-PA",85.81,50%,07/01/2018,06/30/2019,,2.32627,60%,04/01/2016,03/31/2019,,N,07/01/2018,06/30/2019,
330221,WYCKOFF HEIGHTS MEDICAL CENTER,35620,"New York-Newark-Jersey City, NY-NJ-PA",78.44,10%,07/01/2018,06/30/2019,,N/A,N/A,04/01/2016,03/31/2019,1,N,07/01/2018,06/30/2019,
330234,WESTCHESTER MEDICAL CENTER,35620,"New York-Newark-Jersey City, NY-NJ-PA",79.31,10%,07/01/2018,06/30/2019,,2.36294,60%,04/01/2016,03/31/2019,,N,07/01/2018,06/30/2019,
330236,NEW YORK METHODIST HOSPITAL,35620,"New York-Newark-Jersey City, NY-NJ-PA",82.69,20%,07/01/2018,06/30/2019,,2.73231,30%,04/01/2016,03/31/2019,,N,07/01/2018,06/30/2019,*
330246,ST CHARLES HOSPITAL,35620,"New York-Newark-Jersey City, NY-NJ-PA",85.75,50%,07/01/2018,06/30/2019,,2.27582,70%,04/01/2016,03/31/2019,,N,07/01/2018,06/30/2019,
330259,MERCY MEDICAL CENTER,35620,"New York-Newark-Jersey City, NY-NJ-PA",80.81,10%,07/01/2018,06/30/2019,,2.72698,30%,04/01/2016,03/31/2019,,N,07/01/2018,06/30/2019,*
330261,PHELPS MEMORIAL HOSPITAL ASSOCIATION,35620,"New York-Newark-Jersey City, NY-NJ-PA",86.5,60%,07/01/2018,06/30/2019,,1.78134,100%,04/01/2016,03/31/2019,,N,07/01/2018,06/30/2019,
330264,ST LUKE'S CORNWALL HOSPITAL,35620,"New York-Newark-Jersey City, NY-NJ-PA",82.69,20%,07/01/2018,06/30/2019,,2.61063,40%,04/01/2016,03/31/2019,,N,07/01/2018,06/30/2019,
330267,NEW YORK-PRESBYTERIAN/HUDSON VALLEY HOSPITAL,35620,"New York-Newark-Jersey City, NY-NJ-PA",86.25,60%,07/01/2018,06/30/2019,,2.31254,60%,04/01/2016,03/31/2019,,N,07/01/2018,06/30/2019,
330270,HOSPITAL FOR SPECIAL SURGERY,35620,"New York-Newark-Jersey City, NY-NJ-PA",90,100%,07/01/2018,06/30/2019,,1.83262,100%,04/01/2016,03/31/2019,,N,07/01/2018,06/30/2019,
330273,PUTNAM HOSPITAL CENTER,35620,"New York-Newark-Jersey City, NY-NJ-PA",87.13,70%,07/01/2018,06/30/2019,,2.65183,30%,04/01/2016,03/31/2019,,N,07/01/2018,06/30/2019,
330279,MERCY HOSPITAL OF BUFFALO,15380,"Buffalo-Cheektowaga-Niagara Falls, NY",84.25,30%,07/01/2018,06/30/2019,,2.03769,90%,04/01/2016,03/31/2019,,N,07/01/2018,06/30/2019,
330286,GOOD SAMARITAN HOSPITAL MEDICAL CENTER,35620,"New York-Newark-Jersey City, NY-NJ-PA",84.25,30%,07/01/2018,06/30/2019,,3.21222,10%,04/01/2016,03/31/2019,,N,07/01/2018,06/30/2019,*
330331,PLAINVIEW HOSPITAL,35620,"New York-Newark-Jersey City, NY-NJ-PA",82.19,10%,07/01/2018,06/30/2019,,2.30684,60%,04/01/2016,03/31/2019,,N,07/01/2018,06/30/2019,
330332,ST JOSEPH HOSPITAL,35620,"New York-Newark-Jersey City, NY-NJ-PA",84,30%,07/01/2018,06/30/2019,,2.57069,40%,04/01/2016,03/31/2019,,N,07/01/2018,06/30/2019,
330350,UNIVERSITY HOSPITAL OF BROOKLYN ( DOWNSTATE ),35620,"New York-Newark-Jersey City, NY-NJ-PA",78.25,10%,07/01/2018,06/30/2019,,N/A,N/A,04/01/2016,03/31/2019,1,N,07/01/2018,06/30/2019,
330393,UNIVERSITY HOSPITAL ( STONY BROOK ),35620,"New York-Newark-Jersey City, NY-NJ-PA",83.5,20%,07/01/2018,06/30/2019,,2.14576,80%,04/01/2016,03/31/2019,,N,07/01/2018,06/30/2019,
330395,ST JOHN'S EPISCOPAL HOSPITAL AT SOUTH SHORE,35620,"New York-Newark-Jersey City, NY-NJ-PA",76.63,10%,07/01/2018,06/30/2019,,N/A,N/A,04/01/2016,03/31/2019,1,N,07/01/2018,06/30/2019,
330401,ST CATHERINE OF SIENA HOSPITAL,35620,"New York-Newark-Jersey City, NY-NJ-PA",82.44,20%,07/01/2018,06/30/2019,,2.14739,80%,04/01/2016,03/31/2019,,N,07/01/2018,06/30/2019,
340002,MEMORIAL MISSION HOSPITAL AND ASHEVILLE SURGERY CENTER,11700,"Asheville, NC",86.44,60%,07/01/2018,06/30/2019,,1.30563,100%,04/01/2016,03/31/2019,,Y,07/01/2018,06/30/2019,
340017,MARGARET R PARDEE MEMORIAL HOSPITAL,11700,"Asheville, NC",87.63,80%,07/01/2018,06/30/2019,,2.86578,20%,04/01/2016,03/31/2019,,N,07/01/2018,06/30/2019,
340023,PARK RIDGE HEALTH,11700,"Asheville, NC",88.75,90%,07/01/2018,06/30/2019,,1.93087,90%,04/01/2016,03/31/2019,,N,07/01/2018,06/30/2019,
340039,IREDELL MEMORIAL HOSPITAL INC,16740,"Charlotte-Concord-Gastonia, NC-SC",84.5,30%,07/01/2018,06/30/2019,,2.41931,50%,04/01/2016,03/31/2019,,Y,07/01/2018,06/30/2019,
340040,VIDANT MEDICAL CENTER,24780,"Greenville, NC",84.25,30%,07/01/2018,06/30/2019,,2.34831,60%,04/01/2016,03/31/2019,,N,07/01/2018,06/30/2019,
340144,DAVIS REGIONAL MEDICAL CENTER,16740,"Charlotte-Concord-Gastonia, NC-SC",82.81,20%,07/01/2018,06/30/2019,,2.88662,20%,04/01/2016,03/31/2019,,N,07/01/2018,06/30/2019,*
340184,HAYWOOD REGIONAL MEDICAL CENTER,11700,"Asheville, NC",86.06,60%,07/01/2018,06/30/2019,,1.87075,100%,04/01/2016,03/31/2019,,N,07/01/2018,06/30/2019,
360001,MERCY HOSPITAL ANDERSON,17140,"Cincinnati, OH-KY-IN",86.63,60%,07/01/2018,06/30/2019,,2.62848,40%,04/01/2016,03/31/2019,,N,07/01/2018,06/30/2019,
360003,"UNIVERSITY OF CINCINNATI MEDICAL CENTER, LLC",17140,"Cincinnati, OH-KY-IN",83.19,20%,07/01/2018,06/30/2019,,2.80791,30%,04/01/2016,03/31/2019,,N,07/01/2018,06/30/2019,*
360016,"JEWISH HOSPITAL, LLC",17140,"Cincinnati, OH-KY-IN",87.31,80%,07/01/2018,06/30/2019,,2.26993,70%,04/01/2016,03/31/2019,,N,07/01/2018,06/30/2019,
360020,SUMMA HEALTH SYSTEM,10420,"Akron, OH",84.56,30%,07/01/2018,06/30/2019,,2.37948,60%,04/01/2016,03/31/2019,,N,07/01/2018,06/30/2019,
360027,AKRON GENERAL MEDICAL CENTER,10420,"Akron, OH",84.44,30%,07/01/2018,06/30/2019,,2.22663,70%,04/01/2016,03/31/2019,,N,07/01/2018,06/30/2019,
360046,MCCULLOUGH-HYDE MEMORIAL HOSPITAL,17140,"Cincinnati, OH-KY-IN",89.31,100%,07/01/2018,06/30/2019,,2.31356,60%,04/01/2016,03/31/2019,,N,07/01/2018,06/30/2019,
360048,UNIVERSITY OF TOLEDO MEDICAL CENTER,45780,"Toledo, OH",84.19,30%,07/01/2018,06/30/2019,,2.22157,70%,04/01/2016,03/31/2019,,N,07/01/2018,06/30/2019,
360056,MERCY HOSPITAL FAIRFIELD,17140,"Cincinnati, OH-KY-IN",86.5,60%,07/01/2018,06/30/2019,,2.10721,80%,04/01/2016,03/31/2019,,N,07/01/2018,06/30/2019,
360074,FLOWER HOSPITAL,45780,"Toledo, OH",N/A,N/A,07/01/2018,06/30/2019,***,2.40007,50%,04/01/2016,03/31/2019,,N,07/01/2018,06/30/2019,
360076,ATRIUM MEDICAL CENTER,17140,"Cincinnati, OH-KY-IN",86.56,60%,07/01/2018,06/30/2019,,1.97224,90%,04/01/2016,03/31/2019,,Y,07/01/2018,06/30/2019,
360078,ROBINSON MEMORIAL HOSPITAL,10420,"Akron, OH",86,50%,07/01/2018,06/30/2019,,2.21209,70%,04/01/2016,03/31/2019,,N,07/01/2018,06/30/2019,
360081,MERCY ST CHARLES HOSPITAL,45780,"Toledo, OH",83.81,20%,07/01/2018,06/30/2019,,1.91407,90%,04/01/2016,03/31/2019,,N,07/01/2018,06/30/2019,
360090,ST LUKE'S HOSPITAL,45780,"Toledo, OH",84.88,40%,07/01/2018,06/30/2019,,2.3166,60%,04/01/2016,03/31/2019,,N,07/01/2018,06/30/2019,
360112,MERCY ST VINCENT MEDICAL CENTER,45780,"Toledo, OH",85.13,40%,07/01/2018,06/30/2019,,2.38122,60%,04/01/2016,03/31/2019,,N,07/01/2018,06/30/2019,
360132,FORT HAMILTON HUGHES MEMORIAL HOSPITAL,17140,"Cincinnati, OH-KY-IN",87.19,70%,07/01/2018,06/30/2019,,3.06656,20%,04/01/2016,03/31/2019,,N,07/01/2018,06/30/2019,
360134,GOOD SAMARITAN HOSPITAL,17140,"Cincinnati, OH-KY-IN",88,90%,07/01/2018,06/30/2019,,1.93651,90%,04/01/2016,03/31/2019,,N,07/01/2018,06/30/2019,
360150,SUMMA WESTERN RESERVE HOSPITAL,10420,"Akron, OH",90.44,100%,07/01/2018,06/30/2019,,3.7108,10%,04/01/2016,03/31/2019,,N,07/01/2018,06/30/2019,
360163,CHRIST HOSPITAL,17140,"Cincinnati, OH-KY-IN",88.13,90%,07/01/2018,06/30/2019,,2.07931,80%,04/01/2016,03/31/2019,,Y,07/01/2018,06/30/2019,
360179,BETHESDA NORTH,17140,"Cincinnati, OH-KY-IN",85.5,50%,07/01/2018,06/30/2019,,2.92102,20%,04/01/2016,03/31/2019,,N,07/01/2018,06/30/2019,
360234,MERCY HEALTH - WEST HOSPITAL,17140,"Cincinnati, OH-KY-IN",85.5,50%,07/01/2018,06/30/2019,,2.13166,80%,04/01/2016,03/31/2019,,N,07/01/2018,06/30/2019,
360236,MERCY HOSPITAL CLERMONT,17140,"Cincinnati, OH-KY-IN",85.25,40%,07/01/2018,06/30/2019,,2.61677,40%,04/01/2016,03/31/2019,,N,07/01/2018,06/30/2019,
360259,BAY PARK COMMUNITY HOSPITAL,45780,"Toledo, OH",87.81,80%,07/01/2018,06/30/2019,,2.10855,80%,04/01/2016,03/31/2019,,N,07/01/2018,06/30/2019,
360262,MERCY ST ANNE HOSPITAL,45780,"Toledo, OH",87.56,80%,07/01/2018,06/30/2019,,2.87631,20%,04/01/2016,03/31/2019,,N,07/01/2018,06/30/2019,
360351,CRYSTAL CLINIC ORTHOPAEDIC CENTER,10420,"Akron, OH",90.44,100%,07/01/2018,06/30/2019,,1.81511,100%,04/01/2016,03/31/2019,,N,07/01/2018,06/30/2019,
360354,"WEST CHESTER HOSPITAL, LLC",17140,"Cincinnati, OH-KY-IN",86.81,70%,07/01/2018,06/30/2019,,2.62372,40%,04/01/2016,03/31/2019,,N,07/01/2018,06/30/2019,
360362,TRIHEALTH EVENDALE HOSPITAL,17140,"Cincinnati, OH-KY-IN",92.63,100%,07/01/2018,06/30/2019,,2.24849,70%,04/01/2016,03/31/2019,,N,07/01/2018,06/30/2019,
370008,NORMAN REGIONAL HOSPITAL AUTHORITY,36420,"Oklahoma City, OK",85.94,50%,07/01/2018,06/30/2019,,2.58981,40%,04/01/2016,03/31/2019,,Y,07/01/2018,06/30/2019,
370013,"MERCY HOSPITAL OKLAHOMA CITY, INC",36420,"Oklahoma City, OK",85.56,50%,07/01/2018,06/30/2019,,3.11466,10%,04/01/2016,03/31/2019,,N,07/01/2018,06/30/2019,
370028,INTEGRIS BAPTIST MEDICAL CENTER,36420,"Oklahoma City, OK",85.63,50%,07/01/2018,06/30/2019,,3.50544,10%,04/01/2016,03/31/2019,,N,07/01/2018,06/30/2019,
370037,ST ANTHONY HOSPITAL,36420,"Oklahoma City, OK",84.88,40%,07/01/2018,06/30/2019,,1.82383,100%,04/01/2016,03/31/2019,,N,07/01/2018,06/30/2019,
370093,O U MEDICAL CENTER,36420,"Oklahoma City, OK",82.56,20%,07/01/2018,06/30/2019,,2.85606,20%,04/01/2016,03/31/2019,,N,07/01/2018,06/30/2019,*
370094,ALLIANCEHEALTH MIDWEST,36420,"Oklahoma City, OK",76.88,10%,07/01/2018,06/30/2019,,2.39016,60%,04/01/2016,03/31/2019,,N,07/01/2018,06/30/2019,
370106,INTEGRIS SOUTHWEST MEDICAL CENTER,36420,"Oklahoma City, OK",84.13,30%,07/01/2018,06/30/2019,,3.70488,10%,04/01/2016,03/31/2019,,N,07/01/2018,06/30/2019,*
370192,NORTHWEST SURGICAL HOSPITAL,36420,"Oklahoma City, OK",N/A,N/A,07/01/2018,06/30/2019,***,N/A,N/A,04/01/2016,03/31/2019,1,N,07/01/2018,06/30/2019,**
370201,"SURGICAL HOSPITAL OF OKLAHOMA, LLC",36420,"Oklahoma City, OK",89.63,100%,07/01/2018,06/30/2019,,2.79197,30%,04/01/2016,03/31/2019,,N,07/01/2018,06/30/2019,
370203,"COMMUNITY HOSPITAL, LLC",36420,"Oklahoma City, OK",89.56,100%,07/01/2018,06/30/2019,,1.9695,90%,04/01/2016,03/31/2019,,Y,07/01/2018,06/30/2019,
370211,INTEGRIS CANADIAN VALLEY  HOSPITAL,36420,"Oklahoma City, OK",84.81,40%,07/01/2018,06/30/2019,,2.43472,50%,04/01/2016,03/31/2019,,N,07/01/2018,06/30/2019,
370212,OKLAHOMA CENTER FOR ORTHOPAEDIC & MULTI-SPECIALTY SURGERY,36420,"Oklahoma City, OK",92.81,100%,07/01/2018,06/30/2019,,2.69095,30%,04/01/2016,03/31/2019,,Y,07/01/2018,06/30/2019,
370220,ONECORE HEALTH,36420,"Oklahoma City, OK",N/A,N/A,07/01/2018,06/30/2019,***,3.30873,10%,04/01/2016,03/31/2019,,N,07/01/2018,06/30/2019,
370222,MCBRIDE ORTHOPEDIC HOSPITAL,36420,"Oklahoma City, OK",91.5,100%,07/01/2018,06/30/2019,,3.16267,10%,04/01/2016,03/31/2019,,N,07/01/2018,06/30/2019,
370225,SUMMIT MEDICAL CENTER,36420,"Oklahoma City, OK",89,90%,07/01/2018,06/30/2019,,2.46706,50%,04/01/2016,03/31/2019,,N,07/01/2018,06/30/2019,
370236,INTEGRIS HEALTH EDMOND,36420,"Oklahoma City, OK",88.31,90%,07/01/2018,06/30/2019,,3.18709,10%,04/01/2016,03/31/2019,,N,07/01/2018,06/30/2019,
380004,PROVIDENCE ST VINCENT MEDICAL CENTER,38900,"Portland-Vancouver-Hillsboro, OR-WA",87.69,80%,07/01/2018,06/30/2019,,2.40864,50%,04/01/2016,03/31/2019,,N,07/01/2018,06/30/2019,
380009,OHSU HOSPITAL AND CLINICS,38900,"Portland-Vancouver-Hillsboro, OR-WA",88.19,90%,07/01/2018,06/30/2019,,1.52152,100%,04/01/2016,03/31/2019,,N,07/01/2018,06/30/2019,
380017,LEGACY GOOD SAMARITAN MEDICAL CENTER,38900,"Portland-Vancouver-Hillsboro, OR-WA",88.81,90%,07/01/2018,06/30/2019,,2.18742,80%,04/01/2016,03/31/2019,,Y,07/01/2018,06/30/2019,
380021,TUALITY COMMUNITY HOSPITAL,38900,"Portland-Vancouver-Hillsboro, OR-WA",83.31,20%,07/01/2018,06/30/2019,,2.39321,60%,04/01/2016,03/31/2019,,Y,07/01/2018,06/30/2019,
380025,LEGACY MOUNT HOOD MEDICAL CENTER,38900,"Portland-Vancouver-Hillsboro, OR-WA",86.25,60%,07/01/2018,06/30/2019,,2.84528,20%,04/01/2016,03/31/2019,,Y,07/01/2018,06/30/2019,
380037,PROVIDENCE NEWBERG MEDICAL CENTER,38900,"Portland-Vancouver-Hillsboro, OR-WA",87.94,80%,07/01/2018,06/30/2019,,2.50339,50%,04/01/2016,03/31/2019,,N,07/01/2018,06/30/2019,
380038,PROVIDENCE WILLAMETTE FALLS MEDICAL CENTER,38900,"Portland-Vancouver-Hillsboro, OR-WA",87.25,70%,07/01/2018,06/30/2019,,2.18674,80%,04/01/2016,03/31/2019,,N,07/01/2018,06/30/2019,
380060,ADVENTIST MEDICAL CENTER,38900,"Portland-Vancouver-Hillsboro, OR-WA",87.25,70%,07/01/2018,06/30/2019,,2.43401,50%,04/01/2016,03/31/2019,,N,07/01/2018,06/30/2019,
380061,PROVIDENCE PORTLAND MEDICAL CENTER,38900,"Portland-Vancouver-Hillsboro, OR-WA",88.13,90%,07/01/2018,06/30/2019,,1.89207,100%,04/01/2016,03/31/2019,,N,07/01/2018,06/30/2019,
380082,PROVIDENCE MILWAUKIE HOSPITAL,38900,"Portland-Vancouver-Hillsboro, OR-WA",88.69,90%,07/01/2018,06/30/2019,,2.72049,30%,04/01/2016,03/31/2019,,N,07/01/2018,06/30/2019,
380089,LEGACY MERIDIAN PARK MEDICAL CENTER,38900,"Portland-Vancouver-Hillsboro, OR-WA",87.5,80%,07/01/2018,06/30/2019,,2.47801,50%,04/01/2016,03/31/2019,,Y,07/01/2018,06/30/2019,
390002,UPMC MCKEESPORT,38300,"Pittsburgh, PA",85.19,40%,07/01/2018,06/30/2019,,N/A,N/A,04/01/2016,03/31/2019,1,N,07/01/2018,06/30/2019,
390004,HOLY SPIRIT HOSPITAL,25420,"Harrisburg-Carlisle, PA",85,40%,07/01/2018,06/30/2019,,2.7825,30%,04/01/2016,03/31/2019,,N,07/01/2018,06/30/2019,*
390028,UPMC MERCY,38300,"Pittsburgh, PA",84.44,30%,07/01/2018,06/30/2019,,2.39269,60%,04/01/2016,03/31/2019,,N,07/01/2018,06/30/2019,
390032,ALLEGHENY VALLEY HOSPITAL,38300,"Pittsburgh, PA",84.38,30%,07/01/2018,06/30/2019,,2.12114,80%,04/01/2016,03/31/2019,,N,07/01/2018,06/30/2019,
390036,HERITAGE VALLEY BEAVER,38300,"Pittsburgh, PA",84,30%,07/01/2018,06/30/2019,,2.56809,40%,04/01/2016,03/31/2019,,N,07/01/2018,06/30/2019,
390037,HERITAGE VALLEY SEWICKLEY,38300,"Pittsburgh, PA",87.88,80%,07/01/2018,06/30/2019,,2.65543,30%,04/01/2016,03/31/2019,,N,07/01/2018,06/30/2019,
390041,UNIONTOWN HOSPITAL,38300,"Pittsburgh, PA",85.75,50%,07/01/2018,06/30/2019,,3.40371,10%,04/01/2016,03/31/2019,,N,07/01/2018,06/30/2019,
390042,"WASHINGTON HOSPITAL, THE",38300,"Pittsburgh, PA",88.31,90%,07/01/2018,06/30/2019,,2.10346,80%,04/01/2016,03/31/2019,,N,07/01/2018,06/30/2019,
390044,READING HOSPITAL,39740,"Reading, PA",86.31,60%,07/01/2018,06/30/2019,,1.4881,100%,04/01/2016,03/31/2019,,N,07/01/2018,06/30/2019,
390050,ALLEGHENY GENERAL HOSPITAL,38300,"Pittsburgh, PA",83.56,20%,07/01/2018,06/30/2019,,3.30626,10%,04/01/2016,03/31/2019,,N,07/01/2018,06/30/2019,*
390058,CARLISLE REGIONAL MEDICAL CENTER,25420,"Harrisburg-Carlisle, PA",85.06,40%,07/01/2018,06/30/2019,,2.33254,60%,04/01/2016,03/31/2019,,N,07/01/2018,06/30/2019,
390067,PINNACLE HEALTH HOSPITALS,25420,"Harrisburg-Carlisle, PA",86.38,60%,07/01/2018,06/30/2019,,2.74173,30%,04/01/2016,03/31/2019,,N,07/01/2018,06/30/2019,
390090,WESTERN PENNSYLVANIA HOSPITAL,38300,"Pittsburgh, PA",86.88,70%,07/01/2018,06/30/2019,,2.41465,50%,04/01/2016,03/31/2019,,N,07/01/2018,06/30/2019,
390102,UPMC ST MARGARET,38300,"Pittsburgh, PA",86,50%,07/01/2018,06/30/2019,,2.68978,30%,04/01/2016,03/31/2019,,Y,07/01/2018,06/30/2019,
390107,UPMC PASSAVANT,38300,"Pittsburgh, PA",86.56,60%,07/01/2018,06/30/2019,,2.40919,50%,04/01/2016,03/31/2019,,Y,07/01/2018,06/30/2019,
390114,MAGEE WOMENS HOSPITAL OF UPMC HEALTH SYSTEM,38300,"Pittsburgh, PA",87.81,80%,07/01/2018,06/30/2019,,2.5321,40%,04/01/2016,03/31/2019,,Y,07/01/2018,06/30/2019,
390145,EXCELA HEALTH WESTMORELAND HOSPITAL,38300,"Pittsburgh, PA",85.44,40%,07/01/2018,06/30/2019,,1.88702,100%,04/01/2016,03/31/2019,,Y,07/01/2018,06/30/2019,
390147,MONONGAHELA VALLEY HOSPITAL,38300,"Pittsburgh, PA",89.25,100%,07/01/2018,06/30/2019,,2.65842,30%,04/01/2016,03/31/2019,,N,07/01/2018,06/30/2019,
390157,OHIO VALLEY GENERAL HOSPITAL,38300,"Pittsburgh, PA",84.38,30%,07/01/2018,06/30/2019,,2.24111,70%,04/01/2016,03/31/2019,,N,07/01/2018,06/30/2019,
390160,CANONSBURG GENERAL HOSPITAL,38300,"Pittsburgh, PA",85.88,50%,07/01/2018,06/30/2019,,2.38913,60%,04/01/2016,03/31/2019,,N,07/01/2018,06/30/2019,
390164,UPMC PRESBYTERIAN SHADYSIDE,38300,"Pittsburgh, PA",86.75,70%,07/01/2018,06/30/2019,,2.13952,80%,04/01/2016,03/31/2019,,N,07/01/2018,06/30/2019,
390219,EXCELA HEALTH LATROBE HOSPITAL,38300,"Pittsburgh, PA",87.31,80%,07/01/2018,06/30/2019,,2.41723,50%,04/01/2016,03/31/2019,,N,07/01/2018,06/30/2019,
390228,ST CLAIR HOSPITAL,38300,"Pittsburgh, PA",88.63,90%,07/01/2018,06/30/2019,,1.92023,90%,04/01/2016,03/31/2019,,N,07/01/2018,06/30/2019,
390256,MILTON S HERSHEY MEDICAL CENTER,25420,"Harrisburg-Carlisle, PA",86.38,60%,07/01/2018,06/30/2019,,1.97835,90%,04/01/2016,03/31/2019,,N,07/01/2018,06/30/2019,
390265,JEFFERSON REGIONAL MEDICAL CENTER,38300,"Pittsburgh, PA",85.38,40%,07/01/2018,06/30/2019,,2.38334,60%,04/01/2016,03/31/2019,,N,07/01/2018,06/30/2019,
390267,FORBES HOSPITAL,38300,"Pittsburgh, PA",84.13,30%,07/01/2018,06/30/2019,,3.23793,10%,04/01/2016,03/31/2019,,N,07/01/2018,06/30/2019,*
390316,SURGICAL INSTITUTE OF READING,39740,"Reading, PA",93.38,100%,07/01/2018,06/30/2019,,2.86168,20%,04/01/2016,03/31/2019,,N,07/01/2018,06/30/2019,
390323,ADVANCED SURGICAL HOSPITAL,38300,"Pittsburgh, PA",94.25,100%,07/01/2018,06/30/2019,,1.85359,100%,04/01/2016,03/31/2019,,Y,07/01/2018,06/30/2019,
390328,UPMC EAST,38300,"Pittsburgh, PA",85.75,50%,07/01/2018,06/30/2019,,2.48294,50%,04/01/2016,03/31/2019,,N,07/01/2018,06/30/2019,
420051,MCLEOD REGIONAL MEDICAL CENTER-PEE DEE,22500,"Florence, SC",86.56,60%,07/01/2018,06/30/2019,,2.29668,70%,04/01/2016,03/31/2019,,N,07/01/2018,06/30/2019,
420091,CAROLINAS HOSPITAL SYSTEM,22500,"Florence, SC",84.56,30%,07/01/2018,06/30/2019,,3.01186,20%,04/01/2016,03/31/2019,,N,07/01/2018,06/30/2019,*
440048,BAPTIST MEMORIAL HOSPITAL,32820,"Memphis, TN-MS-AR",82.44,20%,07/01/2018,06/30/2019,,2.41258,50%,04/01/2016,03/31/2019,,N,07/01/2018,06/30/2019,
440049,METHODIST HEALTHCARE MEMPHIS HOSPITALS,32820,"Memphis, TN-MS-AR",86.25,60%,07/01/2018,06/30/2019,,2.22607,70%,04/01/2016,03/31/2019,,N,07/01/2018,06/30/2019,
440073,MAURY REGIONAL HOSPITAL,34980,"Nashville-Davidson--Murfreesboro--Franklin, TN",88.19,90%,07/01/2018,06/30/2019,,1.89388,90%,04/01/2016,03/31/2019,,N,07/01/2018,06/30/2019,
440150,TRISTAR SUMMIT MEDICAL CENTER,34980,"Nashville-Davidson--Murfreesboro--Franklin, TN",85.25,40%,07/01/2018,06/30/2019,,3.99856,10%,04/01/2016,03/31/2019,,N,07/01/2018,06/30/2019,*
440152,REGIONAL ONE HEALTH,32820,"Memphis, TN-MS-AR",84.13,30%,07/01/2018,06/30/2019,,2.47366,50%,04/01/2016,03/31/2019,,N,07/01/2018,06/30/2019,
440159,DELTA MEDICAL CENTER,32820,"Memphis, TN-MS-AR",N/A,N/A,07/01/2018,06/30/2019,***,N/A,N/A,04/01/2016,03/31/2019,5,N,07/01/2018,06/30/2019,**
440161,TRISTAR CENTENNIAL MEDICAL CENTER,34980,"Nashville-Davidson--Murfreesboro--Franklin, TN",87.38,80%,07/01/2018,06/30/2019,,2.16646,80%,04/01/2016,03/31/2019,,Y,07/01/2018,06/30/2019,
440183,ST FRANCIS HOSPITAL,32820,"Memphis, TN-MS-AR",83.25,20%,07/01/2018,06/30/2019,,2.02861,90%,04/01/2016,03/31/2019,,N,07/01/2018,06/30/2019,
440194,TRISTAR HENDERSONVILLE MEDICAL CENTER,34980,"Nashville-Davidson--Murfreesboro--Franklin, TN",85.13,40%,07/01/2018,06/30/2019,,2.62878,40%,04/01/2016,03/31/2019,,N,07/01/2018,06/30/2019,
440228,SAINT FRANCIS BARTLETT MEDICAL CENTER,32820,"Memphis, TN-MS-AR",86.06,60%,07/01/2018,06/30/2019,,2.63959,40%,04/01/2016,03/31/2019,,N,07/01/2018,06/30/2019,
450040,COVENANT MEDICAL CENTER,31180,"Lubbock, TX",85.75,50%,07/01/2018,06/30/2019,,2.60498,40%,04/01/2016,03/31/2019,,N,07/01/2018,06/30/2019,
450046,CHRISTUS SPOHN HOSPITAL CORPUS CHRISTI,18580,"Corpus Christi, TX",81.69,10%,07/01/2018,06/30/2019,,3.07321,20%,04/01/2016,03/31/2019,,N,07/01/2018,06/30/2019,*
450054,SCOTT & WHITE MEDICAL CENTER - TEMPLE,28660,"Killeen-Temple, TX",86.5,60%,07/01/2018,06/30/2019,,3.27851,10%,04/01/2016,03/31/2019,,Y,07/01/2018,06/30/2019,
450056,Seton Medical Center Austin,12420,"Austin-Round Rock, TX",85.69,50%,07/01/2018,06/30/2019,,2.01592,90%,04/01/2016,03/31/2019,,N,07/01/2018,06/30/2019,
450083,UT HEALTH EAST TEXAS - TYLER,46340,"Tyler, TX",84.25,30%,07/01/2018,06/30/2019,,2.46281,50%,04/01/2016,03/31/2019,,N,07/01/2018,06/30/2019,
450102,MOTHER FRANCES HOSPITAL,46340,"Tyler, TX",86.81,70%,07/01/2018,06/30/2019,,2.14403,80%,04/01/2016,03/31/2019,,Y,07/01/2018,06/30/2019,
450124,UNIVERSITY MEDICAL CENTER AT BRACKENRIDGE,12420,"Austin-Round Rock, TX",85.94,50%,07/01/2018,06/30/2019,,2.18685,80%,04/01/2016,03/31/2019,,N,07/01/2018,06/30/2019,
450152,METROPLEX HOSPITAL,28660,"Killeen-Temple, TX",84.69,30%,07/01/2018,06/30/2019,,2.66015,30%,04/01/2016,03/31/2019,,N,07/01/2018,06/30/2019,
450162,GRACE MEDICAL CENTER,31180,"Lubbock, TX",88.13,90%,07/01/2018,06/30/2019,,2.0759,80%,04/01/2016,03/31/2019,,N,07/01/2018,06/30/2019,
450272,CENTRAL TEXAS MEDICAL CENTER,12420,"Austin-Round Rock, TX",87.56,80%,07/01/2018,06/30/2019,,2.74724,30%,04/01/2016,03/31/2019,,Y,07/01/2018,06/30/2019,
450431,ST DAVID'S MEDICAL CENTER,12420,"Austin-Round Rock, TX",88.19,90%,07/01/2018,06/30/2019,,1.7663,100%,04/01/2016,03/31/2019,,Y,07/01/2018,06/30/2019,
450518,THE MEDICAL CENTER OF SOUTHEAST TEXAS,13140,"Beaumont-Port Arthur, TX",81.31,10%,07/01/2018,06/30/2019,,2.48362,50%,04/01/2016,03/31/2019,,N,07/01/2018,06/30/2019,
450686,UNIVERSITY MEDICAL CENTER,31180,"Lubbock, TX",86.06,60%,07/01/2018,06/30/2019,,2.53249,40%,04/01/2016,03/31/2019,,N,07/01/2018,06/30/2019,
450713,ST DAVID'S SOUTH AUSTIN MEDICAL CENTER,12420,"Austin-Round Rock, TX",87.19,70%,07/01/2018,06/30/2019,,2.13629,80%,04/01/2016,03/31/2019,,N,07/01/2018,06/30/2019,
450718,ROUND ROCK MEDICAL CENTER,12420,"Austin-Round Rock, TX",87.13,70%,07/01/2018,06/30/2019,,2.42506,50%,04/01/2016,03/31/2019,,N,07/01/2018,06/30/2019,
450788,"CORPUS CHRISTI MEDICAL CENTER,THE",18580,"Corpus Christi, TX",85.88,50%,07/01/2018,06/30/2019,,2.14975,80%,04/01/2016,03/31/2019,,N,07/01/2018,06/30/2019,
450808,NORTHWEST HILLS SURGICAL HOSPITAL,12420,"Austin-Round Rock, TX",91.13,100%,07/01/2018,06/30/2019,,N/A,N/A,04/01/2016,03/31/2019,1,N,07/01/2018,06/30/2019,
450809,NORTH AUSTIN MEDICAL CENTER,12420,"Austin-Round Rock, TX",87.5,80%,07/01/2018,06/30/2019,,2.53465,40%,04/01/2016,03/31/2019,,N,07/01/2018,06/30/2019,
450864,TEXAS SPINE AND JOINT HOSPITAL,46340,"Tyler, TX",91.38,100%,07/01/2018,06/30/2019,,3.0061,20%,04/01/2016,03/31/2019,,N,07/01/2018,06/30/2019,
450867,SETON NORTHWEST HOSPITAL,12420,"Austin-Round Rock, TX",87.13,70%,07/01/2018,06/30/2019,,2.59059,40%,04/01/2016,03/31/2019,,N,07/01/2018,06/30/2019,
450871,ARISE AUSTIN MEDICAL CENTER,12420,"Austin-Round Rock, TX",90.94,100%,07/01/2018,06/30/2019,,1.87663,100%,04/01/2016,03/31/2019,,N,07/01/2018,06/30/2019,
450876,LUBBOCK HEART HOSPITAL LP,31180,"Lubbock, TX",87.31,80%,07/01/2018,06/30/2019,,2.15516,80%,04/01/2016,03/31/2019,,N,07/01/2018,06/30/2019,
460001,UTAH VALLEY REGIONAL MEDICAL CENTER,39340,"Provo-Orem, UT",87.31,80%,07/01/2018,06/30/2019,,3.00217,20%,04/01/2016,03/31/2019,,N,07/01/2018,06/30/2019,
460004,MCKAY DEE HOSPITAL,36260,"Ogden-Clearfield, UT",87.13,70%,07/01/2018,06/30/2019,,2.18908,80%,04/01/2016,03/31/2019,,N,07/01/2018,06/30/2019,
460013,MOUNTAIN VIEW HOSPITAL,39340,"Provo-Orem, UT",88.25,90%,07/01/2018,06/30/2019,,3.02778,20%,04/01/2016,03/31/2019,,N,07/01/2018,06/30/2019,
460023,AMERICAN FORK HOSPITAL,39340,"Provo-Orem, UT",87.38,80%,07/01/2018,06/30/2019,,4.07552,10%,04/01/2016,03/31/2019,,N,07/01/2018,06/30/2019,
460041,DAVIS HOSPITAL AND MEDICAL CENTER,36260,"Ogden-Clearfield, UT",83.63,20%,07/01/2018,06/30/2019,,2.37857,60%,04/01/2016,03/31/2019,,Y,07/01/2018,06/30/2019,
460042,LAKEVIEW HOSPITAL,36260,"Ogden-Clearfield, UT",88.13,90%,07/01/2018,06/30/2019,,1.96881,90%,04/01/2016,03/31/2019,,N,07/01/2018,06/30/2019,
460052,TIMPANOGOS REGIONAL HOSPITAL,39340,"Provo-Orem, UT",87.31,80%,07/01/2018,06/30/2019,,2.77764,30%,04/01/2016,03/31/2019,,N,07/01/2018,06/30/2019,
500005,VIRGINIA MASON MEDICAL CENTER,42660,"Seattle-Tacoma-Bellevue, WA",88.75,90%,07/01/2018,06/30/2019,,1.87588,100%,04/01/2016,03/31/2019,,N,07/01/2018,06/30/2019,
500014,PROVIDENCE REGIONAL MEDICAL CENTER EVERETT,42660,"Seattle-Tacoma-Bellevue, WA",86.19,60%,07/01/2018,06/30/2019,,2.46387,50%,04/01/2016,03/31/2019,,N,07/01/2018,06/30/2019,
500021,ST CLARE HOSPITAL,42660,"Seattle-Tacoma-Bellevue, WA",82.38,20%,07/01/2018,06/30/2019,,1.66918,100%,04/01/2016,03/31/2019,,N,07/01/2018,06/30/2019,
500025,SWEDISH MEDICAL CENTER / CHERRY HILL,42660,"Seattle-Tacoma-Bellevue, WA",85.44,40%,07/01/2018,06/30/2019,,N/A,N/A,04/01/2016,03/31/2019,5,N,07/01/2018,06/30/2019,**
500026,SWEDISH EDMONDS HOSPITAL,42660,"Seattle-Tacoma-Bellevue, WA",81.94,10%,07/01/2018,06/30/2019,,2.32404,60%,04/01/2016,03/31/2019,,N,07/01/2018,06/30/2019,
500027,SWEDISH MEDICAL CENTER,42660,"Seattle-Tacoma-Bellevue, WA",86,50%,07/01/2018,06/30/2019,,1.63697,100%,04/01/2016,03/31/2019,,N,07/01/2018,06/30/2019,
500150,LEGACY SALMON CREEK MEDICAL CENTER,38900,"Portland-Vancouver-Hillsboro, OR-WA",89,90%,07/01/2018,06/30/2019,,1.59282,100%,04/01/2016,03/31/2019,,N,07/01/2018,06/30/2019,
500151,ST ANTHONY HOSPITAL,42660,"Seattle-Tacoma-Bellevue, WA",86.5,60%,07/01/2018,06/30/2019,,1.72307,100%,04/01/2016,03/31/2019,,N,07/01/2018,06/30/2019,
500152,SWEDISH ISSAQUAH,42660,"Seattle-Tacoma-Bellevue, WA",87.06,70%,07/01/2018,06/30/2019,,2.81102,30%,04/01/2016,03/31/2019,,N,07/01/2018,06/30/2019,
520028,THE MONROE CLINIC,31540,"Madison, WI",90.25,100%,07/01/2018,06/30/2019,,2.54702,40%,04/01/2016,03/31/2019,,N,07/01/2018,06/30/2019,
520083,ST MARYS HOSPITAL,31540,"Madison, WI",88.25,90%,07/01/2018,06/30/2019,,2.74537,30%,04/01/2016,03/31/2019,,N,07/01/2018,06/30/2019,
520194,ORTHOPAEDIC HOSPITAL OF WISCONSIN,33340,"Milwaukee-Waukesha-West Allis, WI",93.25,100%,07/01/2018,06/30/2019,,1.97001,90%,04/01/2016,03/31/2019,,N,07/01/2018,06/30/2019,
520205,MIDWEST ORTHOPEDIC SPECIALTY HOSPITAL,33340,"Milwaukee-Waukesha-West Allis, WI",91.38,100%,07/01/2018,06/30/2019,,2.13058,80%,04/01/2016,03/31/2019,,N,07/01/2018,06/30/2019,
520206,AURORA MEDICAL CENTER,33340,"Milwaukee-Waukesha-West Allis, WI",88.88,90%,07/01/2018,06/30/2019,,1.87871,100%,04/01/2016,03/31/2019,,N,07/01/2018,06/30/2019,
520207,AURORA MEDICAL CENTER,33340,"Milwaukee-Waukesha-West Allis, WI",89.56,100%,07/01/2018,06/30/2019,,2.37815,60%,04/01/2016,03/31/2019,,N,07/01/2018,06/30/2019,
670006,THE HOSPITAL AT WESTLAKE MEDICAL CENTER,12420,"Austin-Round Rock, TX",85.81,50%,07/01/2018,06/30/2019,,1.88393,100%,04/01/2016,03/31/2019,,N,07/01/2018,06/30/2019,
670034,BAYLOR SCOTT & WHITE MEDICAL CENTER - ROUND ROCK,12420,"Austin-Round Rock, TX",87.5,80%,07/01/2018,06/30/2019,,2.83225,20%,04/01/2016,03/31/2019,,Y,07/01/2018,06/30/2019,
670041,SETON MEDICAL CENTER WILLIAMSON,12420,"Austin-Round Rock, TX",85.75,50%,07/01/2018,06/30/2019,,2.49185,50%,04/01/2016,03/31/2019,,N,07/01/2018,06/30/2019,
670043,CEDAR PARK REGIONAL MEDICAL CENTER,12420,"Austin-Round Rock, TX",85.44,40%,07/01/2018,06/30/2019,,3.6372,10%,04/01/2016,03/31/2019,,N,07/01/2018,06/30/2019,
670056,SETON MEDICAL CENTER HAYS,12420,"Austin-Round Rock, TX",86.94,70%,07/01/2018,06/30/2019,,2.53518,40%,04/01/2016,03/31/2019,,N,07/01/2018,06/30/2019,
670061,SOUTH TEXAS SURGICAL HOSPITAL,18580,"Corpus Christi, TX",91.94,100%,07/01/2018,06/30/2019,,2.02578,90%,04/01/2016,03/31/2019,,N,07/01/2018,06/30/2019,
670080,SETON MEDICAL CENTER HARKER HEIGHTS,28660,"Killeen-Temple, TX",88,90%,07/01/2018,06/30/2019,,2.14786,80%,04/01/2016,03/31/2019,,N,07/01/2018,06/30/2019,
