"Measure","U.S. National Rate","National Patient Safety Measure Performance"
"National Rate - Serious complications","Not Available","Not Available"
"National Rate - Deaths among patients with serious treatable complications after surgery","113.43","Not Available"
"National Rate - Collapsed lung due to medical treatment","0.35","Not Available"
"National Rate - A wound that splits open  after surgery on the abdomen or pelvis","0.95","Not Available"
"National Rate - Accidental cuts and tears from medical treatment","2.05","Not Available"
"National Rate - Collapsed lung due to medical treatment","0.35","Not Available"
"National Rate - Serious blood clots after surgery","4.71","Not Available"
"National Rate - A wound that splits open  after surgery on the abdomen or pelvis","0.95","Not Available"
"National Rate - Accidental cuts and tears from medical treatment","2.05","Not Available"
"Too few - Serious blood clots after surgery","Not Available","110"
"Same - Deaths among patients with serious treatable complications after surgery","Not Available","1888"
"Worse - Serious blood clots after surgery","Not Available","229"
"Better - Accidental cuts and tears from medical treatment","Not Available","156"
"Better - Accidental cuts and tears from medical treatment","Not Available","156"
"Same - Serious blood clots after surgery","Not Available","2768"
"Worse - Collapsed lung due to medical treatment","Not Available","77"
"Worse - Collapsed lung due to medical treatment","Not Available","77"
"Worse - Serious complications","Not Available","215"
"Same - Serious complications","Not Available","3115"
"Same - Accidental cuts and tears from medical treatment","Not Available","3050"
"Same - Accidental cuts and tears from medical treatment","Not Available","3050"
"Too few - A wound that splits open  after surgery on the abdomen or pelvis","Not Available","370"
"Too few - A wound that splits open  after surgery on the abdomen or pelvis","Not Available","370"
"Worse - Accidental cuts and tears from medical treatment","Not Available","238"
"Worse - Accidental cuts and tears from medical treatment","Not Available","238"
"Too few - Collapsed lung due to medical treatment","Not Available","41"
"Too few - Collapsed lung due to medical treatment","Not Available","41"
"Too few - Accidental cuts and tears from medical treatment","Not Available","42"
"Too few - Accidental cuts and tears from medical treatment","Not Available","42"
"Same - A wound that splits open  after surgery on the abdomen or pelvis","Not Available","2753"
"Same - A wound that splits open  after surgery on the abdomen or pelvis","Not Available","2753"
"Better - Deaths among patients with serious treatable complications after surgery","Not Available","63"
"Better - Serious blood clots after surgery","Not Available","220"
"Too few - Serious complications","Not Available","Not Available"
"Better - Serious complications","Not Available","156"
"Better - Collapsed lung due to medical treatment","Not Available","10"
"Better - Collapsed lung due to medical treatment","Not Available","10"
"Worse - Deaths among patients with serious treatable complications after surgery","Not Available","84"
"Better - A wound that splits open  after surgery on the abdomen or pelvis","Not Available","0"
"Better - A wound that splits open  after surgery on the abdomen or pelvis","Not Available","0"
"Same - Collapsed lung due to medical treatment","Not Available","3358"
"Same - Collapsed lung due to medical treatment","Not Available","3358"
"Worse - A wound that splits open  after surgery on the abdomen or pelvis","Not Available","40"
"Worse - A wound that splits open  after surgery on the abdomen or pelvis","Not Available","40"
"Too few - Deaths among Patients with Serious Treatable Complications after Surgery","Not Available","961"
