"Provider ID","Measure","Score","Footnote"
"AK","Spending per Hospital Patient with Medicare","0.92",""
"AL","Spending per Hospital Patient with Medicare","0.98",""
"AR","Spending per Hospital Patient with Medicare","0.99",""
"AZ","Spending per Hospital Patient with Medicare","0.93",""
"CA","Spending per Hospital Patient with Medicare","0.98",""
"CO","Spending per Hospital Patient with Medicare","0.97",""
"CT","Spending per Hospital Patient with Medicare","1.00",""
"DC","Spending per Hospital Patient with Medicare","0.99",""
"DE","Spending per Hospital Patient with Medicare","0.99",""
"FL","Spending per Hospital Patient with Medicare","1.06",""
"GA","Spending per Hospital Patient with Medicare","0.95",""
"HI","Spending per Hospital Patient with Medicare","0.88",""
"IA","Spending per Hospital Patient with Medicare","0.91",""
"ID","Spending per Hospital Patient with Medicare","0.95",""
"IL","Spending per Hospital Patient with Medicare","1.00",""
"IN","Spending per Hospital Patient with Medicare","1.02",""
"KS","Spending per Hospital Patient with Medicare","0.94",""
"KY","Spending per Hospital Patient with Medicare","0.97",""
"LA","Spending per Hospital Patient with Medicare","1.02",""
"MA","Spending per Hospital Patient with Medicare","1.04",""
"ME","Spending per Hospital Patient with Medicare","0.95",""
"MI","Spending per Hospital Patient with Medicare","0.96",""
"MN","Spending per Hospital Patient with Medicare","0.89",""
"MO","Spending per Hospital Patient with Medicare","0.96",""
"MS","Spending per Hospital Patient with Medicare","1.00",""
"MT","Spending per Hospital Patient with Medicare","0.88",""
"NC","Spending per Hospital Patient with Medicare","0.94",""
"ND","Spending per Hospital Patient with Medicare","0.90",""
"NE","Spending per Hospital Patient with Medicare","0.98",""
"NH","Spending per Hospital Patient with Medicare","1.02",""
"NJ","Spending per Hospital Patient with Medicare","1.07",""
"NM","Spending per Hospital Patient with Medicare","0.88",""
"NV","Spending per Hospital Patient with Medicare","1.05",""
"NY","Spending per Hospital Patient with Medicare","0.94",""
"OH","Spending per Hospital Patient with Medicare","1.01",""
"OK","Spending per Hospital Patient with Medicare","0.94",""
"OR","Spending per Hospital Patient with Medicare","0.89",""
"PA","Spending per Hospital Patient with Medicare","1.01",""
"RI","Spending per Hospital Patient with Medicare","1.02",""
"SC","Spending per Hospital Patient with Medicare","0.98",""
"SD","Spending per Hospital Patient with Medicare","0.90",""
"TN","Spending per Hospital Patient with Medicare","1.00",""
"TX","Spending per Hospital Patient with Medicare","1.04",""
"UT","Spending per Hospital Patient with Medicare","0.98",""
"VA","Spending per Hospital Patient with Medicare","0.95",""
"VT","Spending per Hospital Patient with Medicare","1.02",""
"WA","Spending per Hospital Patient with Medicare","0.92",""
"WI","Spending per Hospital Patient with Medicare","0.94",""
"WV","Spending per Hospital Patient with Medicare","0.96",""
"WY","Spending per Hospital Patient with Medicare","0.96",""
