"Condition","Measure Name","National Mortality/Readmission Rate"
"Heart Attack","Heart Attack Death (Mortality) Rates","15.2"
"Heart Failure","Heart Failure Death (Mortality) Rates","11.7"
"Pneumonia","Pneumonia (PN) 30-Day Mortality Rate","11.9"
"Heart Attack","Heart Attack Readmission Rates","Not Available"
"Heart Failure","Heart Failure Readmission Rates","Not Available"
"Pneumonia","Pneumonia (PN) 30-Day Readmission Rates","Not Available"
"Hip/Knee","Rate of readmission after hip or knee surgery    ","Not Available"
"Hospital-Wide All-Cause","All cause hospital-wide readmission","Not Available"
"Hip/Knee","Complications and Deaths following hip/knee surgery","Not Available"
