PROVIDER_ID,Hospital_Name,Hospital_Type,Address,City,State,ZIP_Code,County_Name,MEASURE_ID,MEASURE_DESCRIPTION,NUMERATOR,DENOMINATOR,FOOTNOTE,RPTG_PRD_START_DT,RPTG_PRD_END_DT
"050146","CITY OF HOPE HELFORD CLINICAL RESEARCH HOSPITAL","Short-term","1500 E DUARTE ROAD","DUARTE"," CA","91010","LOS ANGELES","PCH-1","Adjuvant Chemotherapy for Stage III Colon Cancer","Not Available","Not Available","1","10/01/2013","09/30/2014"
"050146","CITY OF HOPE HELFORD CLINICAL RESEARCH HOSPITAL","Short-term","1500 E DUARTE ROAD","DUARTE"," CA","91010","LOS ANGELES","PCH-2","Combination Chemotherapy for AJCC T1c or Stage II or III Hormone Receptor-Negative Breast Cancer","26","27","","10/01/2013","09/30/2014"
"050146","CITY OF HOPE HELFORD CLINICAL RESEARCH HOSPITAL","Short-term","1500 E DUARTE ROAD","DUARTE"," CA","91010","LOS ANGELES","PCH-3","Hormone Therapy for AJCC T1c or Stage II or III Hormone Receptor-Positive Breast Cancer","245","252","","04/01/2013","03/31/2014"
"050660","USC KENNETH NORRIS JR CANCER HOSPITAL","Short-term","1441 EASTLAKE AVE","LOS ANGELES"," CA","90089","LOS ANGELES","PCH-1","Adjuvant Chemotherapy for Stage III Colon Cancer","Not Available","Not Available","1","10/01/2013","09/30/2014"
"050660","USC KENNETH NORRIS JR CANCER HOSPITAL","Short-term","1441 EASTLAKE AVE","LOS ANGELES"," CA","90089","LOS ANGELES","PCH-2","Combination Chemotherapy for AJCC T1c or Stage II or III Hormone Receptor-Negative Breast Cancer","Not Available","Not Available","1","10/01/2013","09/30/2014"
"050660","USC KENNETH NORRIS JR CANCER HOSPITAL","Short-term","1441 EASTLAKE AVE","LOS ANGELES"," CA","90089","LOS ANGELES","PCH-3","Hormone Therapy for AJCC T1c or Stage II or III Hormone Receptor-Positive Breast Cancer","45","46","","04/01/2013","03/31/2014"
"100079","UNIVERSITY OF MIAMI HOSPITAL AND CLINICS","Short-term","1475 NW 12TH AVE","MIAMI"," FL","33136","DADE","PCH-1","Adjuvant Chemotherapy for Stage III Colon Cancer","16","16","","10/01/2013","09/30/2014"
"100079","UNIVERSITY OF MIAMI HOSPITAL AND CLINICS","Short-term","1475 NW 12TH AVE","MIAMI"," FL","33136","DADE","PCH-2","Combination Chemotherapy for AJCC T1c or Stage II or III Hormone Receptor-Negative Breast Cancer","28","28","","10/01/2013","09/30/2014"
"100079","UNIVERSITY OF MIAMI HOSPITAL AND CLINICS","Short-term","1475 NW 12TH AVE","MIAMI"," FL","33136","DADE","PCH-3","Hormone Therapy for AJCC T1c or Stage II or III Hormone Receptor-Positive Breast Cancer","110","111","","04/01/2013","03/31/2014"
"100271","H LEE MOFFITT CANCER CENTER & RESEARCH INSTITUTE I","Short-term","12902 MAGNOLIA DR","TAMPA"," FL","33612","HILLSBOROUGH","PCH-1","Adjuvant Chemotherapy for Stage III Colon Cancer","20","21","","10/01/2013","09/30/2014"
"100271","H LEE MOFFITT CANCER CENTER & RESEARCH INSTITUTE I","Short-term","12902 MAGNOLIA DR","TAMPA"," FL","33612","HILLSBOROUGH","PCH-2","Combination Chemotherapy for AJCC T1c or Stage II or III Hormone Receptor-Negative Breast Cancer","39","41","","10/01/2013","09/30/2014"
"100271","H LEE MOFFITT CANCER CENTER & RESEARCH INSTITUTE I","Short-term","12902 MAGNOLIA DR","TAMPA"," FL","33612","HILLSBOROUGH","PCH-3","Hormone Therapy for AJCC T1c or Stage II or III Hormone Receptor-Positive Breast Cancer","336","351","","04/01/2013","03/31/2014"
"220162","DANA-FARBER CANCER INSTITUTE","Short-term","450 BROOKLINE AVENUE","BOSTON"," MA","02115","SUFFOLK","PCH-1","Adjuvant Chemotherapy for Stage III Colon Cancer","45","46","","10/01/2013","09/30/2014"
"220162","DANA-FARBER CANCER INSTITUTE","Short-term","450 BROOKLINE AVENUE","BOSTON"," MA","02115","SUFFOLK","PCH-2","Combination Chemotherapy for AJCC T1c or Stage II or III Hormone Receptor-Negative Breast Cancer","73","79","","10/01/2013","09/30/2014"
"220162","DANA-FARBER CANCER INSTITUTE","Short-term","450 BROOKLINE AVENUE","BOSTON"," MA","02115","SUFFOLK","PCH-3","Hormone Therapy for AJCC T1c or Stage II or III Hormone Receptor-Positive Breast Cancer","585","595","","04/01/2013","03/31/2014"
"330154","MEMORIAL HOSPITAL FOR CANCER AND ALLIED DISEASES","Short-term","1275 YORK AVENUE","NEW YORK"," NY","10021","NEW YORK","PCH-1","Adjuvant Chemotherapy for Stage III Colon Cancer","102","110","","10/01/2013","09/30/2014"
"330154","MEMORIAL HOSPITAL FOR CANCER AND ALLIED DISEASES","Short-term","1275 YORK AVENUE","NEW YORK"," NY","10021","NEW YORK","PCH-2","Combination Chemotherapy for AJCC T1c or Stage II or III Hormone Receptor-Negative Breast Cancer","181","184","","10/01/2013","09/30/2014"
"330154","MEMORIAL HOSPITAL FOR CANCER AND ALLIED DISEASES","Short-term","1275 YORK AVENUE","NEW YORK"," NY","10021","NEW YORK","PCH-3","Hormone Therapy for AJCC T1c or Stage II or III Hormone Receptor-Positive Breast Cancer","1027","1045","","04/01/2013","03/31/2014"
"330354","ROSWELL PARK CANCER INSTITUTE","Short-term","ELM AND CARLTON STREETS","BUFFALO"," NY","14203","ERIE","PCH-1","Adjuvant Chemotherapy for Stage III Colon Cancer","Not Available","Not Available","1","10/01/2013","09/30/2014"
"330354","ROSWELL PARK CANCER INSTITUTE","Short-term","ELM AND CARLTON STREETS","BUFFALO"," NY","14203","ERIE","PCH-2","Combination Chemotherapy for AJCC T1c or Stage II or III Hormone Receptor-Negative Breast Cancer","23","25","","10/01/2013","09/30/2014"
"330354","ROSWELL PARK CANCER INSTITUTE","Short-term","ELM AND CARLTON STREETS","BUFFALO"," NY","14203","ERIE","PCH-3","Hormone Therapy for AJCC T1c or Stage II or III Hormone Receptor-Positive Breast Cancer","110","114","","04/01/2013","03/31/2014"
"360242","JAMES CANCER HOSPITAL & SOLOVE RESEARCH INSTITUTE","Short-term","460 WEST TENTH AVENUE","COLUMBUS"," OH","43210","FRANKLIN","PCH-1","Adjuvant Chemotherapy for Stage III Colon Cancer","19","19","","10/01/2013","09/30/2014"
"360242","JAMES CANCER HOSPITAL & SOLOVE RESEARCH INSTITUTE","Short-term","460 WEST TENTH AVENUE","COLUMBUS"," OH","43210","FRANKLIN","PCH-2","Combination Chemotherapy for AJCC T1c or Stage II or III Hormone Receptor-Negative Breast Cancer","65","67","","10/01/2013","09/30/2014"
"360242","JAMES CANCER HOSPITAL & SOLOVE RESEARCH INSTITUTE","Short-term","460 WEST TENTH AVENUE","COLUMBUS"," OH","43210","FRANKLIN","PCH-3","Hormone Therapy for AJCC T1c or Stage II or III Hormone Receptor-Positive Breast Cancer","246","258","","04/01/2013","03/31/2014"
"390196","HOSPITAL OF THE FOX CHASE CANCER CENTER","Short-term","333 COTTMAN AVENUE","PHILADELPHIA"," PA","19111","PHILADELPHIA","PCH-1","Adjuvant Chemotherapy for Stage III Colon Cancer","12","12","","10/01/2013","09/30/2014"
"390196","HOSPITAL OF THE FOX CHASE CANCER CENTER","Short-term","333 COTTMAN AVENUE","PHILADELPHIA"," PA","19111","PHILADELPHIA","PCH-2","Combination Chemotherapy for AJCC T1c or Stage II or III Hormone Receptor-Negative Breast Cancer","23","25","","10/01/2013","09/30/2014"
"390196","HOSPITAL OF THE FOX CHASE CANCER CENTER","Short-term","333 COTTMAN AVENUE","PHILADELPHIA"," PA","19111","PHILADELPHIA","PCH-3","Hormone Therapy for AJCC T1c or Stage II or III Hormone Receptor-Positive Breast Cancer","131","138","","04/01/2013","03/31/2014"
"450076","UNIVERSITY OF TEXAS M D ANDERSON CANCER CENTER,THE","Short-term","1515 HOLCOMBE BLVD","HOUSTON"," TX","77030","HARRIS","PCH-1","Adjuvant Chemotherapy for Stage III Colon Cancer","23","23","","10/01/2013","09/30/2014"
"450076","UNIVERSITY OF TEXAS M D ANDERSON CANCER CENTER,THE","Short-term","1515 HOLCOMBE BLVD","HOUSTON"," TX","77030","HARRIS","PCH-2","Combination Chemotherapy for AJCC T1c or Stage II or III Hormone Receptor-Negative Breast Cancer","67","69","","10/01/2013","09/30/2014"
"450076","UNIVERSITY OF TEXAS M D ANDERSON CANCER CENTER,THE","Short-term","1515 HOLCOMBE BLVD","HOUSTON"," TX","77030","HARRIS","PCH-3","Hormone Therapy for AJCC T1c or Stage II or III Hormone Receptor-Positive Breast Cancer","412","443","","04/01/2013","03/31/2014"
"500138","SEATTLE CANCER CARE ALLIANCE","Short-term","825 EASTLAKE AVENUE EAST","SEATTLE"," WA","98109","KING","PCH-1","Adjuvant Chemotherapy for Stage III Colon Cancer","19","21","","10/01/2013","09/30/2014"
"500138","SEATTLE CANCER CARE ALLIANCE","Short-term","825 EASTLAKE AVENUE EAST","SEATTLE"," WA","98109","KING","PCH-2","Combination Chemotherapy for AJCC T1c or Stage II or III Hormone Receptor-Negative Breast Cancer","38","41","","10/01/2013","09/30/2014"
"500138","SEATTLE CANCER CARE ALLIANCE","Short-term","825 EASTLAKE AVENUE EAST","SEATTLE"," WA","98109","KING","PCH-3","Hormone Therapy for AJCC T1c or Stage II or III Hormone Receptor-Positive Breast Cancer","253","274","","04/01/2013","03/31/2014"
