"State","Measure ID","Measure Name","Score","Footnote","Start Date","End Date"
AK,MSPB-1,Medicare hospital spending per patient (Medicare Spending per Beneficiary),0.93,14,01/01/2017,12/31/2017
AL,MSPB-1,Medicare hospital spending per patient (Medicare Spending per Beneficiary),1.00,,01/01/2017,12/31/2017
AR,MSPB-1,Medicare hospital spending per patient (Medicare Spending per Beneficiary),1.00,,01/01/2017,12/31/2017
AS,MSPB-1,Medicare hospital spending per patient (Medicare Spending per Beneficiary),Not Available,9,01/01/2017,12/31/2017
AZ,MSPB-1,Medicare hospital spending per patient (Medicare Spending per Beneficiary),0.95,,01/01/2017,12/31/2017
CA,MSPB-1,Medicare hospital spending per patient (Medicare Spending per Beneficiary),0.99,,01/01/2017,12/31/2017
CO,MSPB-1,Medicare hospital spending per patient (Medicare Spending per Beneficiary),0.96,,01/01/2017,12/31/2017
CT,MSPB-1,Medicare hospital spending per patient (Medicare Spending per Beneficiary),0.99,,01/01/2017,12/31/2017
DC,MSPB-1,Medicare hospital spending per patient (Medicare Spending per Beneficiary),1.00,14,01/01/2017,12/31/2017
DE,MSPB-1,Medicare hospital spending per patient (Medicare Spending per Beneficiary),1.00,14,01/01/2017,12/31/2017
FL,MSPB-1,Medicare hospital spending per patient (Medicare Spending per Beneficiary),1.03,,01/01/2017,12/31/2017
GA,MSPB-1,Medicare hospital spending per patient (Medicare Spending per Beneficiary),0.95,,01/01/2017,12/31/2017
GU,MSPB-1,Medicare hospital spending per patient (Medicare Spending per Beneficiary),Not Available,9,01/01/2017,12/31/2017
HI,MSPB-1,Medicare hospital spending per patient (Medicare Spending per Beneficiary),0.91,,01/01/2017,12/31/2017
IA,MSPB-1,Medicare hospital spending per patient (Medicare Spending per Beneficiary),0.93,,01/01/2017,12/31/2017
ID,MSPB-1,Medicare hospital spending per patient (Medicare Spending per Beneficiary),0.96,,01/01/2017,12/31/2017
IL,MSPB-1,Medicare hospital spending per patient (Medicare Spending per Beneficiary),1.01,,01/01/2017,12/31/2017
IN,MSPB-1,Medicare hospital spending per patient (Medicare Spending per Beneficiary),1.00,,01/01/2017,12/31/2017
KS,MSPB-1,Medicare hospital spending per patient (Medicare Spending per Beneficiary),0.97,,01/01/2017,12/31/2017
KY,MSPB-1,Medicare hospital spending per patient (Medicare Spending per Beneficiary),0.98,,01/01/2017,12/31/2017
LA,MSPB-1,Medicare hospital spending per patient (Medicare Spending per Beneficiary),1.05,,01/01/2017,12/31/2017
MA,MSPB-1,Medicare hospital spending per patient (Medicare Spending per Beneficiary),1.00,,01/01/2017,12/31/2017
MD,MSPB-1,Medicare hospital spending per patient (Medicare Spending per Beneficiary),Not Available,9,01/01/2017,12/31/2017
ME,MSPB-1,Medicare hospital spending per patient (Medicare Spending per Beneficiary),0.95,,01/01/2017,12/31/2017
MI,MSPB-1,Medicare hospital spending per patient (Medicare Spending per Beneficiary),0.96,,01/01/2017,12/31/2017
MN,MSPB-1,Medicare hospital spending per patient (Medicare Spending per Beneficiary),0.89,,01/01/2017,12/31/2017
MO,MSPB-1,Medicare hospital spending per patient (Medicare Spending per Beneficiary),0.95,,01/01/2017,12/31/2017
MP,MSPB-1,Medicare hospital spending per patient (Medicare Spending per Beneficiary),Not Available,9,01/01/2017,12/31/2017
MS,MSPB-1,Medicare hospital spending per patient (Medicare Spending per Beneficiary),0.98,,01/01/2017,12/31/2017
MT,MSPB-1,Medicare hospital spending per patient (Medicare Spending per Beneficiary),0.88,,01/01/2017,12/31/2017
NC,MSPB-1,Medicare hospital spending per patient (Medicare Spending per Beneficiary),0.94,,01/01/2017,12/31/2017
ND,MSPB-1,Medicare hospital spending per patient (Medicare Spending per Beneficiary),0.99,14,01/01/2017,12/31/2017
NE,MSPB-1,Medicare hospital spending per patient (Medicare Spending per Beneficiary),0.97,,01/01/2017,12/31/2017
NH,MSPB-1,Medicare hospital spending per patient (Medicare Spending per Beneficiary),0.99,14,01/01/2017,12/31/2017
NJ,MSPB-1,Medicare hospital spending per patient (Medicare Spending per Beneficiary),1.06,,01/01/2017,12/31/2017
NM,MSPB-1,Medicare hospital spending per patient (Medicare Spending per Beneficiary),0.89,,01/01/2017,12/31/2017
NV,MSPB-1,Medicare hospital spending per patient (Medicare Spending per Beneficiary),1.03,,01/01/2017,12/31/2017
NY,MSPB-1,Medicare hospital spending per patient (Medicare Spending per Beneficiary),0.98,,01/01/2017,12/31/2017
OH,MSPB-1,Medicare hospital spending per patient (Medicare Spending per Beneficiary),1.01,,01/01/2017,12/31/2017
OK,MSPB-1,Medicare hospital spending per patient (Medicare Spending per Beneficiary),0.96,,01/01/2017,12/31/2017
OR,MSPB-1,Medicare hospital spending per patient (Medicare Spending per Beneficiary),0.90,,01/01/2017,12/31/2017
PA,MSPB-1,Medicare hospital spending per patient (Medicare Spending per Beneficiary),0.99,,01/01/2017,12/31/2017
PR,MSPB-1,Medicare hospital spending per patient (Medicare Spending per Beneficiary),Not Available,9,01/01/2017,12/31/2017
RI,MSPB-1,Medicare hospital spending per patient (Medicare Spending per Beneficiary),0.99,,01/01/2017,12/31/2017
SC,MSPB-1,Medicare hospital spending per patient (Medicare Spending per Beneficiary),0.97,,01/01/2017,12/31/2017
SD,MSPB-1,Medicare hospital spending per patient (Medicare Spending per Beneficiary),0.99,14,01/01/2017,12/31/2017
TN,MSPB-1,Medicare hospital spending per patient (Medicare Spending per Beneficiary),1.01,,01/01/2017,12/31/2017
TX,MSPB-1,Medicare hospital spending per patient (Medicare Spending per Beneficiary),1.06,,01/01/2017,12/31/2017
UT,MSPB-1,Medicare hospital spending per patient (Medicare Spending per Beneficiary),0.97,,01/01/2017,12/31/2017
VA,MSPB-1,Medicare hospital spending per patient (Medicare Spending per Beneficiary),0.99,,01/01/2017,12/31/2017
VI,MSPB-1,Medicare hospital spending per patient (Medicare Spending per Beneficiary),Not Available,9,01/01/2017,12/31/2017
VT,MSPB-1,Medicare hospital spending per patient (Medicare Spending per Beneficiary),0.99,14,01/01/2017,12/31/2017
WA,MSPB-1,Medicare hospital spending per patient (Medicare Spending per Beneficiary),0.93,14,01/01/2017,12/31/2017
WI,MSPB-1,Medicare hospital spending per patient (Medicare Spending per Beneficiary),0.94,,01/01/2017,12/31/2017
WV,MSPB-1,Medicare hospital spending per patient (Medicare Spending per Beneficiary),0.96,,01/01/2017,12/31/2017
WY,MSPB-1,Medicare hospital spending per patient (Medicare Spending per Beneficiary),0.95,,01/01/2017,12/31/2017
