"Measure ID","Measure Name","National Payment","Number Less Than National Payment","Number Same as National Payment","Number Greater Than National Payment","Number of Hospitals Too Few","Footnote","Start Date","End Date"
PAYM_30_AMI,Payment for heart attack patients,"$24,627",164,1887,195,1889,,07/01/2015,06/30/2018
PAYM_30_HF,Payment for heart failure patients,"$17,217",413,2531,562,1012,,07/01/2015,06/30/2018
PAYM_30_PN,Payment for pneumonia patients,"$17,858",878,2415,795,502,,07/01/2015,06/30/2018
PAYM_90_HIP_KNEE,Payment for hip/knee replacement patients,"$21,392",1082,1034,665,661,,04/01/2015,03/31/2018
