Provider ID,Hospital Name,Address,City,State,ZIP Code,County Name,Phone Number,Condition,Measure ID,Measure Name,Score,Sample,Footnotes,Measure Start Date,Measure End Date
05015F,"60th MEDICAL GROUP, DAVID GRANT MEDICAL CENTER, TRAVIS",101 BODIN CIRCLE,TRAVIS AIR FORCE BASE,CA,94535,SOLANO,(707) 423-7300,Pregnancy and Delivery Care ,PC-01,Percent of Newborns whose Deliveries Were Scheduled Early (1-3 weeks) When a Scheduled Delivery Was Not Medically Necessary,0,34,2 - Data submitted were based on a sample of cases/patients.,10/1/2016,9/30/2017
49005F,"633RD MEDICAL GROUP, LANGLEY-EUSTIS",77 NEALY AVENUE,HAMPTON,VA,23665,HAMPTON CITY,(757) 225-7630,Pregnancy and Delivery Care ,PC-01,Percent of Newborns whose Deliveries Were Scheduled Early (1-3 weeks) When a Scheduled Delivery Was Not Medically Necessary,0,24,2 - Data submitted were based on a sample of cases/patients.,10/1/2016,9/30/2017
NOT/AVAIL,"673RD MEDICAL GROUP, ELMENDORF",5955 ZEAMER AVENUE,ELMENDORF AFB,AK,99506,ANCHORAGE,(907) 384-1110,Pregnancy and Delivery Care ,PC-01,Percent of Newborns whose Deliveries Were Scheduled Early (1-3 weeks) When a Scheduled Delivery Was Not Medically Necessary,0,36,2 - Data submitted were based on a sample of cases/patients.,10/1/2016,9/30/2017
36006F,"88TH MEDICAL GROUP, WRIGHT-PATTERSON",4881 SUGAR MAPLE DRIVE,WRIGHT-PATTERSON AFB,OH,45433,GREENE,(937) 257-9926,Pregnancy and Delivery Care ,PC-01,Percent of Newborns whose Deliveries Were Scheduled Early (1-3 weeks) When a Scheduled Delivery Was Not Medically Necessary,0,25,2 - Data submitted were based on a sample of cases/patients.,10/1/2016,9/30/2017
NOT/AVAIL,"BASSETT ARMY COMMUNITY HOSPITAL, FT. WAINWRIGHT",4076 NEELY RD,FORT WAINWRIGHT,AK,99703,FAIRBANKS NORTH STAR,(907) 361-4000,Pregnancy and Delivery Care ,PC-01,Percent of Newborns whose Deliveries Were Scheduled Early (1-3 weeks) When a Scheduled Delivery Was Not Medically Necessary,0,22,2 - Data submitted were based on a sample of cases/patients.,10/1/2016,9/30/2017
19050F,"BAYNES JONES ARMY COMMUNITY HOSPITAL, FT. POLK",1585 THIRD STREET,FORT POLK,LA,71459,VERNON,(337) 531-3118,Pregnancy and Delivery Care ,PC-01,Percent of Newborns whose Deliveries Were Scheduled Early (1-3 weeks) When a Scheduled Delivery Was Not Medically Necessary,0,28,2 - Data submitted were based on a sample of cases/patients.,10/1/2016,9/30/2017
18003F,"BLANCHFIELD ARMY COMMUNITY HOSPITAL, FT. CAMPBELL",650 JOEL DRIVE,FORT CAMPBELL,KY,42223,MONTGOMERY,(270) 798-8400,Pregnancy and Delivery Care ,PC-01,Percent of Newborns whose Deliveries Were Scheduled Early (1-3 weeks) When a Scheduled Delivery Was Not Medically Necessary,0,18,2 - Data submitted were based on a sample of cases/patients.,10/1/2016,9/30/2017
45069F,"BROOKE ARMY MEDICAL CENTER, FT. SAM HOUSTON",3551 ROGER BROOKE DRIVE,FORT SAM HOUSTON,TX,78234,BEXAR,(210) 916-4141,Pregnancy and Delivery Care ,PC-01,Percent of Newborns whose Deliveries Were Scheduled Early (1-3 weeks) When a Scheduled Delivery Was Not Medically Necessary,0,18,2 - Data submitted were based on a sample of cases/patients.,10/1/2016,9/30/2017
49001F,FT. BELVOIR COMMUNITY HOSPITAL,9300 DEWITT LOOP,FORT BELVOIR,VA,22060,FAIRFAX,(571) 231-3224,Pregnancy and Delivery Care ,PC-01,Percent of Newborns whose Deliveries Were Scheduled Early (1-3 weeks) When a Scheduled Delivery Was Not Medically Necessary,0,21,2 - Data submitted were based on a sample of cases/patients.,10/1/2016,9/30/2017
50005F,"MADIGAN ARMY MEDICAL CENTER, FT. LEWIS",BUILDING 9040 JACKSON AVENUE,TACOMA,WA,98431,PIERCE,(253) 968-1110,Pregnancy and Delivery Care ,PC-01,Percent of Newborns whose Deliveries Were Scheduled Early (1-3 weeks) When a Scheduled Delivery Was Not Medically Necessary,0,37,2 - Data submitted were based on a sample of cases/patients.,10/1/2016,9/30/2017
11032F,"MARTIN ARMY COMMUNITY HOSPITAL, FT. BENNING",6600 VAN AALST BOULEVARD,FORT BENNING,GA,31905,CHATTAHOOCHEE,(762) 408-2604,Pregnancy and Delivery Care ,PC-01,Percent of Newborns whose Deliveries Were Scheduled Early (1-3 weeks) When a Scheduled Delivery Was Not Medically Necessary,0,30,2 - Data submitted were based on a sample of cases/patients.,10/1/2016,9/30/2017
05020F,NAVAL HOSPITAL CAMP PENDLETON,200 MERCY CIRCLE,CAMP PENDLETON,CA,92055,SAN DIEGO,(760) 725-1288,Pregnancy and Delivery Care ,PC-01,Percent of Newborns whose Deliveries Were Scheduled Early (1-3 weeks) When a Scheduled Delivery Was Not Medically Necessary,0,25,2 - Data submitted were based on a sample of cases/patients.,10/1/2016,9/30/2017
50014F,NAVAL HOSPITAL OAK HARBOR,"3475 NORTH SARATOGA STREET, BUILDING 993",OAK HARBOR,WA,98278,ISLAND,(360) 257-9500,Pregnancy and Delivery Care ,PC-01,Percent of Newborns whose Deliveries Were Scheduled Early (1-3 weeks) When a Scheduled Delivery Was Not Medically Necessary,0,20,2 - Data submitted were based on a sample of cases/patients.,10/1/2016,9/30/2017
10018F,NAVAL HOSPITAL PENSACOLA,6000 WEST HIGHWAY 98,PENSACOLA,FL,32512,ESCAMBIA,(850) 505-6601,Pregnancy and Delivery Care ,PC-01,Percent of Newborns whose Deliveries Were Scheduled Early (1-3 weeks) When a Scheduled Delivery Was Not Medically Necessary,0,20,2 - Data submitted were based on a sample of cases/patients.,10/1/2016,9/30/2017
49008F,NAVAL MEDICAL CENTER PORTSMOUTH,620 JOHN PAUL JONES CIRCLE,PORTSMOUTH,VA,23708,PORTSMOUTH CITY,(757) 953-5008,Pregnancy and Delivery Care ,PC-01,Percent of Newborns whose Deliveries Were Scheduled Early (1-3 weeks) When a Scheduled Delivery Was Not Medically Necessary,0,33,2 - Data submitted were based on a sample of cases/patients.,10/1/2016,9/30/2017
45068F,"WILLIAM BEAUMONT ARMY MEDICAL CENTER, FT. BLISS",5005 NORTH PIEDRAS STREET,EL PASO,TX,79920,EL PASO,(915) 742-2121,Pregnancy and Delivery Care ,PC-01,Percent of Newborns whose Deliveries Were Scheduled Early (1-3 weeks) When a Scheduled Delivery Was Not Medically Necessary,0,32,2 - Data submitted were based on a sample of cases/patients.,10/1/2016,9/30/2017
11035F,"WINN ARMY COMMUNITY HOSPITAL, FT. STEWART",1061 HARMON AVENUE,FORT STEWART,GA,31314,LIBERTY,(912) 435-6633,Pregnancy and Delivery Care ,PC-01,Percent of Newborns whose Deliveries Were Scheduled Early (1-3 weeks) When a Scheduled Delivery Was Not Medically Necessary,0,45,2 - Data submitted were based on a sample of cases/patients.,10/1/2016,9/30/2017
50005F,"MADIGAN ARMY MEDICAL CENTER, FT. LEWIS",BUILDING 9040 JACKSON AVENUE,TACOMA,WA,98431,PIERCE,(253) 968-1110,Blood Clot Prevention and Treatment,VTE-6,Incidence of Potentially-Preventable Venous Thromboembolism,0,13,,10/1/2016,9/30/2017
45069F,"BROOKE ARMY MEDICAL CENTER, FT. SAM HOUSTON",3551 ROGER BROOKE DRIVE,FORT SAM HOUSTON,TX,78234,BEXAR,(210) 916-4141,Blood Clot Prevention and Treatment,VTE-6,Incidence of Potentially-Preventable Venous Thromboembolism,2,53,,10/1/2016,9/30/2017
25039F,"81ST MEDICAL GROUP, KEESLER","301 FISHER STREET, ROOM 1A132",KEESLER AFB,MS,39534,HARRISON,(228) 377-6393,Pregnancy and Delivery Care ,PC-01,Percent of Newborns whose Deliveries Were Scheduled Early (1-3 weeks) When a Scheduled Delivery Was Not Medically Necessary,3,30,2 - Data submitted were based on a sample of cases/patients.,10/1/2016,9/30/2017
45070F,"DARNALL ARMY MEDICAL CENTER, FT. HOOD",36000 DARNALL LOOP,FORT HOOD,TX,76544,BELL,(254) 288-8000,Pregnancy and Delivery Care ,PC-01,Percent of Newborns whose Deliveries Were Scheduled Early (1-3 weeks) When a Scheduled Delivery Was Not Medically Necessary,3,33,2 - Data submitted were based on a sample of cases/patients.,10/1/2016,9/30/2017
10013F,NAVAL HOSPITAL JACKSONVILLE,2080 CHILD STREET,JACKSONVILLE,FL,32214,DUVAL,(904) 542-7300,Pregnancy and Delivery Care ,PC-01,Percent of Newborns whose Deliveries Were Scheduled Early (1-3 weeks) When a Scheduled Delivery Was Not Medically Necessary,3,33,2 - Data submitted were based on a sample of cases/patients.,10/1/2016,9/30/2017
12001F,"TRIPLER ARMY MEDICAL CENTER, FT. SHAFTER",1 JARRETT WHITE ROAD ,HONOLULU,HI,96859,HONOLULU,(808) 433-2778,Pregnancy and Delivery Care ,PC-01,Percent of Newborns whose Deliveries Were Scheduled Early (1-3 weeks) When a Scheduled Delivery Was Not Medically Necessary,3,40,2 - Data submitted were based on a sample of cases/patients.,10/1/2016,9/30/2017
34014F,"WOMACK ARMY MEDICAL CENTER, FT. BRAGG",BUILDING 4-2817 REILLY ROAD,FORT BRAGG,NC,28310,CUMBERLAND,(910) 907-9262,Pregnancy and Delivery Care ,PC-01,Percent of Newborns whose Deliveries Were Scheduled Early (1-3 weeks) When a Scheduled Delivery Was Not Medically Necessary,3,35,2 - Data submitted were based on a sample of cases/patients.,10/1/2016,9/30/2017
05022F,NAVAL MEDICAL CENTER SAN DIEGO,34800 BOB WILSON DRIVE,SAN DIEGO,CA,92134,SAN DIEGO,(619) 532-6392,Pregnancy and Delivery Care ,PC-01,Percent of Newborns whose Deliveries Were Scheduled Early (1-3 weeks) When a Scheduled Delivery Was Not Medically Necessary,4,57,2 - Data submitted were based on a sample of cases/patients.,10/1/2016,9/30/2017
21007F,"WALTER REED NATIONAL MEDICAL CENTER, BETHESDA",8901 WISCONSIN AVENUE,BETHESDA,MD,20889,MONTGOMERY,(301) 295-4000,Pregnancy and Delivery Care ,PC-01,Percent of Newborns whose Deliveries Were Scheduled Early (1-3 weeks) When a Scheduled Delivery Was Not Medically Necessary,4,25,2 - Data submitted were based on a sample of cases/patients.,10/1/2016,9/30/2017
29001F,"99TH MEDICAL GROUP, O'CALLAGHAN HOSPITAL, NELLIS",4700 NORTH LAS VEGAS BOULEVARD,NELLIS AIR FORCE BASE,NV,89191,CLARK,(702) 653-2269,Pregnancy and Delivery Care ,PC-01,Percent of Newborns whose Deliveries Were Scheduled Early (1-3 weeks) When a Scheduled Delivery Was Not Medically Necessary,6,16,2 - Data submitted were based on a sample of cases/patients.,10/1/2016,9/30/2017
34011F,NAVAL HOSPITAL CAMP LEJEUNE,100 BREWSTER BOULEVARD,CAMP LEJEUNE,NC,28547,ONSLOW,(910) 450-4292,Pregnancy and Delivery Care ,PC-01,Percent of Newborns whose Deliveries Were Scheduled Early (1-3 weeks) When a Scheduled Delivery Was Not Medically Necessary,7,30,2 - Data submitted were based on a sample of cases/patients.,10/1/2016,9/30/2017
33025F,"KELLER ARMY COMMUNITY HOSPITAL, WEST POINT",900 WASHINGTON ROAD,WEST POINT,NY,10996,ORANGE,(845) 938-4034,Pregnancy and Delivery Care ,PC-01,Percent of Newborns whose Deliveries Were Scheduled Early (1-3 weeks) When a Scheduled Delivery Was Not Medically Necessary,9,11,2 - Data submitted were based on a sample of cases/patients.,10/1/2016,9/30/2017
17002F,"IRWIN ARMY COMMUNITY HOSPITAL, FT. RILEY",650 HUEBNER ROAD,FORT RILEY,KS,66442,GEARY,(785) 239-7000,Pregnancy and Delivery Care ,PC-01,Percent of Newborns whose Deliveries Were Scheduled Early (1-3 weeks) When a Scheduled Delivery Was Not Medically Necessary,11,38,2 - Data submitted were based on a sample of cases/patients.,10/1/2016,9/30/2017
06003F,"EVANS ARMY MEDICAL CENTER, FT. CARSON",1650 COCHRANE CIRCLE,FORT CARSON,CO,80913,EL PASO,(719) 526-7000,Pregnancy and Delivery Care ,PC-01,Percent of Newborns whose Deliveries Were Scheduled Early (1-3 weeks) When a Scheduled Delivery Was Not Medically Necessary,12,42,2 - Data submitted were based on a sample of cases/patients.,10/1/2016,9/30/2017
10021F,"96TH MEDICAL GROUP, EGLIN","307 BOATNER ROAD, SUITE 114",EGLIN AIR FORCE BASE,FL,32542,OKALOOSA,(850) 883-8600,Pregnancy and Delivery Care ,PC-01,Percent of Newborns whose Deliveries Were Scheduled Early (1-3 weeks) When a Scheduled Delivery Was Not Medically Necessary,13,16,2 - Data submitted were based on a sample of cases/patients.,10/1/2016,9/30/2017
25039F,"81ST MEDICAL GROUP, KEESLER","301 FISHER STREET, ROOM 1A132",KEESLER AFB,MS,39534,HARRISON,(228) 377-6393,Emergency Department Care,OP-20,Door to Diagnostic Evaluation by a Qualified Medical Professional,15,493,2 - Data submitted were based on a sample of cases/patients.,10/1/2016,9/30/2017
NOT/AVAIL,"673RD MEDICAL GROUP, ELMENDORF",5955 ZEAMER AVENUE,ELMENDORF AFB,AK,99506,ANCHORAGE,(907) 384-1110,Emergency Department Care,OP-20,Door to Diagnostic Evaluation by a Qualified Medical Professional,16,459,2 - Data submitted were based on a sample of cases/patients.,10/1/2016,9/30/2017
05039F,NAVAL HOSPITAL TWENTYNINE PALMS,1145 STURGIS ROAD,TWENTYNINE PALMS,CA,92277,SAN BERNARDINO,(760) 830-2190,Emergency Department Care,OP-20,Door to Diagnostic Evaluation by a Qualified Medical Professional,18,471,2 - Data submitted were based on a sample of cases/patients.,10/1/2016,9/30/2017
05039F,NAVAL HOSPITAL TWENTYNINE PALMS,1145 STURGIS ROAD,TWENTYNINE PALMS,CA,92277,SAN BERNARDINO,(760) 830-2190,Pregnancy and Delivery Care ,PC-01,Percent of Newborns whose Deliveries Were Scheduled Early (1-3 weeks) When a Scheduled Delivery Was Not Medically Necessary,19,16,2 - Data submitted were based on a sample of cases/patients.,10/1/2016,9/30/2017
33025F,"KELLER ARMY COMMUNITY HOSPITAL, WEST POINT",900 WASHINGTON ROAD,WEST POINT,NY,10996,ORANGE,(845) 938-4034,Emergency Department Care,OP-20,Door to Diagnostic Evaluation by a Qualified Medical Professional,21,489,2 - Data submitted were based on a sample of cases/patients.,10/1/2016,9/30/2017
10021F,"96TH MEDICAL GROUP, EGLIN","307 BOATNER ROAD, SUITE 114",EGLIN AIR FORCE BASE,FL,32542,OKALOOSA,(850) 883-8600,Emergency Department Care,OP-20,Door to Diagnostic Evaluation by a Qualified Medical Professional,25,425,2 - Data submitted were based on a sample of cases/patients.,10/1/2016,9/30/2017
11033F,"EISENHOWER ARMY MEDICAL CENTER, FT. GORDON",300 EAST HOSPITAL ROAD,FORT GORDON,GA,30905,RICHMOND,(706) 787-5811,Emergency Department Care,OP-20,Door to Diagnostic Evaluation by a Qualified Medical Professional,26,487,2 - Data submitted were based on a sample of cases/patients.,10/1/2016,9/30/2017
NOT/AVAIL,"BASSETT ARMY COMMUNITY HOSPITAL, FT. WAINWRIGHT",4076 NEELY RD,FORT WAINWRIGHT,AK,99703,FAIRBANKS NORTH STAR,(907) 361-4000,Emergency Department Care,OP-20,Door to Diagnostic Evaluation by a Qualified Medical Professional,27,485,2 - Data submitted were based on a sample of cases/patients.,10/1/2016,9/30/2017
21007F,"WALTER REED NATIONAL MEDICAL CENTER, BETHESDA",8901 WISCONSIN AVENUE,BETHESDA,MD,20889,MONTGOMERY,(301) 295-4000,Stroke Care,OP-23,Head CT or MRI Scan Results for Acute Ischemic Stroke or Hemorrhagic Stroke Patients who Received Head CT or MRI Scan Interpretation Within 45 minutes of ED Arrival,29,14,,10/1/2016,9/30/2017
36006F,"88TH MEDICAL GROUP, WRIGHT-PATTERSON",4881 SUGAR MAPLE DRIVE,WRIGHT-PATTERSON AFB,OH,45433,GREENE,(937) 257-9926,Emergency Department Care,OP-20,Door to Diagnostic Evaluation by a Qualified Medical Professional,31,459,2 - Data submitted were based on a sample of cases/patients.,10/1/2016,9/30/2017
05039F,NAVAL HOSPITAL TWENTYNINE PALMS,1145 STURGIS ROAD,TWENTYNINE PALMS,CA,92277,SAN BERNARDINO,(760) 830-2190,Emergency Department Care,OP-21,Median Time to Pain Management for Long Bone Fracture,34,13,,10/1/2016,9/30/2017
NOT/AVAIL,"673RD MEDICAL GROUP, ELMENDORF",5955 ZEAMER AVENUE,ELMENDORF AFB,AK,99506,ANCHORAGE,(907) 384-1110,Emergency Department Care,OP-21,Median Time to Pain Management for Long Bone Fracture,35,15,,10/1/2016,9/30/2017
45069F,"BROOKE ARMY MEDICAL CENTER, FT. SAM HOUSTON",3551 ROGER BROOKE DRIVE,FORT SAM HOUSTON,TX,78234,BEXAR,(210) 916-4141,Emergency Department Care,OP-20,Door to Diagnostic Evaluation by a Qualified Medical Professional,38,393,2 - Data submitted were based on a sample of cases/patients.,10/1/2016,9/30/2017
33025F,"KELLER ARMY COMMUNITY HOSPITAL, WEST POINT",900 WASHINGTON ROAD,WEST POINT,NY,10996,ORANGE,(845) 938-4034,Emergency Department Care,OP-21,Median Time to Pain Management for Long Bone Fracture,38,12,,10/1/2016,9/30/2017
11035F,"WINN ARMY COMMUNITY HOSPITAL, FT. STEWART",1061 HARMON AVENUE,FORT STEWART,GA,31314,LIBERTY,(912) 435-6633,Emergency Department Care,OP-20,Door to Diagnostic Evaluation by a Qualified Medical Professional,41,477,2 - Data submitted were based on a sample of cases/patients.,10/1/2016,9/30/2017
NOT/AVAIL,"BASSETT ARMY COMMUNITY HOSPITAL, FT. WAINWRIGHT",4076 NEELY RD,FORT WAINWRIGHT,AK,99703,FAIRBANKS NORTH STAR,(907) 361-4000,Emergency Department Care,OP-21,Median Time to Pain Management for Long Bone Fracture,41,14,,10/1/2016,9/30/2017
11035F,"WINN ARMY COMMUNITY HOSPITAL, FT. STEWART",1061 HARMON AVENUE,FORT STEWART,GA,31314,LIBERTY,(912) 435-6633,Emergency Department Care,OP-21,Median Time to Pain Management for Long Bone Fracture,42,13,,10/1/2016,9/30/2017
19050F,"BAYNES JONES ARMY COMMUNITY HOSPITAL, FT. POLK",1585 THIRD STREET,FORT POLK,LA,71459,VERNON,(337) 531-3118,Preventive Care,IMM-2,Influenza Immunization,44,244,2 - Data submitted were based on a sample of cases/patients.,10/1/2016,3/31/2017
17002F,"IRWIN ARMY COMMUNITY HOSPITAL, FT. RILEY",650 HUEBNER ROAD,FORT RILEY,KS,66442,GEARY,(785) 239-7000,Preventive Care,IMM-2,Influenza Immunization,45,237,2 - Data submitted were based on a sample of cases/patients.,10/1/2016,3/31/2017
05020F,NAVAL HOSPITAL CAMP PENDLETON,200 MERCY CIRCLE,CAMP PENDLETON,CA,92055,SAN DIEGO,(760) 725-1288,Emergency Department Care,OP-20,Door to Diagnostic Evaluation by a Qualified Medical Professional,45,499,2 - Data submitted were based on a sample of cases/patients.,10/1/2016,9/30/2017
05041F,"WEED ARMY COMMUNITY HOSPITAL, FT. IRWIN",BLDG 390 NORTH LOOK ROAD,FORT IRWIN,CA,92310,SAN BERNARDINO,(866) 957-9224,Preventive Care,IMM-2,Influenza Immunization,47,188,2 - Data submitted were based on a sample of cases/patients.,10/1/2016,3/31/2017
21007F,"WALTER REED NATIONAL MEDICAL CENTER, BETHESDA",8901 WISCONSIN AVENUE,BETHESDA,MD,20889,MONTGOMERY,(301) 295-4000,Emergency Department Care,OP-20,Door to Diagnostic Evaluation by a Qualified Medical Professional,47,490,2 - Data submitted were based on a sample of cases/patients.,10/1/2016,9/30/2017
21007F,"WALTER REED NATIONAL MEDICAL CENTER, BETHESDA",8901 WISCONSIN AVENUE,BETHESDA,MD,20889,MONTGOMERY,(301) 295-4000,Preventive Care,IMM-2,Influenza Immunization,48,476,2 - Data submitted were based on a sample of cases/patients.,10/1/2016,3/31/2017
NOT/AVAIL,"BASSETT ARMY COMMUNITY HOSPITAL, FT. WAINWRIGHT",4076 NEELY RD,FORT WAINWRIGHT,AK,99703,FAIRBANKS NORTH STAR,(907) 361-4000,Emergency Department Care,ED-2b,Admit Decision Time to ED Departure Time for Admitted Patients - Reporting Measure,50,46,2 - Data submitted were based on a sample of cases/patients.,10/1/2016,9/30/2017
11032F,"MARTIN ARMY COMMUNITY HOSPITAL, FT. BENNING",6600 VAN AALST BOULEVARD,FORT BENNING,GA,31905,CHATTAHOOCHEE,(762) 408-2604,Emergency Department Care,OP-20,Door to Diagnostic Evaluation by a Qualified Medical Professional,50,458,2 - Data submitted were based on a sample of cases/patients.,10/1/2016,9/30/2017
45069F,"BROOKE ARMY MEDICAL CENTER, FT. SAM HOUSTON",3551 ROGER BROOKE DRIVE,FORT SAM HOUSTON,TX,78234,BEXAR,(210) 916-4141,Emergency Department Care,OP-21,Median Time to Pain Management for Long Bone Fracture,50,183,,10/1/2016,9/30/2017
12001F,"TRIPLER ARMY MEDICAL CENTER, FT. SHAFTER",1 JARRETT WHITE ROAD ,HONOLULU,HI,96859,HONOLULU,(808) 433-2778,Emergency Department Care,OP-20,Door to Diagnostic Evaluation by a Qualified Medical Professional,51,393,2 - Data submitted were based on a sample of cases/patients.,10/1/2016,9/30/2017
11033F,"EISENHOWER ARMY MEDICAL CENTER, FT. GORDON",300 EAST HOSPITAL ROAD,FORT GORDON,GA,30905,RICHMOND,(706) 787-5811,Preventive Care,IMM-2,Influenza Immunization,53,494,2 - Data submitted were based on a sample of cases/patients.,10/1/2016,3/31/2017
49008F,NAVAL MEDICAL CENTER PORTSMOUTH,620 JOHN PAUL JONES CIRCLE,PORTSMOUTH,VA,23708,PORTSMOUTH CITY,(757) 953-5008,Preventive Care,IMM-2,Influenza Immunization,55,522,2 - Data submitted were based on a sample of cases/patients.,10/1/2016,3/31/2017
33025F,"KELLER ARMY COMMUNITY HOSPITAL, WEST POINT",900 WASHINGTON ROAD,WEST POINT,NY,10996,ORANGE,(845) 938-4034,Emergency Department Care,OP-18b,Median Time from ED Arrival to ED Departure for Discharged ED Patients - Reporting Measure,56,479,2 - Data submitted were based on a sample of cases/patients.,10/1/2016,9/30/2017
34011F,NAVAL HOSPITAL CAMP LEJEUNE,100 BREWSTER BOULEVARD,CAMP LEJEUNE,NC,28547,ONSLOW,(910) 450-4292,Emergency Department Care,ED-2b,Admit Decision Time to ED Departure Time for Admitted Patients - Reporting Measure,58,209,2 - Data submitted were based on a sample of cases/patients.,10/1/2016,9/30/2017
45070F,"DARNALL ARMY MEDICAL CENTER, FT. HOOD",36000 DARNALL LOOP,FORT HOOD,TX,76544,BELL,(254) 288-8000,Preventive Care,IMM-2,Influenza Immunization,59,482,2 - Data submitted were based on a sample of cases/patients.,10/1/2016,3/31/2017
10021F,"96TH MEDICAL GROUP, EGLIN","307 BOATNER ROAD, SUITE 114",EGLIN AIR FORCE BASE,FL,32542,OKALOOSA,(850) 883-8600,Emergency Department Care,ED-2b,Admit Decision Time to ED Departure Time for Admitted Patients - Reporting Measure,60,296,2 - Data submitted were based on a sample of cases/patients.,10/1/2016,9/30/2017
29001F,"99TH MEDICAL GROUP, O'CALLAGHAN HOSPITAL, NELLIS",4700 NORTH LAS VEGAS BOULEVARD,NELLIS AIR FORCE BASE,NV,89191,CLARK,(702) 653-2269,Emergency Department Care,ED-2b,Admit Decision Time to ED Departure Time for Admitted Patients - Reporting Measure,61,481,2 - Data submitted were based on a sample of cases/patients.,10/1/2016,9/30/2017
18003F,"BLANCHFIELD ARMY COMMUNITY HOSPITAL, FT. CAMPBELL",650 JOEL DRIVE,FORT CAMPBELL,KY,42223,MONTGOMERY,(270) 798-8400,Emergency Department Care,OP-20,Door to Diagnostic Evaluation by a Qualified Medical Professional,62,489,2 - Data submitted were based on a sample of cases/patients.,10/1/2016,9/30/2017
49005F,"633RD MEDICAL GROUP, LANGLEY-EUSTIS",77 NEALY AVENUE,HAMPTON,VA,23665,HAMPTON CITY,(757) 225-7630,Preventive Care,IMM-2,Influenza Immunization,63,256,2 - Data submitted were based on a sample of cases/patients.,10/1/2016,3/31/2017
05020F,NAVAL HOSPITAL CAMP PENDLETON,200 MERCY CIRCLE,CAMP PENDLETON,CA,92055,SAN DIEGO,(760) 725-1288,Emergency Department Care,OP-21,Median Time to Pain Management for Long Bone Fracture,63,52,,10/1/2016,9/30/2017
NOT/AVAIL,"673RD MEDICAL GROUP, ELMENDORF",5955 ZEAMER AVENUE,ELMENDORF AFB,AK,99506,ANCHORAGE,(907) 384-1110,Emergency Department Care,ED-2b,Admit Decision Time to ED Departure Time for Admitted Patients - Reporting Measure,65,228,2 - Data submitted were based on a sample of cases/patients.,10/1/2016,9/30/2017
42009F,NAVAL HOSPITAL BEAUFORT,1 PINCKNEY BLVD ,BEAUFORT ,SC,29902,BEAUFORT,(843) 228-5600,Preventive Care,IMM-2,Influenza Immunization,66,128,2 - Data submitted were based on a sample of cases/patients.,10/1/2016,3/31/2017
34014F,"WOMACK ARMY MEDICAL CENTER, FT. BRAGG",BUILDING 4-2817 REILLY ROAD,FORT BRAGG,NC,28310,CUMBERLAND,(910) 907-9262,Preventive Care,IMM-2,Influenza Immunization,66,483,2 - Data submitted were based on a sample of cases/patients.,10/1/2016,3/31/2017
06003F,"EVANS ARMY MEDICAL CENTER, FT. CARSON",1650 COCHRANE CIRCLE,FORT CARSON,CO,80913,EL PASO,(719) 526-7000,Preventive Care,IMM-2,Influenza Immunization,68,494,2 - Data submitted were based on a sample of cases/patients.,10/1/2016,3/31/2017
49005F,"633RD MEDICAL GROUP, LANGLEY-EUSTIS",77 NEALY AVENUE,HAMPTON,VA,23665,HAMPTON CITY,(757) 225-7630,Emergency Department Care,ED-2b,Admit Decision Time to ED Departure Time for Admitted Patients - Reporting Measure,70,153,2 - Data submitted were based on a sample of cases/patients.,10/1/2016,9/30/2017
49001F,FT. BELVOIR COMMUNITY HOSPITAL,9300 DEWITT LOOP,FORT BELVOIR,VA,22060,FAIRFAX,(571) 231-3224,Emergency Department Care,ED-2b,Admit Decision Time to ED Departure Time for Admitted Patients - Reporting Measure,70,340,2 - Data submitted were based on a sample of cases/patients.,10/1/2016,9/30/2017
05041F,"WEED ARMY COMMUNITY HOSPITAL, FT. IRWIN",BLDG 390 NORTH LOOK ROAD,FORT IRWIN,CA,92310,SAN BERNARDINO,(866) 957-9224,Emergency Department Care,ED-2b,Admit Decision Time to ED Departure Time for Admitted Patients - Reporting Measure,70,110,2 - Data submitted were based on a sample of cases/patients.,10/1/2016,9/30/2017
34011F,NAVAL HOSPITAL CAMP LEJEUNE,100 BREWSTER BOULEVARD,CAMP LEJEUNE,NC,28547,ONSLOW,(910) 450-4292,Preventive Care,IMM-2,Influenza Immunization,71,458,2 - Data submitted were based on a sample of cases/patients.,10/1/2016,3/31/2017
05015F,"60th MEDICAL GROUP, DAVID GRANT MEDICAL CENTER, TRAVIS",101 BODIN CIRCLE,TRAVIS AIR FORCE BASE,CA,94535,SOLANO,(707) 423-7300,Preventive Care,IMM-2,Influenza Immunization,72,503,2 - Data submitted were based on a sample of cases/patients.,10/1/2016,3/31/2017
10021F,"96TH MEDICAL GROUP, EGLIN","307 BOATNER ROAD, SUITE 114",EGLIN AIR FORCE BASE,FL,32542,OKALOOSA,(850) 883-8600,Preventive Care,IMM-2,Influenza Immunization,73,295,2 - Data submitted were based on a sample of cases/patients.,10/1/2016,3/31/2017
05020F,NAVAL HOSPITAL CAMP PENDLETON,200 MERCY CIRCLE,CAMP PENDLETON,CA,92055,SAN DIEGO,(760) 725-1288,Preventive Care,IMM-2,Influenza Immunization,73,346,2 - Data submitted were based on a sample of cases/patients.,10/1/2016,3/31/2017
NOT/AVAIL,"673RD MEDICAL GROUP, ELMENDORF",5955 ZEAMER AVENUE,ELMENDORF AFB,AK,99506,ANCHORAGE,(907) 384-1110,Emergency Department Care,OP-18b,Median Time from ED Arrival to ED Departure for Discharged ED Patients - Reporting Measure,73,450,2 - Data submitted were based on a sample of cases/patients.,10/1/2016,9/30/2017
45068F,"WILLIAM BEAUMONT ARMY MEDICAL CENTER, FT. BLISS",5005 NORTH PIEDRAS STREET,EL PASO,TX,79920,EL PASO,(915) 742-2121,Emergency Department Care,OP-20,Door to Diagnostic Evaluation by a Qualified Medical Professional,73,471,2 - Data submitted were based on a sample of cases/patients.,10/1/2016,9/30/2017
05039F,NAVAL HOSPITAL TWENTYNINE PALMS,1145 STURGIS ROAD,TWENTYNINE PALMS,CA,92277,SAN BERNARDINO,(760) 830-2190,Emergency Department Care,ED-2b,Admit Decision Time to ED Departure Time for Admitted Patients - Reporting Measure,76,169,2 - Data submitted were based on a sample of cases/patients.,10/1/2016,9/30/2017
36006F,"88TH MEDICAL GROUP, WRIGHT-PATTERSON",4881 SUGAR MAPLE DRIVE,WRIGHT-PATTERSON AFB,OH,45433,GREENE,(937) 257-9926,Preventive Care,IMM-2,Influenza Immunization,76,387,2 - Data submitted were based on a sample of cases/patients.,10/1/2016,3/31/2017
18003F,"BLANCHFIELD ARMY COMMUNITY HOSPITAL, FT. CAMPBELL",650 JOEL DRIVE,FORT CAMPBELL,KY,42223,MONTGOMERY,(270) 798-8400,Emergency Department Care,OP-21,Median Time to Pain Management for Long Bone Fracture,76,28,,10/1/2016,9/30/2017
18003F,"BLANCHFIELD ARMY COMMUNITY HOSPITAL, FT. CAMPBELL",650 JOEL DRIVE,FORT CAMPBELL,KY,42223,MONTGOMERY,(270) 798-8400,Emergency Department Care,ED-2b,Admit Decision Time to ED Departure Time for Admitted Patients - Reporting Measure,77,212,2 - Data submitted were based on a sample of cases/patients.,10/1/2016,9/30/2017
12001F,"TRIPLER ARMY MEDICAL CENTER, FT. SHAFTER",1 JARRETT WHITE ROAD ,HONOLULU,HI,96859,HONOLULU,(808) 433-2778,Emergency Department Care,ED-2b,Admit Decision Time to ED Departure Time for Admitted Patients - Reporting Measure,77,214,2 - Data submitted were based on a sample of cases/patients.,10/1/2016,9/30/2017
11035F,"WINN ARMY COMMUNITY HOSPITAL, FT. STEWART",1061 HARMON AVENUE,FORT STEWART,GA,31314,LIBERTY,(912) 435-6633,Emergency Department Care,ED-2b,Admit Decision Time to ED Departure Time for Admitted Patients - Reporting Measure,77,157,2 - Data submitted were based on a sample of cases/patients.,10/1/2016,9/30/2017
18003F,"BLANCHFIELD ARMY COMMUNITY HOSPITAL, FT. CAMPBELL",650 JOEL DRIVE,FORT CAMPBELL,KY,42223,MONTGOMERY,(270) 798-8400,Preventive Care,IMM-2,Influenza Immunization,77,363,2 - Data submitted were based on a sample of cases/patients.,10/1/2016,3/31/2017
NOT/AVAIL,"673RD MEDICAL GROUP, ELMENDORF",5955 ZEAMER AVENUE,ELMENDORF AFB,AK,99506,ANCHORAGE,(907) 384-1110,Preventive Care,IMM-2,Influenza Immunization,78,284,2 - Data submitted were based on a sample of cases/patients.,10/1/2016,3/31/2017
25039F,"81ST MEDICAL GROUP, KEESLER","301 FISHER STREET, ROOM 1A132",KEESLER AFB,MS,39534,HARRISON,(228) 377-6393,Preventive Care,IMM-2,Influenza Immunization,79,309,2 - Data submitted were based on a sample of cases/patients.,10/1/2016,3/31/2017
36006F,"88TH MEDICAL GROUP, WRIGHT-PATTERSON",4881 SUGAR MAPLE DRIVE,WRIGHT-PATTERSON AFB,OH,45433,GREENE,(937) 257-9926,Emergency Department Care,ED-2b,Admit Decision Time to ED Departure Time for Admitted Patients - Reporting Measure,80,372,2 - Data submitted were based on a sample of cases/patients.,10/1/2016,9/30/2017
19050F,"BAYNES JONES ARMY COMMUNITY HOSPITAL, FT. POLK",1585 THIRD STREET,FORT POLK,LA,71459,VERNON,(337) 531-3118,Emergency Department Care,ED-2b,Admit Decision Time to ED Departure Time for Admitted Patients - Reporting Measure,80,119,2 - Data submitted were based on a sample of cases/patients.,10/1/2016,9/30/2017
NOT/AVAIL,"BASSETT ARMY COMMUNITY HOSPITAL, FT. WAINWRIGHT",4076 NEELY RD,FORT WAINWRIGHT,AK,99703,FAIRBANKS NORTH STAR,(907) 361-4000,Preventive Care,IMM-2,Influenza Immunization,81,216,2 - Data submitted were based on a sample of cases/patients.,10/1/2016,3/31/2017
10013F,NAVAL HOSPITAL JACKSONVILLE,2080 CHILD STREET,JACKSONVILLE,FL,32214,DUVAL,(904) 542-7300,Preventive Care,IMM-2,Influenza Immunization,81,323,2 - Data submitted were based on a sample of cases/patients.,10/1/2016,3/31/2017
05039F,NAVAL HOSPITAL TWENTYNINE PALMS,1145 STURGIS ROAD,TWENTYNINE PALMS,CA,92277,SAN BERNARDINO,(760) 830-2190,Preventive Care,IMM-2,Influenza Immunization,81,244,2 - Data submitted were based on a sample of cases/patients.,10/1/2016,3/31/2017
11032F,"MARTIN ARMY COMMUNITY HOSPITAL, FT. BENNING",6600 VAN AALST BOULEVARD,FORT BENNING,GA,31905,CHATTAHOOCHEE,(762) 408-2604,Emergency Department Care,OP-21,Median Time to Pain Management for Long Bone Fracture,82,45,,10/1/2016,9/30/2017
11033F,"EISENHOWER ARMY MEDICAL CENTER, FT. GORDON",300 EAST HOSPITAL ROAD,FORT GORDON,GA,30905,RICHMOND,(706) 787-5811,Emergency Department Care,ED-2b,Admit Decision Time to ED Departure Time for Admitted Patients - Reporting Measure,84,587,2 - Data submitted were based on a sample of cases/patients.,10/1/2016,9/30/2017
49001F,FT. BELVOIR COMMUNITY HOSPITAL,9300 DEWITT LOOP,FORT BELVOIR,VA,22060,FAIRFAX,(571) 231-3224,Preventive Care,IMM-2,Influenza Immunization,85,496,2 - Data submitted were based on a sample of cases/patients.,10/1/2016,3/31/2017
50014F,NAVAL HOSPITAL OAK HARBOR,"3475 NORTH SARATOGA STREET, BUILDING 993",OAK HARBOR,WA,98278,ISLAND,(360) 257-9500,Preventive Care,IMM-2,Influenza Immunization,85,124,2 - Data submitted were based on a sample of cases/patients.,10/1/2016,3/31/2017
10018F,NAVAL HOSPITAL PENSACOLA,6000 WEST HIGHWAY 98,PENSACOLA,FL,32512,ESCAMBIA,(850) 505-6601,Preventive Care,IMM-2,Influenza Immunization,85,247,2 - Data submitted were based on a sample of cases/patients.,10/1/2016,3/31/2017
05022F,NAVAL MEDICAL CENTER SAN DIEGO,34800 BOB WILSON DRIVE,SAN DIEGO,CA,92134,SAN DIEGO,(619) 532-6392,Preventive Care,IMM-2,Influenza Immunization,85,373,2 - Data submitted were based on a sample of cases/patients.,10/1/2016,3/31/2017
25039F,"81ST MEDICAL GROUP, KEESLER","301 FISHER STREET, ROOM 1A132",KEESLER AFB,MS,39534,HARRISON,(228) 377-6393,Emergency Department Care,OP-21,Median Time to Pain Management for Long Bone Fracture,86,47,,10/1/2016,9/30/2017
45069F,"BROOKE ARMY MEDICAL CENTER, FT. SAM HOUSTON",3551 ROGER BROOKE DRIVE,FORT SAM HOUSTON,TX,78234,BEXAR,(210) 916-4141,Emergency Department Care,ED-2b,Admit Decision Time to ED Departure Time for Admitted Patients - Reporting Measure,90,570,2 - Data submitted were based on a sample of cases/patients.,10/1/2016,9/30/2017
06003F,"EVANS ARMY MEDICAL CENTER, FT. CARSON",1650 COCHRANE CIRCLE,FORT CARSON,CO,80913,EL PASO,(719) 526-7000,Emergency Department Care,ED-2b,Admit Decision Time to ED Departure Time for Admitted Patients - Reporting Measure,90,96,2 - Data submitted were based on a sample of cases/patients.,10/1/2016,9/30/2017
29001F,"99TH MEDICAL GROUP, O'CALLAGHAN HOSPITAL, NELLIS",4700 NORTH LAS VEGAS BOULEVARD,NELLIS AIR FORCE BASE,NV,89191,CLARK,(702) 653-2269,Preventive Care,IMM-2,Influenza Immunization,90,382,2 - Data submitted were based on a sample of cases/patients.,10/1/2016,3/31/2017
05039F,NAVAL HOSPITAL TWENTYNINE PALMS,1145 STURGIS ROAD,TWENTYNINE PALMS,CA,92277,SAN BERNARDINO,(760) 830-2190,Emergency Department Care,OP-18b,Median Time from ED Arrival to ED Departure for Discharged ED Patients - Reporting Measure,93,447,2 - Data submitted were based on a sample of cases/patients.,10/1/2016,9/30/2017
36006F,"88TH MEDICAL GROUP, WRIGHT-PATTERSON",4881 SUGAR MAPLE DRIVE,WRIGHT-PATTERSON AFB,OH,45433,GREENE,(937) 257-9926,Emergency Department Care,OP-18b,Median Time from ED Arrival to ED Departure for Discharged ED Patients - Reporting Measure,94,460,2 - Data submitted were based on a sample of cases/patients.,10/1/2016,9/30/2017
12001F,"TRIPLER ARMY MEDICAL CENTER, FT. SHAFTER",1 JARRETT WHITE ROAD ,HONOLULU,HI,96859,HONOLULU,(808) 433-2778,Emergency Department Care,OP-21,Median Time to Pain Management for Long Bone Fracture,94,93,,10/1/2016,9/30/2017
33025F,"KELLER ARMY COMMUNITY HOSPITAL, WEST POINT",900 WASHINGTON ROAD,WEST POINT,NY,10996,ORANGE,(845) 938-4034,Emergency Department Care,ED-2b,Admit Decision Time to ED Departure Time for Admitted Patients - Reporting Measure,95,119,2 - Data submitted were based on a sample of cases/patients.,10/1/2016,9/30/2017
50005F,"MADIGAN ARMY MEDICAL CENTER, FT. LEWIS",BUILDING 9040 JACKSON AVENUE,TACOMA,WA,98431,PIERCE,(253) 968-1110,Emergency Department Care,ED-2b,Admit Decision Time to ED Departure Time for Admitted Patients - Reporting Measure,95,483,2 - Data submitted were based on a sample of cases/patients.,10/1/2016,9/30/2017
50006F,NAVAL HOSPITAL BREMERTON,1 BOONE ROAD,BREMERTON,WA,98312,KITSAP,(360) 475-4232,Preventive Care,IMM-2,Influenza Immunization,97,227,2 - Data submitted were based on a sample of cases/patients.,10/1/2016,3/31/2017
25039F,"81ST MEDICAL GROUP, KEESLER","301 FISHER STREET, ROOM 1A132",KEESLER AFB,MS,39534,HARRISON,(228) 377-6393,Emergency Department Care,OP-18b,Median Time from ED Arrival to ED Departure for Discharged ED Patients - Reporting Measure,98,491,2 - Data submitted were based on a sample of cases/patients.,10/1/2016,9/30/2017
10021F,"96TH MEDICAL GROUP, EGLIN","307 BOATNER ROAD, SUITE 114",EGLIN AIR FORCE BASE,FL,32542,OKALOOSA,(850) 883-8600,Emergency Department Care,OP-18b,Median Time from ED Arrival to ED Departure for Discharged ED Patients - Reporting Measure,98,427,2 - Data submitted were based on a sample of cases/patients.,10/1/2016,9/30/2017
45068F,"WILLIAM BEAUMONT ARMY MEDICAL CENTER, FT. BLISS",5005 NORTH PIEDRAS STREET,EL PASO,TX,79920,EL PASO,(915) 742-2121,Emergency Department Care,OP-21,Median Time to Pain Management for Long Bone Fracture,100,68,,10/1/2016,9/30/2017
45070F,"DARNALL ARMY MEDICAL CENTER, FT. HOOD",36000 DARNALL LOOP,FORT HOOD,TX,76544,BELL,(254) 288-8000,Emergency Department Care,ED-2b,Admit Decision Time to ED Departure Time for Admitted Patients - Reporting Measure,102,224,2 - Data submitted were based on a sample of cases/patients.,10/1/2016,9/30/2017
05022F,NAVAL MEDICAL CENTER SAN DIEGO,34800 BOB WILSON DRIVE,SAN DIEGO,CA,92134,SAN DIEGO,(619) 532-6392,Emergency Department Care,ED-2b,Admit Decision Time to ED Departure Time for Admitted Patients - Reporting Measure,105,392,2 - Data submitted were based on a sample of cases/patients.,10/1/2016,9/30/2017
05015F,"60th MEDICAL GROUP, DAVID GRANT MEDICAL CENTER, TRAVIS",101 BODIN CIRCLE,TRAVIS AIR FORCE BASE,CA,94535,SOLANO,(707) 423-7300,Emergency Department Care,ED-2b,Admit Decision Time to ED Departure Time for Admitted Patients - Reporting Measure,106,489,2 - Data submitted were based on a sample of cases/patients.,10/1/2016,9/30/2017
NOT/AVAIL,"BASSETT ARMY COMMUNITY HOSPITAL, FT. WAINWRIGHT",4076 NEELY RD,FORT WAINWRIGHT,AK,99703,FAIRBANKS NORTH STAR,(907) 361-4000,Emergency Department Care,OP-18b,Median Time from ED Arrival to ED Departure for Discharged ED Patients - Reporting Measure,106,475,2 - Data submitted were based on a sample of cases/patients.,10/1/2016,9/30/2017
26002F,"GENERAL LEONARD WOOD ARMY COMMUNITY HOSPITAL, FT. LEONARD WOOD",126 MISSOURI AVENUE,FORT LEONARD WOOD,MO,65473,PULASKI,(573) 596-0035,Emergency Department Care,ED-2b,Admit Decision Time to ED Departure Time for Admitted Patients - Reporting Measure,107,57,2 - Data submitted were based on a sample of cases/patients.,10/1/2016,9/30/2017
10013F,NAVAL HOSPITAL JACKSONVILLE,2080 CHILD STREET,JACKSONVILLE,FL,32214,DUVAL,(904) 542-7300,Emergency Department Care,ED-2b,Admit Decision Time to ED Departure Time for Admitted Patients - Reporting Measure,109,295,2 - Data submitted were based on a sample of cases/patients.,10/1/2016,9/30/2017
05020F,NAVAL HOSPITAL CAMP PENDLETON,200 MERCY CIRCLE,CAMP PENDLETON,CA,92055,SAN DIEGO,(760) 725-1288,Emergency Department Care,OP-18b,Median Time from ED Arrival to ED Departure for Discharged ED Patients - Reporting Measure,109,471,2 - Data submitted were based on a sample of cases/patients.,10/1/2016,9/30/2017
11035F,"WINN ARMY COMMUNITY HOSPITAL, FT. STEWART",1061 HARMON AVENUE,FORT STEWART,GA,31314,LIBERTY,(912) 435-6633,Emergency Department Care,OP-18b,Median Time from ED Arrival to ED Departure for Discharged ED Patients - Reporting Measure,110,462,2 - Data submitted were based on a sample of cases/patients.,10/1/2016,9/30/2017
21007F,"WALTER REED NATIONAL MEDICAL CENTER, BETHESDA",8901 WISCONSIN AVENUE,BETHESDA,MD,20889,MONTGOMERY,(301) 295-4000,Emergency Department Care,OP-21,Median Time to Pain Management for Long Bone Fracture,116,78,,10/1/2016,9/30/2017
17002F,"IRWIN ARMY COMMUNITY HOSPITAL, FT. RILEY",650 HUEBNER ROAD,FORT RILEY,KS,66442,GEARY,(785) 239-7000,Emergency Department Care,ED-2b,Admit Decision Time to ED Departure Time for Admitted Patients - Reporting Measure,117,146,2 - Data submitted were based on a sample of cases/patients.,10/1/2016,9/30/2017
45068F,"WILLIAM BEAUMONT ARMY MEDICAL CENTER, FT. BLISS",5005 NORTH PIEDRAS STREET,EL PASO,TX,79920,EL PASO,(915) 742-2121,Emergency Department Care,ED-2b,Admit Decision Time to ED Departure Time for Admitted Patients - Reporting Measure,118,422,2 - Data submitted were based on a sample of cases/patients.,10/1/2016,9/30/2017
34014F,"WOMACK ARMY MEDICAL CENTER, FT. BRAGG",BUILDING 4-2817 REILLY ROAD,FORT BRAGG,NC,28310,CUMBERLAND,(910) 907-9262,Emergency Department Care,ED-2b,Admit Decision Time to ED Departure Time for Admitted Patients - Reporting Measure,118,308,2 - Data submitted were based on a sample of cases/patients.,10/1/2016,9/30/2017
05020F,NAVAL HOSPITAL CAMP PENDLETON,200 MERCY CIRCLE,CAMP PENDLETON,CA,92055,SAN DIEGO,(760) 725-1288,Emergency Department Care,ED-2b,Admit Decision Time to ED Departure Time for Admitted Patients - Reporting Measure,123,295,2 - Data submitted were based on a sample of cases/patients.,10/1/2016,9/30/2017
11033F,"EISENHOWER ARMY MEDICAL CENTER, FT. GORDON",300 EAST HOSPITAL ROAD,FORT GORDON,GA,30905,RICHMOND,(706) 787-5811,Emergency Department Care,OP-18b,Median Time from ED Arrival to ED Departure for Discharged ED Patients - Reporting Measure,126,418,2 - Data submitted were based on a sample of cases/patients.,10/1/2016,9/30/2017
49008F,NAVAL MEDICAL CENTER PORTSMOUTH,620 JOHN PAUL JONES CIRCLE,PORTSMOUTH,VA,23708,PORTSMOUTH CITY,(757) 953-5008,Emergency Department Care,ED-2b,Admit Decision Time to ED Departure Time for Admitted Patients - Reporting Measure,131,262,2 - Data submitted were based on a sample of cases/patients.,10/1/2016,9/30/2017
18003F,"BLANCHFIELD ARMY COMMUNITY HOSPITAL, FT. CAMPBELL",650 JOEL DRIVE,FORT CAMPBELL,KY,42223,MONTGOMERY,(270) 798-8400,Emergency Department Care,OP-18b,Median Time from ED Arrival to ED Departure for Discharged ED Patients - Reporting Measure,135,465,2 - Data submitted were based on a sample of cases/patients.,10/1/2016,9/30/2017
11032F,"MARTIN ARMY COMMUNITY HOSPITAL, FT. BENNING",6600 VAN AALST BOULEVARD,FORT BENNING,GA,31905,CHATTAHOOCHEE,(762) 408-2604,Emergency Department Care,OP-18b,Median Time from ED Arrival to ED Departure for Discharged ED Patients - Reporting Measure,145,467,2 - Data submitted were based on a sample of cases/patients.,10/1/2016,9/30/2017
12001F,"TRIPLER ARMY MEDICAL CENTER, FT. SHAFTER",1 JARRETT WHITE ROAD ,HONOLULU,HI,96859,HONOLULU,(808) 433-2778,Emergency Department Care,OP-18b,Median Time from ED Arrival to ED Departure for Discharged ED Patients - Reporting Measure,145,426,2 - Data submitted were based on a sample of cases/patients.,10/1/2016,9/30/2017
21007F,"WALTER REED NATIONAL MEDICAL CENTER, BETHESDA",8901 WISCONSIN AVENUE,BETHESDA,MD,20889,MONTGOMERY,(301) 295-4000,Emergency Department Care,ED-2b,Admit Decision Time to ED Departure Time for Admitted Patients - Reporting Measure,147,358,2 - Data submitted were based on a sample of cases/patients.,10/1/2016,9/30/2017
25039F,"81ST MEDICAL GROUP, KEESLER","301 FISHER STREET, ROOM 1A132",KEESLER AFB,MS,39534,HARRISON,(228) 377-6393,Emergency Department Care,ED-2b,Admit Decision Time to ED Departure Time for Admitted Patients - Reporting Measure,151,249,2 - Data submitted were based on a sample of cases/patients.,10/1/2016,9/30/2017
45068F,"WILLIAM BEAUMONT ARMY MEDICAL CENTER, FT. BLISS",5005 NORTH PIEDRAS STREET,EL PASO,TX,79920,EL PASO,(915) 742-2121,Emergency Department Care,OP-18b,Median Time from ED Arrival to ED Departure for Discharged ED Patients - Reporting Measure,152,445,2 - Data submitted were based on a sample of cases/patients.,10/1/2016,9/30/2017
11032F,"MARTIN ARMY COMMUNITY HOSPITAL, FT. BENNING",6600 VAN AALST BOULEVARD,FORT BENNING,GA,31905,CHATTAHOOCHEE,(762) 408-2604,Emergency Department Care,ED-2b,Admit Decision Time to ED Departure Time for Admitted Patients - Reporting Measure,154,318,2 - Data submitted were based on a sample of cases/patients.,10/1/2016,9/30/2017
45069F,"BROOKE ARMY MEDICAL CENTER, FT. SAM HOUSTON",3551 ROGER BROOKE DRIVE,FORT SAM HOUSTON,TX,78234,BEXAR,(210) 916-4141,Emergency Department Care,OP-18b,Median Time from ED Arrival to ED Departure for Discharged ED Patients - Reporting Measure,154,317,2 - Data submitted were based on a sample of cases/patients.,10/1/2016,9/30/2017
21007F,"WALTER REED NATIONAL MEDICAL CENTER, BETHESDA",8901 WISCONSIN AVENUE,BETHESDA,MD,20889,MONTGOMERY,(301) 295-4000,Emergency Department Care,OP-18b,Median Time from ED Arrival to ED Departure for Discharged ED Patients - Reporting Measure,181,429,2 - Data submitted were based on a sample of cases/patients.,10/1/2016,9/30/2017
NOT/AVAIL,"673RD MEDICAL GROUP, ELMENDORF",5955 ZEAMER AVENUE,ELMENDORF AFB,AK,99506,ANCHORAGE,(907) 384-1110,Emergency Department Care,ED-1b,Median Time from ED Arrival to ED Departure for Admitted ED Patients - Reporting Measure,223,230,2 - Data submitted were based on a sample of cases/patients.,10/1/2016,9/30/2017
29001F,"99TH MEDICAL GROUP, O'CALLAGHAN HOSPITAL, NELLIS",4700 NORTH LAS VEGAS BOULEVARD,NELLIS AIR FORCE BASE,NV,89191,CLARK,(702) 653-2269,Emergency Department Care,ED-1b,Median Time from ED Arrival to ED Departure for Admitted ED Patients - Reporting Measure,227,481,2 - Data submitted were based on a sample of cases/patients.,10/1/2016,9/30/2017
10021F,"96TH MEDICAL GROUP, EGLIN","307 BOATNER ROAD, SUITE 114",EGLIN AIR FORCE BASE,FL,32542,OKALOOSA,(850) 883-8600,Emergency Department Care,ED-1b,Median Time from ED Arrival to ED Departure for Admitted ED Patients - Reporting Measure,229,299,2 - Data submitted were based on a sample of cases/patients.,10/1/2016,9/30/2017
05039F,NAVAL HOSPITAL TWENTYNINE PALMS,1145 STURGIS ROAD,TWENTYNINE PALMS,CA,92277,SAN BERNARDINO,(760) 830-2190,Emergency Department Care,ED-1b,Median Time from ED Arrival to ED Departure for Admitted ED Patients - Reporting Measure,232,171,2 - Data submitted were based on a sample of cases/patients.,10/1/2016,9/30/2017
19050F,"BAYNES JONES ARMY COMMUNITY HOSPITAL, FT. POLK",1585 THIRD STREET,FORT POLK,LA,71459,VERNON,(337) 531-3118,Emergency Department Care,ED-1b,Median Time from ED Arrival to ED Departure for Admitted ED Patients - Reporting Measure,238,142,2 - Data submitted were based on a sample of cases/patients.,10/1/2016,9/30/2017
34011F,NAVAL HOSPITAL CAMP LEJEUNE,100 BREWSTER BOULEVARD,CAMP LEJEUNE,NC,28547,ONSLOW,(910) 450-4292,Emergency Department Care,ED-1b,Median Time from ED Arrival to ED Departure for Admitted ED Patients - Reporting Measure,251,210,2 - Data submitted were based on a sample of cases/patients.,10/1/2016,9/30/2017
36006F,"88TH MEDICAL GROUP, WRIGHT-PATTERSON",4881 SUGAR MAPLE DRIVE,WRIGHT-PATTERSON AFB,OH,45433,GREENE,(937) 257-9926,Emergency Department Care,ED-1b,Median Time from ED Arrival to ED Departure for Admitted ED Patients - Reporting Measure,252,384,2 - Data submitted were based on a sample of cases/patients.,10/1/2016,9/30/2017
33025F,"KELLER ARMY COMMUNITY HOSPITAL, WEST POINT",900 WASHINGTON ROAD,WEST POINT,NY,10996,ORANGE,(845) 938-4034,Emergency Department Care,ED-1b,Median Time from ED Arrival to ED Departure for Admitted ED Patients - Reporting Measure,259,120,2 - Data submitted were based on a sample of cases/patients.,10/1/2016,9/30/2017
17002F,"IRWIN ARMY COMMUNITY HOSPITAL, FT. RILEY",650 HUEBNER ROAD,FORT RILEY,KS,66442,GEARY,(785) 239-7000,Emergency Department Care,ED-1b,Median Time from ED Arrival to ED Departure for Admitted ED Patients - Reporting Measure,261,147,2 - Data submitted were based on a sample of cases/patients.,10/1/2016,9/30/2017
26002F,"GENERAL LEONARD WOOD ARMY COMMUNITY HOSPITAL, FT. LEONARD WOOD",126 MISSOURI AVENUE,FORT LEONARD WOOD,MO,65473,PULASKI,(573) 596-0035,Emergency Department Care,ED-1b,Median Time from ED Arrival to ED Departure for Admitted ED Patients - Reporting Measure,271,77,2 - Data submitted were based on a sample of cases/patients.,10/1/2016,9/30/2017
11033F,"EISENHOWER ARMY MEDICAL CENTER, FT. GORDON",300 EAST HOSPITAL ROAD,FORT GORDON,GA,30905,RICHMOND,(706) 787-5811,Emergency Department Care,ED-1b,Median Time from ED Arrival to ED Departure for Admitted ED Patients - Reporting Measure,273,589,2 - Data submitted were based on a sample of cases/patients.,10/1/2016,9/30/2017
49005F,"633RD MEDICAL GROUP, LANGLEY-EUSTIS",77 NEALY AVENUE,HAMPTON,VA,23665,HAMPTON CITY,(757) 225-7630,Emergency Department Care,ED-1b,Median Time from ED Arrival to ED Departure for Admitted ED Patients - Reporting Measure,275,153,2 - Data submitted were based on a sample of cases/patients.,10/1/2016,9/30/2017
05041F,"WEED ARMY COMMUNITY HOSPITAL, FT. IRWIN",BLDG 390 NORTH LOOK ROAD,FORT IRWIN,CA,92310,SAN BERNARDINO,(866) 957-9224,Emergency Department Care,ED-1b,Median Time from ED Arrival to ED Departure for Admitted ED Patients - Reporting Measure,279,113,2 - Data submitted were based on a sample of cases/patients.,10/1/2016,9/30/2017
05015F,"60th MEDICAL GROUP, DAVID GRANT MEDICAL CENTER, TRAVIS",101 BODIN CIRCLE,TRAVIS AIR FORCE BASE,CA,94535,SOLANO,(707) 423-7300,Emergency Department Care,ED-1b,Median Time from ED Arrival to ED Departure for Admitted ED Patients - Reporting Measure,284,490,2 - Data submitted were based on a sample of cases/patients.,10/1/2016,9/30/2017
NOT/AVAIL,"BASSETT ARMY COMMUNITY HOSPITAL, FT. WAINWRIGHT",4076 NEELY RD,FORT WAINWRIGHT,AK,99703,FAIRBANKS NORTH STAR,(907) 361-4000,Emergency Department Care,ED-1b,Median Time from ED Arrival to ED Departure for Admitted ED Patients - Reporting Measure,285,53,2 - Data submitted were based on a sample of cases/patients.,10/1/2016,9/30/2017
18003F,"BLANCHFIELD ARMY COMMUNITY HOSPITAL, FT. CAMPBELL",650 JOEL DRIVE,FORT CAMPBELL,KY,42223,MONTGOMERY,(270) 798-8400,Emergency Department Care,ED-1b,Median Time from ED Arrival to ED Departure for Admitted ED Patients - Reporting Measure,289,224,2 - Data submitted were based on a sample of cases/patients.,10/1/2016,9/30/2017
06003F,"EVANS ARMY MEDICAL CENTER, FT. CARSON",1650 COCHRANE CIRCLE,FORT CARSON,CO,80913,EL PASO,(719) 526-7000,Emergency Department Care,ED-1b,Median Time from ED Arrival to ED Departure for Admitted ED Patients - Reporting Measure,292,99,2 - Data submitted were based on a sample of cases/patients.,10/1/2016,9/30/2017
11035F,"WINN ARMY COMMUNITY HOSPITAL, FT. STEWART",1061 HARMON AVENUE,FORT STEWART,GA,31314,LIBERTY,(912) 435-6633,Emergency Department Care,ED-1b,Median Time from ED Arrival to ED Departure for Admitted ED Patients - Reporting Measure,294,161,2 - Data submitted were based on a sample of cases/patients.,10/1/2016,9/30/2017
25039F,"81ST MEDICAL GROUP, KEESLER","301 FISHER STREET, ROOM 1A132",KEESLER AFB,MS,39534,HARRISON,(228) 377-6393,Emergency Department Care,ED-1b,Median Time from ED Arrival to ED Departure for Admitted ED Patients - Reporting Measure,299,249,2 - Data submitted were based on a sample of cases/patients.,10/1/2016,9/30/2017
10013F,NAVAL HOSPITAL JACKSONVILLE,2080 CHILD STREET,JACKSONVILLE,FL,32214,DUVAL,(904) 542-7300,Emergency Department Care,ED-1b,Median Time from ED Arrival to ED Departure for Admitted ED Patients - Reporting Measure,300,297,2 - Data submitted were based on a sample of cases/patients.,10/1/2016,9/30/2017
50005F,"MADIGAN ARMY MEDICAL CENTER, FT. LEWIS",BUILDING 9040 JACKSON AVENUE,TACOMA,WA,98431,PIERCE,(253) 968-1110,Emergency Department Care,ED-1b,Median Time from ED Arrival to ED Departure for Admitted ED Patients - Reporting Measure,301,494,2 - Data submitted were based on a sample of cases/patients.,10/1/2016,9/30/2017
05020F,NAVAL HOSPITAL CAMP PENDLETON,200 MERCY CIRCLE,CAMP PENDLETON,CA,92055,SAN DIEGO,(760) 725-1288,Emergency Department Care,ED-1b,Median Time from ED Arrival to ED Departure for Admitted ED Patients - Reporting Measure,305,302,2 - Data submitted were based on a sample of cases/patients.,10/1/2016,9/30/2017
05022F,NAVAL MEDICAL CENTER SAN DIEGO,34800 BOB WILSON DRIVE,SAN DIEGO,CA,92134,SAN DIEGO,(619) 532-6392,Emergency Department Care,ED-1b,Median Time from ED Arrival to ED Departure for Admitted ED Patients - Reporting Measure,309,395,2 - Data submitted were based on a sample of cases/patients.,10/1/2016,9/30/2017
45068F,"WILLIAM BEAUMONT ARMY MEDICAL CENTER, FT. BLISS",5005 NORTH PIEDRAS STREET,EL PASO,TX,79920,EL PASO,(915) 742-2121,Emergency Department Care,ED-1b,Median Time from ED Arrival to ED Departure for Admitted ED Patients - Reporting Measure,310,431,2 - Data submitted were based on a sample of cases/patients.,10/1/2016,9/30/2017
45069F,"BROOKE ARMY MEDICAL CENTER, FT. SAM HOUSTON",3551 ROGER BROOKE DRIVE,FORT SAM HOUSTON,TX,78234,BEXAR,(210) 916-4141,Emergency Department Care,ED-1b,Median Time from ED Arrival to ED Departure for Admitted ED Patients - Reporting Measure,337,573,2 - Data submitted were based on a sample of cases/patients.,10/1/2016,9/30/2017
34014F,"WOMACK ARMY MEDICAL CENTER, FT. BRAGG",BUILDING 4-2817 REILLY ROAD,FORT BRAGG,NC,28310,CUMBERLAND,(910) 907-9262,Emergency Department Care,ED-1b,Median Time from ED Arrival to ED Departure for Admitted ED Patients - Reporting Measure,339,315,2 - Data submitted were based on a sample of cases/patients.,10/1/2016,9/30/2017
11032F,"MARTIN ARMY COMMUNITY HOSPITAL, FT. BENNING",6600 VAN AALST BOULEVARD,FORT BENNING,GA,31905,CHATTAHOOCHEE,(762) 408-2604,Emergency Department Care,ED-1b,Median Time from ED Arrival to ED Departure for Admitted ED Patients - Reporting Measure,355,356,2 - Data submitted were based on a sample of cases/patients.,10/1/2016,9/30/2017
12001F,"TRIPLER ARMY MEDICAL CENTER, FT. SHAFTER",1 JARRETT WHITE ROAD ,HONOLULU,HI,96859,HONOLULU,(808) 433-2778,Emergency Department Care,ED-1b,Median Time from ED Arrival to ED Departure for Admitted ED Patients - Reporting Measure,355,269,2 - Data submitted were based on a sample of cases/patients.,10/1/2016,9/30/2017
21007F,"WALTER REED NATIONAL MEDICAL CENTER, BETHESDA",8901 WISCONSIN AVENUE,BETHESDA,MD,20889,MONTGOMERY,(301) 295-4000,Emergency Department Care,ED-1b,Median Time from ED Arrival to ED Departure for Admitted ED Patients - Reporting Measure,365,368,2 - Data submitted were based on a sample of cases/patients.,10/1/2016,9/30/2017
49008F,NAVAL MEDICAL CENTER PORTSMOUTH,620 JOHN PAUL JONES CIRCLE,PORTSMOUTH,VA,23708,PORTSMOUTH CITY,(757) 953-5008,Emergency Department Care,ED-1b,Median Time from ED Arrival to ED Departure for Admitted ED Patients - Reporting Measure,367,262,2 - Data submitted were based on a sample of cases/patients.,10/1/2016,9/30/2017
49001F,FT. BELVOIR COMMUNITY HOSPITAL,9300 DEWITT LOOP,FORT BELVOIR,VA,22060,FAIRFAX,(571) 231-3224,Emergency Department Care,ED-1b,Median Time from ED Arrival to ED Departure for Admitted ED Patients - Reporting Measure,371,374,2 - Data submitted were based on a sample of cases/patients.,10/1/2016,9/30/2017
45070F,"DARNALL ARMY MEDICAL CENTER, FT. HOOD",36000 DARNALL LOOP,FORT HOOD,TX,76544,BELL,(254) 288-8000,Emergency Department Care,ED-1b,Median Time from ED Arrival to ED Departure for Admitted ED Patients - Reporting Measure,404,232,2 - Data submitted were based on a sample of cases/patients.,10/1/2016,9/30/2017
NOT/AVAIL,"673RD MEDICAL GROUP, ELMENDORF",5955 ZEAMER AVENUE,ELMENDORF AFB,AK,99506,ANCHORAGE,(907) 384-1110,Heart Attack Care,OP-2,Fibrinolytic Therapy Received within 30 minutes of Emergency Department Arrival,Not Available,Not Available,7 - No cases met the criteria for this measure.,10/1/2016,9/30/2017
25039F,"81ST MEDICAL GROUP, KEESLER","301 FISHER STREET, ROOM 1A132",KEESLER AFB,MS,39534,HARRISON,(228) 377-6393,Heart Attack Care,OP-2,Fibrinolytic Therapy Received within 30 minutes of Emergency Department Arrival,Not Available,Not Available,7 - No cases met the criteria for this measure.,10/1/2016,9/30/2017
36006F,"88TH MEDICAL GROUP, WRIGHT-PATTERSON",4881 SUGAR MAPLE DRIVE,WRIGHT-PATTERSON AFB,OH,45433,GREENE,(937) 257-9926,Heart Attack Care,OP-2,Fibrinolytic Therapy Received within 30 minutes of Emergency Department Arrival,Not Available,Not Available,7 - No cases met the criteria for this measure.,10/1/2016,9/30/2017
10021F,"96TH MEDICAL GROUP, EGLIN","307 BOATNER ROAD, SUITE 114",EGLIN AIR FORCE BASE,FL,32542,OKALOOSA,(850) 883-8600,Heart Attack Care,OP-2,Fibrinolytic Therapy Received within 30 minutes of Emergency Department Arrival,Not Available,Not Available,7 - No cases met the criteria for this measure.,10/1/2016,9/30/2017
NOT/AVAIL,"BASSETT ARMY COMMUNITY HOSPITAL, FT. WAINWRIGHT",4076 NEELY RD,FORT WAINWRIGHT,AK,99703,FAIRBANKS NORTH STAR,(907) 361-4000,Heart Attack Care,OP-2,Fibrinolytic Therapy Received within 30 minutes of Emergency Department Arrival,Not Available,Not Available,7 - No cases met the criteria for this measure.,10/1/2016,9/30/2017
18003F,"BLANCHFIELD ARMY COMMUNITY HOSPITAL, FT. CAMPBELL",650 JOEL DRIVE,FORT CAMPBELL,KY,42223,MONTGOMERY,(270) 798-8400,Heart Attack Care,OP-2,Fibrinolytic Therapy Received within 30 minutes of Emergency Department Arrival,Not Available,Not Available,7 - No cases met the criteria for this measure.,10/1/2016,9/30/2017
45069F,"BROOKE ARMY MEDICAL CENTER, FT. SAM HOUSTON",3551 ROGER BROOKE DRIVE,FORT SAM HOUSTON,TX,78234,BEXAR,(210) 916-4141,Heart Attack Care,OP-2,Fibrinolytic Therapy Received within 30 minutes of Emergency Department Arrival,Not Available,Not Available,7 - No cases met the criteria for this measure.,10/1/2016,9/30/2017
11033F,"EISENHOWER ARMY MEDICAL CENTER, FT. GORDON",300 EAST HOSPITAL ROAD,FORT GORDON,GA,30905,RICHMOND,(706) 787-5811,Heart Attack Care,OP-2,Fibrinolytic Therapy Received within 30 minutes of Emergency Department Arrival,Not Available,Not Available,7 - No cases met the criteria for this measure.,10/1/2016,9/30/2017
33025F,"KELLER ARMY COMMUNITY HOSPITAL, WEST POINT",900 WASHINGTON ROAD,WEST POINT,NY,10996,ORANGE,(845) 938-4034,Heart Attack Care,OP-2,Fibrinolytic Therapy Received within 30 minutes of Emergency Department Arrival,Not Available,Not Available,7 - No cases met the criteria for this measure.,10/1/2016,9/30/2017
11032F,"MARTIN ARMY COMMUNITY HOSPITAL, FT. BENNING",6600 VAN AALST BOULEVARD,FORT BENNING,GA,31905,CHATTAHOOCHEE,(762) 408-2604,Heart Attack Care,OP-2,Fibrinolytic Therapy Received within 30 minutes of Emergency Department Arrival,Not Available,Not Available,7 - No cases met the criteria for this measure.,10/1/2016,9/30/2017
05020F,NAVAL HOSPITAL CAMP PENDLETON,200 MERCY CIRCLE,CAMP PENDLETON,CA,92055,SAN DIEGO,(760) 725-1288,Heart Attack Care,OP-2,Fibrinolytic Therapy Received within 30 minutes of Emergency Department Arrival,Not Available,Not Available,7 - No cases met the criteria for this measure.,10/1/2016,9/30/2017
05039F,NAVAL HOSPITAL TWENTYNINE PALMS,1145 STURGIS ROAD,TWENTYNINE PALMS,CA,92277,SAN BERNARDINO,(760) 830-2190,Heart Attack Care,OP-2,Fibrinolytic Therapy Received within 30 minutes of Emergency Department Arrival,Not Available,Not Available,7 - No cases met the criteria for this measure.,10/1/2016,9/30/2017
12001F,"TRIPLER ARMY MEDICAL CENTER, FT. SHAFTER",1 JARRETT WHITE ROAD ,HONOLULU,HI,96859,HONOLULU,(808) 433-2778,Heart Attack Care,OP-2,Fibrinolytic Therapy Received within 30 minutes of Emergency Department Arrival,Not Available,Not Available,7 - No cases met the criteria for this measure.,10/1/2016,9/30/2017
21007F,"WALTER REED NATIONAL MEDICAL CENTER, BETHESDA",8901 WISCONSIN AVENUE,BETHESDA,MD,20889,MONTGOMERY,(301) 295-4000,Heart Attack Care,OP-2,Fibrinolytic Therapy Received within 30 minutes of Emergency Department Arrival,Not Available,Not Available,7 - No cases met the criteria for this measure.,10/1/2016,9/30/2017
45068F,"WILLIAM BEAUMONT ARMY MEDICAL CENTER, FT. BLISS",5005 NORTH PIEDRAS STREET,EL PASO,TX,79920,EL PASO,(915) 742-2121,Heart Attack Care,OP-2,Fibrinolytic Therapy Received within 30 minutes of Emergency Department Arrival,Not Available,Not Available,7 - No cases met the criteria for this measure.,10/1/2016,9/30/2017
11035F,"WINN ARMY COMMUNITY HOSPITAL, FT. STEWART",1061 HARMON AVENUE,FORT STEWART,GA,31314,LIBERTY,(912) 435-6633,Heart Attack Care,OP-2,Fibrinolytic Therapy Received within 30 minutes of Emergency Department Arrival,Not Available,Not Available,7 - No cases met the criteria for this measure.,10/1/2016,9/30/2017
36006F,"88TH MEDICAL GROUP, WRIGHT-PATTERSON",4881 SUGAR MAPLE DRIVE,WRIGHT-PATTERSON AFB,OH,45433,GREENE,(937) 257-9926,Emergency Department Care,OP-21,Median Time to Pain Management for Long Bone Fracture,Not Available,Not Available,1 - The number of cases/patients is too few to report.,10/1/2016,9/30/2017
10021F,"96TH MEDICAL GROUP, EGLIN","307 BOATNER ROAD, SUITE 114",EGLIN AIR FORCE BASE,FL,32542,OKALOOSA,(850) 883-8600,Emergency Department Care,OP-21,Median Time to Pain Management for Long Bone Fracture,Not Available,Not Available,1 - The number of cases/patients is too few to report.,10/1/2016,9/30/2017
11033F,"EISENHOWER ARMY MEDICAL CENTER, FT. GORDON",300 EAST HOSPITAL ROAD,FORT GORDON,GA,30905,RICHMOND,(706) 787-5811,Emergency Department Care,OP-21,Median Time to Pain Management for Long Bone Fracture,Not Available,Not Available,1 - The number of cases/patients is too few to report.,10/1/2016,9/30/2017
NOT/AVAIL,"673RD MEDICAL GROUP, ELMENDORF",5955 ZEAMER AVENUE,ELMENDORF AFB,AK,99506,ANCHORAGE,(907) 384-1110,Stroke Care,OP-23,Head CT or MRI Scan Results for Acute Ischemic Stroke or Hemorrhagic Stroke Patients who Received Head CT or MRI Scan Interpretation Within 45 minutes of ED Arrival,Not Available,Not Available,7 - No cases met the criteria for this measure.,10/1/2016,9/30/2017
25039F,"81ST MEDICAL GROUP, KEESLER","301 FISHER STREET, ROOM 1A132",KEESLER AFB,MS,39534,HARRISON,(228) 377-6393,Stroke Care,OP-23,Head CT or MRI Scan Results for Acute Ischemic Stroke or Hemorrhagic Stroke Patients who Received Head CT or MRI Scan Interpretation Within 45 minutes of ED Arrival,Not Available,Not Available,1 - The number of cases/patients is too few to report.,10/1/2016,9/30/2017
36006F,"88TH MEDICAL GROUP, WRIGHT-PATTERSON",4881 SUGAR MAPLE DRIVE,WRIGHT-PATTERSON AFB,OH,45433,GREENE,(937) 257-9926,Stroke Care,OP-23,Head CT or MRI Scan Results for Acute Ischemic Stroke or Hemorrhagic Stroke Patients who Received Head CT or MRI Scan Interpretation Within 45 minutes of ED Arrival,Not Available,Not Available,1 - The number of cases/patients is too few to report.,10/1/2016,9/30/2017
10021F,"96TH MEDICAL GROUP, EGLIN","307 BOATNER ROAD, SUITE 114",EGLIN AIR FORCE BASE,FL,32542,OKALOOSA,(850) 883-8600,Stroke Care,OP-23,Head CT or MRI Scan Results for Acute Ischemic Stroke or Hemorrhagic Stroke Patients who Received Head CT or MRI Scan Interpretation Within 45 minutes of ED Arrival,Not Available,Not Available,1 - The number of cases/patients is too few to report.,10/1/2016,9/30/2017
NOT/AVAIL,"BASSETT ARMY COMMUNITY HOSPITAL, FT. WAINWRIGHT",4076 NEELY RD,FORT WAINWRIGHT,AK,99703,FAIRBANKS NORTH STAR,(907) 361-4000,Stroke Care,OP-23,Head CT or MRI Scan Results for Acute Ischemic Stroke or Hemorrhagic Stroke Patients who Received Head CT or MRI Scan Interpretation Within 45 minutes of ED Arrival,Not Available,Not Available,1 - The number of cases/patients is too few to report.,10/1/2016,9/30/2017
18003F,"BLANCHFIELD ARMY COMMUNITY HOSPITAL, FT. CAMPBELL",650 JOEL DRIVE,FORT CAMPBELL,KY,42223,MONTGOMERY,(270) 798-8400,Stroke Care,OP-23,Head CT or MRI Scan Results for Acute Ischemic Stroke or Hemorrhagic Stroke Patients who Received Head CT or MRI Scan Interpretation Within 45 minutes of ED Arrival,Not Available,Not Available,1 - The number of cases/patients is too few to report.,10/1/2016,9/30/2017
45069F,"BROOKE ARMY MEDICAL CENTER, FT. SAM HOUSTON",3551 ROGER BROOKE DRIVE,FORT SAM HOUSTON,TX,78234,BEXAR,(210) 916-4141,Stroke Care,OP-23,Head CT or MRI Scan Results for Acute Ischemic Stroke or Hemorrhagic Stroke Patients who Received Head CT or MRI Scan Interpretation Within 45 minutes of ED Arrival,Not Available,Not Available,1 - The number of cases/patients is too few to report.,10/1/2016,9/30/2017
11033F,"EISENHOWER ARMY MEDICAL CENTER, FT. GORDON",300 EAST HOSPITAL ROAD,FORT GORDON,GA,30905,RICHMOND,(706) 787-5811,Stroke Care,OP-23,Head CT or MRI Scan Results for Acute Ischemic Stroke or Hemorrhagic Stroke Patients who Received Head CT or MRI Scan Interpretation Within 45 minutes of ED Arrival,Not Available,Not Available,1 - The number of cases/patients is too few to report.,10/1/2016,9/30/2017
33025F,"KELLER ARMY COMMUNITY HOSPITAL, WEST POINT",900 WASHINGTON ROAD,WEST POINT,NY,10996,ORANGE,(845) 938-4034,Stroke Care,OP-23,Head CT or MRI Scan Results for Acute Ischemic Stroke or Hemorrhagic Stroke Patients who Received Head CT or MRI Scan Interpretation Within 45 minutes of ED Arrival,Not Available,Not Available,7 - No cases met the criteria for this measure.,10/1/2016,9/30/2017
11032F,"MARTIN ARMY COMMUNITY HOSPITAL, FT. BENNING",6600 VAN AALST BOULEVARD,FORT BENNING,GA,31905,CHATTAHOOCHEE,(762) 408-2604,Stroke Care,OP-23,Head CT or MRI Scan Results for Acute Ischemic Stroke or Hemorrhagic Stroke Patients who Received Head CT or MRI Scan Interpretation Within 45 minutes of ED Arrival,Not Available,Not Available,1 - The number of cases/patients is too few to report.,10/1/2016,9/30/2017
05020F,NAVAL HOSPITAL CAMP PENDLETON,200 MERCY CIRCLE,CAMP PENDLETON,CA,92055,SAN DIEGO,(760) 725-1288,Stroke Care,OP-23,Head CT or MRI Scan Results for Acute Ischemic Stroke or Hemorrhagic Stroke Patients who Received Head CT or MRI Scan Interpretation Within 45 minutes of ED Arrival,Not Available,Not Available,1 - The number of cases/patients is too few to report.,10/1/2016,9/30/2017
05039F,NAVAL HOSPITAL TWENTYNINE PALMS,1145 STURGIS ROAD,TWENTYNINE PALMS,CA,92277,SAN BERNARDINO,(760) 830-2190,Stroke Care,OP-23,Head CT or MRI Scan Results for Acute Ischemic Stroke or Hemorrhagic Stroke Patients who Received Head CT or MRI Scan Interpretation Within 45 minutes of ED Arrival,Not Available,Not Available,1 - The number of cases/patients is too few to report.,10/1/2016,9/30/2017
12001F,"TRIPLER ARMY MEDICAL CENTER, FT. SHAFTER",1 JARRETT WHITE ROAD ,HONOLULU,HI,96859,HONOLULU,(808) 433-2778,Stroke Care,OP-23,Head CT or MRI Scan Results for Acute Ischemic Stroke or Hemorrhagic Stroke Patients who Received Head CT or MRI Scan Interpretation Within 45 minutes of ED Arrival,Not Available,Not Available,1 - The number of cases/patients is too few to report.,10/1/2016,9/30/2017
45068F,"WILLIAM BEAUMONT ARMY MEDICAL CENTER, FT. BLISS",5005 NORTH PIEDRAS STREET,EL PASO,TX,79920,EL PASO,(915) 742-2121,Stroke Care,OP-23,Head CT or MRI Scan Results for Acute Ischemic Stroke or Hemorrhagic Stroke Patients who Received Head CT or MRI Scan Interpretation Within 45 minutes of ED Arrival,Not Available,Not Available,1 - The number of cases/patients is too few to report.,10/1/2016,9/30/2017
11035F,"WINN ARMY COMMUNITY HOSPITAL, FT. STEWART",1061 HARMON AVENUE,FORT STEWART,GA,31314,LIBERTY,(912) 435-6633,Stroke Care,OP-23,Head CT or MRI Scan Results for Acute Ischemic Stroke or Hemorrhagic Stroke Patients who Received Head CT or MRI Scan Interpretation Within 45 minutes of ED Arrival,Not Available,Not Available,1 - The number of cases/patients is too few to report.,10/1/2016,9/30/2017
NOT/AVAIL,"673RD MEDICAL GROUP, ELMENDORF",5955 ZEAMER AVENUE,ELMENDORF AFB,AK,99506,ANCHORAGE,(907) 384-1110,Heart Attack Care,OP-3,Median Time to Transfer to Another Facility for Acute Coronary,Not Available,Not Available,7 - No cases met the criteria for this measure.,10/1/2016,9/30/2017
25039F,"81ST MEDICAL GROUP, KEESLER","301 FISHER STREET, ROOM 1A132",KEESLER AFB,MS,39534,HARRISON,(228) 377-6393,Heart Attack Care,OP-3,Median Time to Transfer to Another Facility for Acute Coronary,Not Available,Not Available,7 - No cases met the criteria for this measure.,10/1/2016,9/30/2017
36006F,"88TH MEDICAL GROUP, WRIGHT-PATTERSON",4881 SUGAR MAPLE DRIVE,WRIGHT-PATTERSON AFB,OH,45433,GREENE,(937) 257-9926,Heart Attack Care,OP-3,Median Time to Transfer to Another Facility for Acute Coronary,Not Available,Not Available,7 - No cases met the criteria for this measure.,10/1/2016,9/30/2017
10021F,"96TH MEDICAL GROUP, EGLIN","307 BOATNER ROAD, SUITE 114",EGLIN AIR FORCE BASE,FL,32542,OKALOOSA,(850) 883-8600,Heart Attack Care,OP-3,Median Time to Transfer to Another Facility for Acute Coronary,Not Available,Not Available,7 - No cases met the criteria for this measure.,10/1/2016,9/30/2017
NOT/AVAIL,"BASSETT ARMY COMMUNITY HOSPITAL, FT. WAINWRIGHT",4076 NEELY RD,FORT WAINWRIGHT,AK,99703,FAIRBANKS NORTH STAR,(907) 361-4000,Heart Attack Care,OP-3,Median Time to Transfer to Another Facility for Acute Coronary,Not Available,Not Available,7 - No cases met the criteria for this measure.,10/1/2016,9/30/2017
18003F,"BLANCHFIELD ARMY COMMUNITY HOSPITAL, FT. CAMPBELL",650 JOEL DRIVE,FORT CAMPBELL,KY,42223,MONTGOMERY,(270) 798-8400,Heart Attack Care,OP-3,Median Time to Transfer to Another Facility for Acute Coronary,Not Available,Not Available,7 - No cases met the criteria for this measure.,10/1/2016,9/30/2017
45069F,"BROOKE ARMY MEDICAL CENTER, FT. SAM HOUSTON",3551 ROGER BROOKE DRIVE,FORT SAM HOUSTON,TX,78234,BEXAR,(210) 916-4141,Heart Attack Care,OP-3,Median Time to Transfer to Another Facility for Acute Coronary,Not Available,Not Available,7 - No cases met the criteria for this measure.,10/1/2016,9/30/2017
11033F,"EISENHOWER ARMY MEDICAL CENTER, FT. GORDON",300 EAST HOSPITAL ROAD,FORT GORDON,GA,30905,RICHMOND,(706) 787-5811,Heart Attack Care,OP-3,Median Time to Transfer to Another Facility for Acute Coronary,Not Available,Not Available,7 - No cases met the criteria for this measure.,10/1/2016,9/30/2017
33025F,"KELLER ARMY COMMUNITY HOSPITAL, WEST POINT",900 WASHINGTON ROAD,WEST POINT,NY,10996,ORANGE,(845) 938-4034,Heart Attack Care,OP-3,Median Time to Transfer to Another Facility for Acute Coronary,Not Available,Not Available,7 - No cases met the criteria for this measure.,10/1/2016,9/30/2017
11032F,"MARTIN ARMY COMMUNITY HOSPITAL, FT. BENNING",6600 VAN AALST BOULEVARD,FORT BENNING,GA,31905,CHATTAHOOCHEE,(762) 408-2604,Heart Attack Care,OP-3,Median Time to Transfer to Another Facility for Acute Coronary,Not Available,Not Available,7 - No cases met the criteria for this measure.,10/1/2016,9/30/2017
05020F,NAVAL HOSPITAL CAMP PENDLETON,200 MERCY CIRCLE,CAMP PENDLETON,CA,92055,SAN DIEGO,(760) 725-1288,Heart Attack Care,OP-3,Median Time to Transfer to Another Facility for Acute Coronary,Not Available,Not Available,7 - No cases met the criteria for this measure.,10/1/2016,9/30/2017
05039F,NAVAL HOSPITAL TWENTYNINE PALMS,1145 STURGIS ROAD,TWENTYNINE PALMS,CA,92277,SAN BERNARDINO,(760) 830-2190,Heart Attack Care,OP-3,Median Time to Transfer to Another Facility for Acute Coronary,Not Available,Not Available,7 - No cases met the criteria for this measure.,10/1/2016,9/30/2017
12001F,"TRIPLER ARMY MEDICAL CENTER, FT. SHAFTER",1 JARRETT WHITE ROAD ,HONOLULU,HI,96859,HONOLULU,(808) 433-2778,Heart Attack Care,OP-3,Median Time to Transfer to Another Facility for Acute Coronary,Not Available,Not Available,7 - No cases met the criteria for this measure.,10/1/2016,9/30/2017
21007F,"WALTER REED NATIONAL MEDICAL CENTER, BETHESDA",8901 WISCONSIN AVENUE,BETHESDA,MD,20889,MONTGOMERY,(301) 295-4000,Heart Attack Care,OP-3,Median Time to Transfer to Another Facility for Acute Coronary,Not Available,Not Available,7 - No cases met the criteria for this measure.,10/1/2016,9/30/2017
45068F,"WILLIAM BEAUMONT ARMY MEDICAL CENTER, FT. BLISS",5005 NORTH PIEDRAS STREET,EL PASO,TX,79920,EL PASO,(915) 742-2121,Heart Attack Care,OP-3,Median Time to Transfer to Another Facility for Acute Coronary,Not Available,Not Available,7 - No cases met the criteria for this measure.,10/1/2016,9/30/2017
11035F,"WINN ARMY COMMUNITY HOSPITAL, FT. STEWART",1061 HARMON AVENUE,FORT STEWART,GA,31314,LIBERTY,(912) 435-6633,Heart Attack Care,OP-3,Median Time to Transfer to Another Facility for Acute Coronary,Not Available,Not Available,7 - No cases met the criteria for this measure.,10/1/2016,9/30/2017
NOT/AVAIL,"673RD MEDICAL GROUP, ELMENDORF",5955 ZEAMER AVENUE,ELMENDORF AFB,AK,99506,ANCHORAGE,(907) 384-1110,Heart Attack Care,OP-4,"Aspirin at Arrival, Chest Pain",Not Available,Not Available,7 - No cases met the criteria for this measure.,10/1/2016,9/30/2017
25039F,"81ST MEDICAL GROUP, KEESLER","301 FISHER STREET, ROOM 1A132",KEESLER AFB,MS,39534,HARRISON,(228) 377-6393,Heart Attack Care,OP-4,"Aspirin at Arrival, Chest Pain",Not Available,Not Available,7 - No cases met the criteria for this measure.,10/1/2016,9/30/2017
36006F,"88TH MEDICAL GROUP, WRIGHT-PATTERSON",4881 SUGAR MAPLE DRIVE,WRIGHT-PATTERSON AFB,OH,45433,GREENE,(937) 257-9926,Heart Attack Care,OP-4,"Aspirin at Arrival, Chest Pain",Not Available,Not Available,7 - No cases met the criteria for this measure.,10/1/2016,9/30/2017
10021F,"96TH MEDICAL GROUP, EGLIN","307 BOATNER ROAD, SUITE 114",EGLIN AIR FORCE BASE,FL,32542,OKALOOSA,(850) 883-8600,Heart Attack Care,OP-4,"Aspirin at Arrival, Chest Pain",Not Available,Not Available,7 - No cases met the criteria for this measure.,10/1/2016,9/30/2017
NOT/AVAIL,"BASSETT ARMY COMMUNITY HOSPITAL, FT. WAINWRIGHT",4076 NEELY RD,FORT WAINWRIGHT,AK,99703,FAIRBANKS NORTH STAR,(907) 361-4000,Heart Attack Care,OP-4,"Aspirin at Arrival, Chest Pain",Not Available,Not Available,7 - No cases met the criteria for this measure.,10/1/2016,9/30/2017
18003F,"BLANCHFIELD ARMY COMMUNITY HOSPITAL, FT. CAMPBELL",650 JOEL DRIVE,FORT CAMPBELL,KY,42223,MONTGOMERY,(270) 798-8400,Heart Attack Care,OP-4,"Aspirin at Arrival, Chest Pain",Not Available,Not Available,7 - No cases met the criteria for this measure.,10/1/2016,9/30/2017
45069F,"BROOKE ARMY MEDICAL CENTER, FT. SAM HOUSTON",3551 ROGER BROOKE DRIVE,FORT SAM HOUSTON,TX,78234,BEXAR,(210) 916-4141,Heart Attack Care,OP-4,"Aspirin at Arrival, Chest Pain",Not Available,Not Available,7 - No cases met the criteria for this measure.,10/1/2016,9/30/2017
11033F,"EISENHOWER ARMY MEDICAL CENTER, FT. GORDON",300 EAST HOSPITAL ROAD,FORT GORDON,GA,30905,RICHMOND,(706) 787-5811,Heart Attack Care,OP-4,"Aspirin at Arrival, Chest Pain",Not Available,Not Available,7 - No cases met the criteria for this measure.,10/1/2016,9/30/2017
33025F,"KELLER ARMY COMMUNITY HOSPITAL, WEST POINT",900 WASHINGTON ROAD,WEST POINT,NY,10996,ORANGE,(845) 938-4034,Heart Attack Care,OP-4,"Aspirin at Arrival, Chest Pain",Not Available,Not Available,7 - No cases met the criteria for this measure.,10/1/2016,9/30/2017
11032F,"MARTIN ARMY COMMUNITY HOSPITAL, FT. BENNING",6600 VAN AALST BOULEVARD,FORT BENNING,GA,31905,CHATTAHOOCHEE,(762) 408-2604,Heart Attack Care,OP-4,"Aspirin at Arrival, Chest Pain",Not Available,Not Available,7 - No cases met the criteria for this measure.,10/1/2016,9/30/2017
05020F,NAVAL HOSPITAL CAMP PENDLETON,200 MERCY CIRCLE,CAMP PENDLETON,CA,92055,SAN DIEGO,(760) 725-1288,Heart Attack Care,OP-4,"Aspirin at Arrival, Chest Pain",Not Available,Not Available,7 - No cases met the criteria for this measure.,10/1/2016,9/30/2017
05039F,NAVAL HOSPITAL TWENTYNINE PALMS,1145 STURGIS ROAD,TWENTYNINE PALMS,CA,92277,SAN BERNARDINO,(760) 830-2190,Heart Attack Care,OP-4,"Aspirin at Arrival, Chest Pain",Not Available,Not Available,7 - No cases met the criteria for this measure.,10/1/2016,9/30/2017
12001F,"TRIPLER ARMY MEDICAL CENTER, FT. SHAFTER",1 JARRETT WHITE ROAD ,HONOLULU,HI,96859,HONOLULU,(808) 433-2778,Heart Attack Care,OP-4,"Aspirin at Arrival, Chest Pain",Not Available,Not Available,7 - No cases met the criteria for this measure.,10/1/2016,9/30/2017
21007F,"WALTER REED NATIONAL MEDICAL CENTER, BETHESDA",8901 WISCONSIN AVENUE,BETHESDA,MD,20889,MONTGOMERY,(301) 295-4000,Heart Attack Care,OP-4,"Aspirin at Arrival, Chest Pain",Not Available,Not Available,7 - No cases met the criteria for this measure.,10/1/2016,9/30/2017
45068F,"WILLIAM BEAUMONT ARMY MEDICAL CENTER, FT. BLISS",5005 NORTH PIEDRAS STREET,EL PASO,TX,79920,EL PASO,(915) 742-2121,Heart Attack Care,OP-4,"Aspirin at Arrival, Chest Pain",Not Available,Not Available,7 - No cases met the criteria for this measure.,10/1/2016,9/30/2017
11035F,"WINN ARMY COMMUNITY HOSPITAL, FT. STEWART",1061 HARMON AVENUE,FORT STEWART,GA,31314,LIBERTY,(912) 435-6633,Heart Attack Care,OP-4,"Aspirin at Arrival, Chest Pain",Not Available,Not Available,7 - No cases met the criteria for this measure.,10/1/2016,9/30/2017
NOT/AVAIL,"673RD MEDICAL GROUP, ELMENDORF",5955 ZEAMER AVENUE,ELMENDORF AFB,AK,99506,ANCHORAGE,(907) 384-1110,Heart Attack Care,OP-5a,Median Time to ECG - Chest Pain,Not Available,Not Available,7 - No cases met the criteria for this measure.,10/1/2016,9/30/2017
25039F,"81ST MEDICAL GROUP, KEESLER","301 FISHER STREET, ROOM 1A132",KEESLER AFB,MS,39534,HARRISON,(228) 377-6393,Heart Attack Care,OP-5a,Median Time to ECG - Chest Pain,Not Available,Not Available,7 - No cases met the criteria for this measure.,10/1/2016,9/30/2017
36006F,"88TH MEDICAL GROUP, WRIGHT-PATTERSON",4881 SUGAR MAPLE DRIVE,WRIGHT-PATTERSON AFB,OH,45433,GREENE,(937) 257-9926,Heart Attack Care,OP-5a,Median Time to ECG - Chest Pain,Not Available,Not Available,7 - No cases met the criteria for this measure.,10/1/2016,9/30/2017
10021F,"96TH MEDICAL GROUP, EGLIN","307 BOATNER ROAD, SUITE 114",EGLIN AIR FORCE BASE,FL,32542,OKALOOSA,(850) 883-8600,Heart Attack Care,OP-5a,Median Time to ECG - Chest Pain,Not Available,Not Available,7 - No cases met the criteria for this measure.,10/1/2016,9/30/2017
NOT/AVAIL,"BASSETT ARMY COMMUNITY HOSPITAL, FT. WAINWRIGHT",4076 NEELY RD,FORT WAINWRIGHT,AK,99703,FAIRBANKS NORTH STAR,(907) 361-4000,Heart Attack Care,OP-5a,Median Time to ECG - Chest Pain,Not Available,Not Available,7 - No cases met the criteria for this measure.,10/1/2016,9/30/2017
18003F,"BLANCHFIELD ARMY COMMUNITY HOSPITAL, FT. CAMPBELL",650 JOEL DRIVE,FORT CAMPBELL,KY,42223,MONTGOMERY,(270) 798-8400,Heart Attack Care,OP-5a,Median Time to ECG - Chest Pain,Not Available,Not Available,7 - No cases met the criteria for this measure.,10/1/2016,9/30/2017
45069F,"BROOKE ARMY MEDICAL CENTER, FT. SAM HOUSTON",3551 ROGER BROOKE DRIVE,FORT SAM HOUSTON,TX,78234,BEXAR,(210) 916-4141,Heart Attack Care,OP-5a,Median Time to ECG - Chest Pain,Not Available,Not Available,7 - No cases met the criteria for this measure.,10/1/2016,9/30/2017
11033F,"EISENHOWER ARMY MEDICAL CENTER, FT. GORDON",300 EAST HOSPITAL ROAD,FORT GORDON,GA,30905,RICHMOND,(706) 787-5811,Heart Attack Care,OP-5a,Median Time to ECG - Chest Pain,Not Available,Not Available,7 - No cases met the criteria for this measure.,10/1/2016,9/30/2017
33025F,"KELLER ARMY COMMUNITY HOSPITAL, WEST POINT",900 WASHINGTON ROAD,WEST POINT,NY,10996,ORANGE,(845) 938-4034,Heart Attack Care,OP-5a,Median Time to ECG - Chest Pain,Not Available,Not Available,7 - No cases met the criteria for this measure.,10/1/2016,9/30/2017
11032F,"MARTIN ARMY COMMUNITY HOSPITAL, FT. BENNING",6600 VAN AALST BOULEVARD,FORT BENNING,GA,31905,CHATTAHOOCHEE,(762) 408-2604,Heart Attack Care,OP-5a,Median Time to ECG - Chest Pain,Not Available,Not Available,7 - No cases met the criteria for this measure.,10/1/2016,9/30/2017
05020F,NAVAL HOSPITAL CAMP PENDLETON,200 MERCY CIRCLE,CAMP PENDLETON,CA,92055,SAN DIEGO,(760) 725-1288,Heart Attack Care,OP-5a,Median Time to ECG - Chest Pain,Not Available,Not Available,7 - No cases met the criteria for this measure.,10/1/2016,9/30/2017
05039F,NAVAL HOSPITAL TWENTYNINE PALMS,1145 STURGIS ROAD,TWENTYNINE PALMS,CA,92277,SAN BERNARDINO,(760) 830-2190,Heart Attack Care,OP-5a,Median Time to ECG - Chest Pain,Not Available,Not Available,7 - No cases met the criteria for this measure.,10/1/2016,9/30/2017
12001F,"TRIPLER ARMY MEDICAL CENTER, FT. SHAFTER",1 JARRETT WHITE ROAD ,HONOLULU,HI,96859,HONOLULU,(808) 433-2778,Heart Attack Care,OP-5a,Median Time to ECG - Chest Pain,Not Available,Not Available,7 - No cases met the criteria for this measure.,10/1/2016,9/30/2017
21007F,"WALTER REED NATIONAL MEDICAL CENTER, BETHESDA",8901 WISCONSIN AVENUE,BETHESDA,MD,20889,MONTGOMERY,(301) 295-4000,Heart Attack Care,OP-5a,Median Time to ECG - Chest Pain,Not Available,Not Available,7 - No cases met the criteria for this measure.,10/1/2016,9/30/2017
45068F,"WILLIAM BEAUMONT ARMY MEDICAL CENTER, FT. BLISS",5005 NORTH PIEDRAS STREET,EL PASO,TX,79920,EL PASO,(915) 742-2121,Heart Attack Care,OP-5a,Median Time to ECG - Chest Pain,Not Available,Not Available,7 - No cases met the criteria for this measure.,10/1/2016,9/30/2017
11035F,"WINN ARMY COMMUNITY HOSPITAL, FT. STEWART",1061 HARMON AVENUE,FORT STEWART,GA,31314,LIBERTY,(912) 435-6633,Heart Attack Care,OP-5a,Median Time to ECG - Chest Pain,Not Available,Not Available,7 - No cases met the criteria for this measure.,10/1/2016,9/30/2017
26002F,"GENERAL LEONARD WOOD ARMY COMMUNITY HOSPITAL, FT. LEONARD WOOD",126 MISSOURI AVENUE,FORT LEONARD WOOD,MO,65473,PULASKI,(573) 596-0035,Pregnancy and Delivery Care ,PC-01,Percent of Newborns whose Deliveries Were Scheduled Early (1-3 weeks) When a Scheduled Delivery Was Not Medically Necessary,Not Available,Not Available,1 - The number of cases/patients is too few to report. 2 - Data submitted were based on a sample of cases/patients.,10/1/2016,9/30/2017
50006F,NAVAL HOSPITAL BREMERTON,1 BOONE ROAD,BREMERTON,WA,98312,KITSAP,(360) 475-4232,Pregnancy and Delivery Care ,PC-01,Percent of Newborns whose Deliveries Were Scheduled Early (1-3 weeks) When a Scheduled Delivery Was Not Medically Necessary,Not Available,Not Available,1 - The number of cases/patients is too few to report. 2 - Data submitted were based on a sample of cases/patients.,10/1/2016,9/30/2017
05041F,"WEED ARMY COMMUNITY HOSPITAL, FT. IRWIN",BLDG 390 NORTH LOOK ROAD,FORT IRWIN,CA,92310,SAN BERNARDINO,(866) 957-9224,Pregnancy and Delivery Care ,PC-01,Percent of Newborns whose Deliveries Were Scheduled Early (1-3 weeks) When a Scheduled Delivery Was Not Medically Necessary,Not Available,Not Available,1 - The number of cases/patients is too few to report. 2 - Data submitted were based on a sample of cases/patients.,10/1/2016,9/30/2017
05015F,"60th MEDICAL GROUP, DAVID GRANT MEDICAL CENTER, TRAVIS",101 BODIN CIRCLE,TRAVIS AIR FORCE BASE,CA,94535,SOLANO,(707) 423-7300,Blood Clot Prevention and Treatment,VTE-6,Incidence of Potentially-Preventable Venous Thromboembolism,Not Available,Not Available,7 - No cases met the criteria for this measure.,10/1/2016,9/30/2017
49005F,"633RD MEDICAL GROUP, LANGLEY-EUSTIS",77 NEALY AVENUE,HAMPTON,VA,23665,HAMPTON CITY,(757) 225-7630,Blood Clot Prevention and Treatment,VTE-6,Incidence of Potentially-Preventable Venous Thromboembolism,Not Available,Not Available,7 - No cases met the criteria for this measure.,10/1/2016,9/30/2017
NOT/AVAIL,"673RD MEDICAL GROUP, ELMENDORF",5955 ZEAMER AVENUE,ELMENDORF AFB,AK,99506,ANCHORAGE,(907) 384-1110,Blood Clot Prevention and Treatment,VTE-6,Incidence of Potentially-Preventable Venous Thromboembolism,Not Available,Not Available,1 - The number of cases/patients is too few to report.,10/1/2016,9/30/2017
25039F,"81ST MEDICAL GROUP, KEESLER","301 FISHER STREET, ROOM 1A132",KEESLER AFB,MS,39534,HARRISON,(228) 377-6393,Blood Clot Prevention and Treatment,VTE-6,Incidence of Potentially-Preventable Venous Thromboembolism,Not Available,Not Available,7 - No cases met the criteria for this measure.,10/1/2016,9/30/2017
36006F,"88TH MEDICAL GROUP, WRIGHT-PATTERSON",4881 SUGAR MAPLE DRIVE,WRIGHT-PATTERSON AFB,OH,45433,GREENE,(937) 257-9926,Blood Clot Prevention and Treatment,VTE-6,Incidence of Potentially-Preventable Venous Thromboembolism,Not Available,Not Available,7 - No cases met the criteria for this measure.,10/1/2016,9/30/2017
10021F,"96TH MEDICAL GROUP, EGLIN","307 BOATNER ROAD, SUITE 114",EGLIN AIR FORCE BASE,FL,32542,OKALOOSA,(850) 883-8600,Blood Clot Prevention and Treatment,VTE-6,Incidence of Potentially-Preventable Venous Thromboembolism,Not Available,Not Available,7 - No cases met the criteria for this measure.,10/1/2016,9/30/2017
29001F,"99TH MEDICAL GROUP, O'CALLAGHAN HOSPITAL, NELLIS",4700 NORTH LAS VEGAS BOULEVARD,NELLIS AIR FORCE BASE,NV,89191,CLARK,(702) 653-2269,Blood Clot Prevention and Treatment,VTE-6,Incidence of Potentially-Preventable Venous Thromboembolism,Not Available,Not Available,1 - The number of cases/patients is too few to report.,10/1/2016,9/30/2017
NOT/AVAIL,"BASSETT ARMY COMMUNITY HOSPITAL, FT. WAINWRIGHT",4076 NEELY RD,FORT WAINWRIGHT,AK,99703,FAIRBANKS NORTH STAR,(907) 361-4000,Blood Clot Prevention and Treatment,VTE-6,Incidence of Potentially-Preventable Venous Thromboembolism,Not Available,Not Available,7 - No cases met the criteria for this measure.,10/1/2016,9/30/2017
19050F,"BAYNES JONES ARMY COMMUNITY HOSPITAL, FT. POLK",1585 THIRD STREET,FORT POLK,LA,71459,VERNON,(337) 531-3118,Blood Clot Prevention and Treatment,VTE-6,Incidence of Potentially-Preventable Venous Thromboembolism,Not Available,Not Available,7 - No cases met the criteria for this measure.,10/1/2016,9/30/2017
18003F,"BLANCHFIELD ARMY COMMUNITY HOSPITAL, FT. CAMPBELL",650 JOEL DRIVE,FORT CAMPBELL,KY,42223,MONTGOMERY,(270) 798-8400,Blood Clot Prevention and Treatment,VTE-6,Incidence of Potentially-Preventable Venous Thromboembolism,Not Available,Not Available,7 - No cases met the criteria for this measure.,10/1/2016,9/30/2017
45070F,"DARNALL ARMY MEDICAL CENTER, FT. HOOD",36000 DARNALL LOOP,FORT HOOD,TX,76544,BELL,(254) 288-8000,Blood Clot Prevention and Treatment,VTE-6,Incidence of Potentially-Preventable Venous Thromboembolism,Not Available,Not Available,7 - No cases met the criteria for this measure.,10/1/2016,9/30/2017
11033F,"EISENHOWER ARMY MEDICAL CENTER, FT. GORDON",300 EAST HOSPITAL ROAD,FORT GORDON,GA,30905,RICHMOND,(706) 787-5811,Blood Clot Prevention and Treatment,VTE-6,Incidence of Potentially-Preventable Venous Thromboembolism,Not Available,Not Available,1 - The number of cases/patients is too few to report.,10/1/2016,9/30/2017
06003F,"EVANS ARMY MEDICAL CENTER, FT. CARSON",1650 COCHRANE CIRCLE,FORT CARSON,CO,80913,EL PASO,(719) 526-7000,Blood Clot Prevention and Treatment,VTE-6,Incidence of Potentially-Preventable Venous Thromboembolism,Not Available,Not Available,1 - The number of cases/patients is too few to report.,10/1/2016,9/30/2017
49001F,FT. BELVOIR COMMUNITY HOSPITAL,9300 DEWITT LOOP,FORT BELVOIR,VA,22060,FAIRFAX,(571) 231-3224,Blood Clot Prevention and Treatment,VTE-6,Incidence of Potentially-Preventable Venous Thromboembolism,Not Available,Not Available,1 - The number of cases/patients is too few to report.,10/1/2016,9/30/2017
26002F,"GENERAL LEONARD WOOD ARMY COMMUNITY HOSPITAL, FT. LEONARD WOOD",126 MISSOURI AVENUE,FORT LEONARD WOOD,MO,65473,PULASKI,(573) 596-0035,Blood Clot Prevention and Treatment,VTE-6,Incidence of Potentially-Preventable Venous Thromboembolism,Not Available,Not Available,1 - The number of cases/patients is too few to report.,10/1/2016,9/30/2017
17002F,"IRWIN ARMY COMMUNITY HOSPITAL, FT. RILEY",650 HUEBNER ROAD,FORT RILEY,KS,66442,GEARY,(785) 239-7000,Blood Clot Prevention and Treatment,VTE-6,Incidence of Potentially-Preventable Venous Thromboembolism,Not Available,Not Available,7 - No cases met the criteria for this measure.,10/1/2016,9/30/2017
33025F,"KELLER ARMY COMMUNITY HOSPITAL, WEST POINT",900 WASHINGTON ROAD,WEST POINT,NY,10996,ORANGE,(845) 938-4034,Blood Clot Prevention and Treatment,VTE-6,Incidence of Potentially-Preventable Venous Thromboembolism,Not Available,Not Available,7 - No cases met the criteria for this measure.,10/1/2016,9/30/2017
11032F,"MARTIN ARMY COMMUNITY HOSPITAL, FT. BENNING",6600 VAN AALST BOULEVARD,FORT BENNING,GA,31905,CHATTAHOOCHEE,(762) 408-2604,Blood Clot Prevention and Treatment,VTE-6,Incidence of Potentially-Preventable Venous Thromboembolism,Not Available,Not Available,7 - No cases met the criteria for this measure.,10/1/2016,9/30/2017
42009F,NAVAL HOSPITAL BEAUFORT,1 PINCKNEY BLVD ,BEAUFORT ,SC,29902,BEAUFORT,(843) 228-5600,Blood Clot Prevention and Treatment,VTE-6,Incidence of Potentially-Preventable Venous Thromboembolism,Not Available,Not Available,7 - No cases met the criteria for this measure.,10/1/2016,9/30/2017
50006F,NAVAL HOSPITAL BREMERTON,1 BOONE ROAD,BREMERTON,WA,98312,KITSAP,(360) 475-4232,Blood Clot Prevention and Treatment,VTE-6,Incidence of Potentially-Preventable Venous Thromboembolism,Not Available,Not Available,7 - No cases met the criteria for this measure.,10/1/2016,9/30/2017
34011F,NAVAL HOSPITAL CAMP LEJEUNE,100 BREWSTER BOULEVARD,CAMP LEJEUNE,NC,28547,ONSLOW,(910) 450-4292,Blood Clot Prevention and Treatment,VTE-6,Incidence of Potentially-Preventable Venous Thromboembolism,Not Available,Not Available,7 - No cases met the criteria for this measure.,10/1/2016,9/30/2017
05020F,NAVAL HOSPITAL CAMP PENDLETON,200 MERCY CIRCLE,CAMP PENDLETON,CA,92055,SAN DIEGO,(760) 725-1288,Blood Clot Prevention and Treatment,VTE-6,Incidence of Potentially-Preventable Venous Thromboembolism,Not Available,Not Available,1 - The number of cases/patients is too few to report.,10/1/2016,9/30/2017
10013F,NAVAL HOSPITAL JACKSONVILLE,2080 CHILD STREET,JACKSONVILLE,FL,32214,DUVAL,(904) 542-7300,Blood Clot Prevention and Treatment,VTE-6,Incidence of Potentially-Preventable Venous Thromboembolism,Not Available,Not Available,7 - No cases met the criteria for this measure.,10/1/2016,9/30/2017
50014F,NAVAL HOSPITAL OAK HARBOR,"3475 NORTH SARATOGA STREET, BUILDING 993",OAK HARBOR,WA,98278,ISLAND,(360) 257-9500,Blood Clot Prevention and Treatment,VTE-6,Incidence of Potentially-Preventable Venous Thromboembolism,Not Available,Not Available,7 - No cases met the criteria for this measure.,10/1/2016,9/30/2017
10018F,NAVAL HOSPITAL PENSACOLA,6000 WEST HIGHWAY 98,PENSACOLA,FL,32512,ESCAMBIA,(850) 505-6601,Blood Clot Prevention and Treatment,VTE-6,Incidence of Potentially-Preventable Venous Thromboembolism,Not Available,Not Available,7 - No cases met the criteria for this measure.,10/1/2016,9/30/2017
05039F,NAVAL HOSPITAL TWENTYNINE PALMS,1145 STURGIS ROAD,TWENTYNINE PALMS,CA,92277,SAN BERNARDINO,(760) 830-2190,Blood Clot Prevention and Treatment,VTE-6,Incidence of Potentially-Preventable Venous Thromboembolism,Not Available,Not Available,7 - No cases met the criteria for this measure.,10/1/2016,9/30/2017
49008F,NAVAL MEDICAL CENTER PORTSMOUTH,620 JOHN PAUL JONES CIRCLE,PORTSMOUTH,VA,23708,PORTSMOUTH CITY,(757) 953-5008,Blood Clot Prevention and Treatment,VTE-6,Incidence of Potentially-Preventable Venous Thromboembolism,Not Available,Not Available,1 - The number of cases/patients is too few to report.,10/1/2016,9/30/2017
05022F,NAVAL MEDICAL CENTER SAN DIEGO,34800 BOB WILSON DRIVE,SAN DIEGO,CA,92134,SAN DIEGO,(619) 532-6392,Blood Clot Prevention and Treatment,VTE-6,Incidence of Potentially-Preventable Venous Thromboembolism,Not Available,Not Available,7 - No cases met the criteria for this measure.,10/1/2016,9/30/2017
12001F,"TRIPLER ARMY MEDICAL CENTER, FT. SHAFTER",1 JARRETT WHITE ROAD ,HONOLULU,HI,96859,HONOLULU,(808) 433-2778,Blood Clot Prevention and Treatment,VTE-6,Incidence of Potentially-Preventable Venous Thromboembolism,Not Available,Not Available,1 - The number of cases/patients is too few to report.,10/1/2016,9/30/2017
21007F,"WALTER REED NATIONAL MEDICAL CENTER, BETHESDA",8901 WISCONSIN AVENUE,BETHESDA,MD,20889,MONTGOMERY,(301) 295-4000,Blood Clot Prevention and Treatment,VTE-6,Incidence of Potentially-Preventable Venous Thromboembolism,Not Available,Not Available,1 - The number of cases/patients is too few to report.,10/1/2016,9/30/2017
05041F,"WEED ARMY COMMUNITY HOSPITAL, FT. IRWIN",BLDG 390 NORTH LOOK ROAD,FORT IRWIN,CA,92310,SAN BERNARDINO,(866) 957-9224,Blood Clot Prevention and Treatment,VTE-6,Incidence of Potentially-Preventable Venous Thromboembolism,Not Available,Not Available,7 - No cases met the criteria for this measure.,10/1/2016,9/30/2017
45068F,"WILLIAM BEAUMONT ARMY MEDICAL CENTER, FT. BLISS",5005 NORTH PIEDRAS STREET,EL PASO,TX,79920,EL PASO,(915) 742-2121,Blood Clot Prevention and Treatment,VTE-6,Incidence of Potentially-Preventable Venous Thromboembolism,Not Available,Not Available,1 - The number of cases/patients is too few to report.,10/1/2016,9/30/2017
11035F,"WINN ARMY COMMUNITY HOSPITAL, FT. STEWART",1061 HARMON AVENUE,FORT STEWART,GA,31314,LIBERTY,(912) 435-6633,Blood Clot Prevention and Treatment,VTE-6,Incidence of Potentially-Preventable Venous Thromboembolism,Not Available,Not Available,7 - No cases met the criteria for this measure.,10/1/2016,9/30/2017
34014F,"WOMACK ARMY MEDICAL CENTER, FT. BRAGG",BUILDING 4-2817 REILLY ROAD,FORT BRAGG,NC,28310,CUMBERLAND,(910) 907-9262,Blood Clot Prevention and Treatment,VTE-6,Incidence of Potentially-Preventable Venous Thromboembolism,Not Available,Not Available,7 - No cases met the criteria for this measure.,10/1/2016,9/30/2017
