"Measure Name","Measure ID","Score","Footnote","Measure Start Date","Measure End Date"
"Central line-associated bloodstream infections (CLABSI) in ICUs and select wards","HAI_1_SIR","1","20 - State and national averages do not include VHA hospital data.","10/01/2016","09/30/2017"
"Catheter-associated urinary tract infections (CAUTI) in ICUs and select wards","HAI_2_SIR","1","20 - State and national averages do not include VHA hospital data.","10/01/2016","09/30/2017"
"Surgical site infections (SSI) from colon surgery","HAI_3_SIR","1","20 - State and national averages do not include VHA hospital data.","10/01/2016","09/30/2017"
"Surgical site infections (SSI) from abdominal hysterectomy","HAI_4_SIR","1","20 - State and national averages do not include VHA hospital data.","10/01/2016","09/30/2017"
"Methicillin-resistant Staphylococcus Aureus (MRSA) blood infections","HAI_5_SIR","1","20 - State and national averages do not include VHA hospital data.","10/01/2016","09/30/2017"
"Clostridium difficile (C.diff.) intestinal infections","HAI_6_SIR","1","20 - State and national averages do not include VHA hospital data.","10/01/2016","09/30/2017"
