PROVIDER_ID,Hospital_Name,Hospital_Type,Address,City,State,ZIP_Code,County_Name,MEASURE_ID,MEASURE_DESCRIPTION,NUMERATOR,DENOMINATOR,FOOTNOTE,RPTG_PRD_START_DT,RPTG_PRD_END_DT
"050146","CITY OF HOPE HELFORD CLINICAL RESEARCH HOSPITAL","Short-term","1500 E DUARTE ROAD","DUARTE","CA","91010","Los Angeles","PCH-1","Adjuvant Chemotherapy for Colon Cancer","Not Available","Not Available","1","04/01/2016","03/31/2017"
"050146","CITY OF HOPE HELFORD CLINICAL RESEARCH HOSPITAL","Short-term","1500 E DUARTE ROAD","DUARTE","CA","91010","Los Angeles","PCH-2","Combination Chemotherapy for Breast Cancer","Not Available","Not Available","1","04/01/2016","03/31/2017"
"050146","CITY OF HOPE HELFORD CLINICAL RESEARCH HOSPITAL","Short-term","1500 E DUARTE ROAD","DUARTE","CA","91010","Los Angeles","PCH-3","Hormonal Therapy for Breast Cancer","243","257","","10/01/2015","09/30/2016"
"050660","USC KENNETH NORRIS JR CANCER HOSPITAL","Short-term","1441 EASTLAKE AVE","LOS ANGELES","CA","90089","Los Angeles","PCH-1","Adjuvant Chemotherapy for Colon Cancer","Not Available","Not Available","1","04/01/2016","03/31/2017"
"050660","USC KENNETH NORRIS JR CANCER HOSPITAL","Short-term","1441 EASTLAKE AVE","LOS ANGELES","CA","90089","Los Angeles","PCH-2","Combination Chemotherapy for Breast Cancer","Not Available","Not Available","1","04/01/2016","03/31/2017"
"050660","USC KENNETH NORRIS JR CANCER HOSPITAL","Short-term","1441 EASTLAKE AVE","LOS ANGELES","CA","90089","Los Angeles","PCH-3","Hormonal Therapy for Breast Cancer","43","44","","10/01/2015","09/30/2016"
"100079","UNIV OF MIAMI HOSPITAL AND CLINICS-SYLVESTER COMPR","Short-term","1475 NW 12TH AVE","MIAMI","FL","33136","Miami-Dade","PCH-1","Adjuvant Chemotherapy for Colon Cancer","17","18","","04/01/2016","03/31/2017"
"100079","UNIV OF MIAMI HOSPITAL AND CLINICS-SYLVESTER COMPR","Short-term","1475 NW 12TH AVE","MIAMI","FL","33136","Miami-Dade","PCH-2","Combination Chemotherapy for Breast Cancer","21","23","","04/01/2016","03/31/2017"
"100079","UNIV OF MIAMI HOSPITAL AND CLINICS-SYLVESTER COMPR","Short-term","1475 NW 12TH AVE","MIAMI","FL","33136","Miami-Dade","PCH-3","Hormonal Therapy for Breast Cancer","184","186","","10/01/2015","09/30/2016"
"100271","H LEE MOFFITT CANCER CENTER & RESEARCH INSTITUTE I","Short-term","12902 MAGNOLIA DR","TAMPA","FL","33612","Hillsborough","PCH-1","Adjuvant Chemotherapy for Colon Cancer","24","26","","04/01/2016","03/31/2017"
"100271","H LEE MOFFITT CANCER CENTER & RESEARCH INSTITUTE I","Short-term","12902 MAGNOLIA DR","TAMPA","FL","33612","Hillsborough","PCH-2","Combination Chemotherapy for Breast Cancer","46","49","","04/01/2016","03/31/2017"
"100271","H LEE MOFFITT CANCER CENTER & RESEARCH INSTITUTE I","Short-term","12902 MAGNOLIA DR","TAMPA","FL","33612","Hillsborough","PCH-3","Hormonal Therapy for Breast Cancer","385","406","","10/01/2015","09/30/2016"
"220162","DANA-FARBER CANCER INSTITUTE","Short-term","450 BROOKLINE AVENUE","BOSTON","MA","02115","Suffolk","PCH-1","Adjuvant Chemotherapy for Colon Cancer","32","32","","04/01/2016","03/31/2017"
"220162","DANA-FARBER CANCER INSTITUTE","Short-term","450 BROOKLINE AVENUE","BOSTON","MA","02115","Suffolk","PCH-2","Combination Chemotherapy for Breast Cancer","102","104","","04/01/2016","03/31/2017"
"220162","DANA-FARBER CANCER INSTITUTE","Short-term","450 BROOKLINE AVENUE","BOSTON","MA","02115","Suffolk","PCH-3","Hormonal Therapy for Breast Cancer","690","712","","10/01/2015","09/30/2016"
"330154","MEMORIAL HOSPITAL FOR CANCER AND ALLIED DISEASES","Short-term","1275 YORK AVENUE","NEW YORK","NY","10021","New York","PCH-1","Adjuvant Chemotherapy for Colon Cancer","107","109","","04/01/2016","03/31/2017"
"330154","MEMORIAL HOSPITAL FOR CANCER AND ALLIED DISEASES","Short-term","1275 YORK AVENUE","NEW YORK","NY","10021","New York","PCH-2","Combination Chemotherapy for Breast Cancer","191","201","","04/01/2016","03/31/2017"
"330154","MEMORIAL HOSPITAL FOR CANCER AND ALLIED DISEASES","Short-term","1275 YORK AVENUE","NEW YORK","NY","10021","New York","PCH-3","Hormonal Therapy for Breast Cancer","960","980","","10/01/2015","09/30/2016"
"330354","ROSWELL PARK CANCER INSTITUTE","Short-term","ELM AND CARLTON STREETS","BUFFALO","NY","14203","Erie","PCH-1","Adjuvant Chemotherapy for Colon Cancer","11","15","","04/01/2016","03/31/2017"
"330354","ROSWELL PARK CANCER INSTITUTE","Short-term","ELM AND CARLTON STREETS","BUFFALO","NY","14203","Erie","PCH-2","Combination Chemotherapy for Breast Cancer","23","25","","04/01/2016","03/31/2017"
"330354","ROSWELL PARK CANCER INSTITUTE","Short-term","ELM AND CARLTON STREETS","BUFFALO","NY","14203","Erie","PCH-3","Hormonal Therapy for Breast Cancer","163","178","","10/01/2015","09/30/2016"
"360242","JAMES CANCER HOSPITAL & SOLOVE RESEARCH INSTITUTE","Short-term","460 WEST TENTH AVENUE","COLUMBUS","OH","43210","Franklin","PCH-1","Adjuvant Chemotherapy for Colon Cancer","27","31","","04/01/2016","03/31/2017"
"360242","JAMES CANCER HOSPITAL & SOLOVE RESEARCH INSTITUTE","Short-term","460 WEST TENTH AVENUE","COLUMBUS","OH","43210","Franklin","PCH-2","Combination Chemotherapy for Breast Cancer","53","54","","04/01/2016","03/31/2017"
"360242","JAMES CANCER HOSPITAL & SOLOVE RESEARCH INSTITUTE","Short-term","460 WEST TENTH AVENUE","COLUMBUS","OH","43210","Franklin","PCH-3","Hormonal Therapy for Breast Cancer","301","303","","10/01/2015","09/30/2016"
"390196","HOSPITAL OF THE FOX CHASE CANCER CENTER","Short-term","333 COTTMAN AVENUE","PHILADELPHIA","PA","19111","Philadelphia","PCH-1","Adjuvant Chemotherapy for Colon Cancer","24","25","","04/01/2016","03/31/2017"
"390196","HOSPITAL OF THE FOX CHASE CANCER CENTER","Short-term","333 COTTMAN AVENUE","PHILADELPHIA","PA","19111","Philadelphia","PCH-2","Combination Chemotherapy for Breast Cancer","27","28","","04/01/2016","03/31/2017"
"390196","HOSPITAL OF THE FOX CHASE CANCER CENTER","Short-term","333 COTTMAN AVENUE","PHILADELPHIA","PA","19111","Philadelphia","PCH-3","Hormonal Therapy for Breast Cancer","201","215","","10/01/2015","09/30/2016"
"450076","UNIVERSITY OF TEXAS M D ANDERSON CANCER CENTER,THE","Short-term","1515 HOLCOMBE BLVD","HOUSTON","TX","77030","Harris","PCH-1","Adjuvant Chemotherapy for Colon Cancer","48","49","","04/01/2016","03/31/2017"
"450076","UNIVERSITY OF TEXAS M D ANDERSON CANCER CENTER,THE","Short-term","1515 HOLCOMBE BLVD","HOUSTON","TX","77030","Harris","PCH-2","Combination Chemotherapy for Breast Cancer","95","99","","04/01/2016","03/31/2017"
"450076","UNIVERSITY OF TEXAS M D ANDERSON CANCER CENTER,THE","Short-term","1515 HOLCOMBE BLVD","HOUSTON","TX","77030","Harris","PCH-3","Hormonal Therapy for Breast Cancer","642","673","","10/01/2015","09/30/2016"
"500138","SEATTLE CANCER CARE ALLIANCE","Short-term","825 EASTLAKE AVENUE EAST","SEATTLE","WA","98109","King","PCH-1","Adjuvant Chemotherapy for Colon Cancer","17","18","","04/01/2016","03/31/2017"
"500138","SEATTLE CANCER CARE ALLIANCE","Short-term","825 EASTLAKE AVENUE EAST","SEATTLE","WA","98109","King","PCH-2","Combination Chemotherapy for Breast Cancer","25","27","","04/01/2016","03/31/2017"
"500138","SEATTLE CANCER CARE ALLIANCE","Short-term","825 EASTLAKE AVENUE EAST","SEATTLE","WA","98109","King","PCH-3","Hormonal Therapy for Breast Cancer","255","269","","10/01/2015","09/30/2016"
