"Measure Name","Measure ID","National payment","Number less than national payment","Number same as national payment","Number greater than national payment","Number of hospitals too few","Footnote","Measure start date","Measure end date"
"Payment for heart attack patients","PAYM_30_AMI","$23,745","194","1907","200","1883","20 - State and national averages do not include VHA hospital data.","07/01/2014","06/30/2017"
"Payment for heart failure patients","PAYM_30_HF","$16,632","420","2594","547","1005","20 - State and national averages do not include VHA hospital data.","07/01/2014","06/30/2017"
"Payment for pneumonia patients","PAYM_30_PN","$17,415","895","2423","828","480","20 - State and national averages do not include VHA hospital data.","07/01/2014","06/30/2017"
"Payment for hip/knee replacement patients","PAYM_90_HIP_KNEE","$21,953","1037","1058","681","681","20 - State and national averages do not include VHA hospital data.","04/01/2014","03/31/2017"
