"Measure Name","Measure ID","National Rate","Number of Hospitals Worse","Number of Hospitals Same","Number of Hospitals Better","Number of Hospitals Too Few","Footnote","Measure Start Date","Measure End Date","Number of Hospitals Fewer","Number of Hospitals Average","Number of Hospitals More","Number of Hospitals Too Small"
"Rate of readmission for heart attack patients","READM_30_AMI","16.0","31","2174","24","1979","","07/01/2014","06/30/2017","Not Applicable","Not Applicable","Not Applicable","Not Applicable"
"Rate of readmission for heart failure patients","READM_30_HF","21.7","170","3520","127","891","","07/01/2014","06/30/2017","Not Applicable","Not Applicable","Not Applicable","Not Applicable"
"Rate of readmission for pneumonia patients","READM_30_PN","16.7","188","4054","61","461","","07/01/2014","06/30/2017","Not Applicable","Not Applicable","Not Applicable","Not Applicable"
"Rate of readmission after hip/knee replacement","READM_30_HIP_KNEE","4.2","29","2734","44","646","20 - State and national averages do not include VHA hospital data.","07/01/2014","06/30/2017","Not Applicable","Not Applicable","Not Applicable","Not Applicable"
"Rate of readmission after discharge from hospital (hospital-wide)","READM_30_HOSP_WIDE","15.3","265","4060","184","178","20 - State and national averages do not include VHA hospital data.","07/01/2016","06/30/2017","Not Applicable","Not Applicable","Not Applicable","Not Applicable"
"Rate of readmission for chronic obstructive pulmonary disease (COPD) patients","READM_30_COPD","19.6","56","3627","18","875","20 - State and national averages do not include VHA hospital data.","07/01/2014","06/30/2017","Not Applicable","Not Applicable","Not Applicable","Not Applicable"
"Rate of readmission for stroke patients","READM_30_STK","11.9","33","2508","7","1796","20 - State and national averages do not include VHA hospital data.","07/01/2014","06/30/2017","Not Applicable","Not Applicable","Not Applicable","Not Applicable"
"Rate of readmission for CABG surgery patients","READM_30_CABG","13.2","10","1002","8","160","20 - State and national averages do not include VHA hospital data.","07/01/2014","06/30/2017","Not Applicable","Not Applicable","Not Applicable","Not Applicable"
"Rate of unplanned hospital visits after colonoscopy (per 1,000 colonoscopies)","OP_32","16.4","1","3052","1","854","20 - State and national averages do not include VHA hospital data.","01/01/2016","12/31/2016","Not Applicable","Not Applicable","Not Applicable","Not Applicable"
"Hospital return days for heart attack patients","EDAC_30_AMI","Not Applicable","Not Applicable","Not Applicable","Not Applicable","Not Applicable","5 - Results are not available for this reporting period., 20 - State and national averages do not include VHA hospital data.","07/01/2014","06/30/2017","253","1396","493","1943"
"Hospital return days for heart failure patients","EDAC_30_HF","Not Applicable","Not Applicable","Not Applicable","Not Applicable","Not Applicable","5 - Results are not available for this reporting period., 20 - State and national averages do not include VHA hospital data.","07/01/2014","06/30/2017","440","2484","766","887"
"Hospital return days for pneumonia patients","EDAC_30_PN","Not Applicable","Not Applicable","Not Applicable","Not Applicable","Not Applicable","5 - Results are not available for this reporting period., 20 - State and national averages do not include VHA hospital data.","07/01/2014","06/30/2017","594","2599","982","458"
