"Measure Name","Measure ID","Score","Footnote","Measure Start Date","Measure End Date"
"Central line-associated blood stream infections (CLABSI)","HAI_1_SIR","1","","01/01/2013","12/31/2013"
"Catheter-Associated Urinary Tract Infections (CAUTI)","HAI_2_SIR","1","","01/01/2013","12/31/2013"
"Surgical Site Infection from colon surgery (SSI: Colon)","HAI_3_SIR","1","","01/01/2013","12/31/2013"
"Surgical Site Infection from abdominal hysterectomy (SSI: Hysterectomy)","HAI_4_SIR","1","","01/01/2013","12/31/2013"
"Methicillin-resistant Staphylococcus Aureus (MRSA) Blood Laboratory-identified Events (Bloodstream infections)","HAI_5_SIR","1","","01/01/2013","12/31/2013"
"Clostridium difficile (C.diff.) Laboratory-identified Events (Intestinal infections)","HAI_6_SIR","1","","01/01/2013","12/31/2013"
