"Measure Name","Measure Start Quarter","Measure Start Date","Measure End Quarter","Measure End Date"
"Aspirin at arrival","4Q10"," 10/01/2010","3Q11","09/30/2011"
"Aspirin prescribed at discharge","4Q10"," 10/01/2010","3Q11","09/30/2011"
"ACEI or ARB for LVSD","4Q10"," 10/01/2010","3Q11","09/30/2011"
"Adult smoking cessation advice/counseling","4Q10"," 10/01/2010","3Q11","09/30/2011"
"Beta-blocker prescribed at discharge","4Q10"," 10/01/2010","3Q11","09/30/2011"
"Fibrinolytic Therapy received within 30 minutes of hospital arrival","4Q10"," 10/01/2010","3Q11","09/30/2011"
"Primary PCI received within 90 minutes of hospital arrival","4Q10"," 10/01/2010","3Q11","09/30/2011"
"Statin Prescribed at Discharge","1Q11"," 01/01/2011","3Q11","09/30/2011"
"Discharge instructions","4Q10"," 10/01/2010","3Q11","09/30/2011"
"Evaluation of LVS Function","4Q10"," 10/01/2010","3Q11","09/30/2011"
"ACEI or ARB for LVSD","4Q10"," 10/01/2010","3Q11","09/30/2011"
"Adult smoking cessation advice/counseling","4Q10"," 10/01/2010","3Q11","09/30/2011"
"Pneumococcal vaccination","4Q10"," 10/01/2010","3Q11","09/30/2011"
"Blood Cultures Performed in the Emergency Department Prior to Initial Antibiotic Received in Hospital","4Q10"," 10/01/2010","3Q11","09/30/2011"
"Adult smoking cessation advice/counseling","4Q10"," 10/01/2010","3Q11","09/30/2011"
"Initial antibiotic received within 6 hours of hospital arrival","4Q10"," 10/01/2010","3Q11","09/30/2011"
"Initial antibiotic selection for CAP in immunocompetent patient","4Q10"," 10/01/2010","3Q11","09/30/2011"
"Influenza vaccination","4Q10"," 10/01/2010","1Q11","03/31/2011"
"Prophylactic antibiotic received within 1 hour prior to surgical incision","4Q10"," 10/01/2010","3Q11","09/30/2011"
"Prophylactic antibiotic selection for surgical patients","4Q10"," 10/01/2010","3Q11","09/30/2011"
"Prophylactic antibiotics discontinued within 24 hours after surgery end time","4Q10"," 10/01/2010","3Q11","09/30/2011"
"Cardiac Surgery Patients With Controlled 6 A. M. Postoperative Blood Glucose","4Q10"," 10/01/2010","3Q11","09/30/2011"
"Surgery Patients with Appropriate Hair Removal","4Q10"," 10/01/2010","3Q11","09/30/2011"
"Urinary Catheter Removed on Postoperative Day 1 (POD 1) or Postoperative Day 2 (POD 2) with Day of Surgery being Day Zero","4Q10"," 10/01/2010","3Q11","09/30/2011"
"Surgery Patients with Perioperative Temperature Management","4Q10"," 10/01/2010","3Q11","09/30/2011"
"Surgery Patients on Beta-Blocker Therapy Prior to Arrival Who Received a Beta-Blocker During the Perioperative Period","4Q10"," 10/01/2010","3Q11","09/30/2011"
"Surgery Patients with Recommended Venous Thromboembolism Prophylaxis Ordered","4Q10"," 10/01/2010","3Q11","09/30/2011"
"Surgery Patients Who Received Appropriate Venous Thromboembolism Prophylaxis Within 24 Hours Prior to Surgery to 24 Hours After Surgery","4Q10"," 10/01/2010","3Q11","09/30/2011"
"Acute Myocardial Infarction (AMI) 30-Day Mortality Rate","3Q08"," 07/01/2008","2Q11","06/30/2011"
"Heart failure (HF) 30-Day Mortality Rate","3Q08"," 07/01/2008","2Q11","06/30/2011"
"Pneumonia (PN) 30-Day Mortality Rate","3Q08"," 07/01/2008","2Q11","06/30/2011"
"Acute Myocardial Infarction (AMI) 30-Day Readmission Rate","3Q08"," 07/01/2008","2Q11","06/30/2011"
"Heart failure (HF) 30-Day Readmission Rate","3Q08"," 07/01/2008","2Q11","06/30/2011"
"Pneumonia (PN) 30-Day Readmission Rate","3Q08"," 07/01/2008","2Q11","06/30/2011"
"Rate of Death among Surgical Inpatients with Serious Treatable Complications","3Q09"," 07/01/2009","2Q11","06/30/2011"
"Iatrogenic Pneumothorax Rate","3Q09"," 07/01/2009","2Q11","06/30/2011"
"PostoperativeRespiratory Failure Rate","3Q09"," 07/01/2009","2Q11","06/30/2011"
"Postoperative Pulmonary Embolism or Deep Vein Thrombosis Rate","3Q09"," 07/01/2009","2Q11","06/30/2011"
"Postoperative Wound Dehiscence Rate","3Q09"," 07/01/2009","2Q11","06/30/2011"
"Accidental Puncture/Laceration Rate","3Q09"," 07/01/2009","2Q11","06/30/2011"
"Complications/Patient Safety for Selected Indicators","3Q09"," 07/01/2009","2Q11","06/30/2011"
"Abdominal Aortic Aneurysm (AAA) Repair Mortality Rate","3Q09"," 07/01/2009","2Q11","06/30/2011"
"Hip Fracture Mortality Rate","3Q09"," 07/01/2009","2Q11","06/30/2011"
"Mortality for Selected ConditionsComposite Score","3Q09"," 07/01/2009","2Q11","06/30/2011"
"Hospital CAHPS","4Q10"," 10/01/2010","3Q11","09/30/2011"
"Relievers for Inpatient Asthma","4Q10"," 10/01/2010","3Q11","09/30/2011"
"Systemic Corticosteroids for Inpatient Asthma","4Q10"," 10/01/2010","3Q11","09/30/2011"
"Home Management Plan of Care (HMPC) Document Given to Patient/Caregiver","4Q10"," 10/01/2010","3Q11","09/30/2011"
"Central Line Associated Bloodstream Infections","1Q11","01/01/2011","3Q11","09/30/2011"
"Foreign object retained after surgery","3Q09","07/01/2009","2Q11","06/30/2011"
"Air embolism","3Q09","07/01/2009","2Q11","06/30/2011"
"Blood incompatibility","3Q09","07/01/2009","2Q11","06/30/2011"
"Pressure ulcer stages III and IV","3Q09","07/01/2009","2Q11","06/30/2011"
"Falls and trauma","3Q09","07/01/2009","2Q11","06/30/2011"
"Vascular catheter-associated infection ","3Q09","07/01/2009","2Q11","06/30/2011"
"Catheter-associated UTI","3Q09","07/01/2009","2Q11","06/30/2011"
"Manifestaions of poor glycemic control","3Q09","07/01/2009","2Q11","06/30/2011"
"Median Time to Fibrinolysis","4Q2010","10/01/2010","3Q2011","09/30/2011"
"Fibrinolytic Therapy Received Within 30 Minutes of ED Arrival","4Q2010","10/01/2010","3Q2011","09/30/2011"
"Median Time to Transfer to Another Facility for Acute Coronary Intervention- Reporting Rate","4Q2010","10/01/2010","3Q2011","09/30/2011"
"Aspirin at Arrival","4Q2010","10/01/2010","3Q2011","09/30/2011"
"Median Time to ECG","4Q2010","10/01/2010","3Q2011","09/30/2011"
"Timing of Antibiotic Prophylaxis","4Q2010","10/01/2010","3Q2011","09/30/2011"
"Prophylactic Antibiotic Selection for Surgical Patients","4Q2010","10/01/2010","3Q2011","09/30/2011"
"MRI Lumbar Spine for Low Back Pain","1Q2010","01/01/2010","4Q2010","12/31/2010"
"Mammography Follow-up Rates","1Q2010","01/01/2010","4Q2010","12/31/2010"
"Abdomen CT - Use of Contrast Material","1Q2010","01/01/2010","4Q2010","12/31/2010"
"Thorax CT - Use of Contrast Material","1Q2010","01/01/2010","4Q2010","12/31/2010"
"Cardiac imaging for preoperative risk assessment for non-cardiac low-risk surgery","1Q2010","01/01/2010","4Q2010","12/31/2010"
"Simultaneous use of brain Computed Tomography (CT) and sinus Computed Tomography (CT)","1Q2010","01/01/2010","4Q2010","12/31/2010"
