"Diagnosis Related Group","Medicare Average Payment Minimum","Medicare Average Payment Maximum","Number Of Cases"
"Acute myocardial infarction, discharged alive w/o CC/MCC","4531 "," 5689","32943"
"Acute myocardial infarction, discharged alive w MCC","10116 "," 12857","79780"
"Acute myocardial infarction, discharged alive w CC","6481 "," 8137","38875"
"Heart failure and shock w/o CC/MCC","3944 "," 4900","104820"
"Heart failure and shock w MCC","8240 ","10351","241821"
"Heart failure and shock w CC","5500 "," 6845","176344"
"Chronic obstructive pulmonary disease w/o CC/MCC","4062 "," 4991","122873"
"Chronic obstructive pulmonary disease w MCC","6797 "," 8387","154270"
"Chronic obstructive pulmonary disease w CC","5439 "," 6667","130651"
"Simple pneumonia and pleurisy w MCC","8077 ","10013","151057"
"Diabetes w MCC","7592 "," 9766","28790"
"Chest Pain","3139 "," 4006","161260"
"Cardiac valve and oth maj cardiothoracic proc w/o card cath w/o CC/MCC","25846 "," 34302","4332"
"Cardiac valve and oth maj cardiothoracic proc w/o card cath w MCC","46057 "," 65147","15392"
"Cardiac valve and oth maj cardiothoracic proc w/o card cath w CC","30384 "," 41101","15543"
"Major cardiovasc procedures w MCC or thoracic aortic aneurysm repair","29819 "," 41483","24280"
"Cardiac defibrillator implant w/o cardiac cath w/o MCC","29828 "," 39377","24962"
"Cardiac defibrillator implant w/o cardiac cath w MCC","39281 "," 52196","7946"
"Cardiac defib implant w cardiac cath w/o AMI/HF/shock w/o MCC","34483 "," 44902","3823"
"Cardiac defib implant w cardiac cath w/o AMI/HF/shock w MCC","45441 "," 60020","2893"
"Extracranial procedures w/o CC/MCC","5724 "," 6959","40741"
"Extracranial procedures w CC","8470 ","10403","12655"
"Coronary bypass w/o cardiac cath w/o MCC","20489 "," 26342","22165"
"Coronary bypass w/o cardiac cath w MCC","31346 "," 43425","10735"
"Permanent cardiac pacemaker implant w/o CC/MCC","11505 "," 14244","38957"
"Permanent cardiac pacemaker implant w CC","14803 "," 18444","32373"
"Perc cardiovasc proc w drug-eluting stent w/o MCC","11051 "," 14077","125573"
"Laparoscopic cholecystectomy w/o c.d.e. w/o CC/MCC","6479 "," 7997","26991"
"Laparoscopic cholecystectomy w/o c.d.e. w MCC","13792 "," 17017","20866"
"Laparoscopic cholecystectomy w/o c.d.e. w CC","9352 ","11328","24717"
"Cholecystectomy except by laparoscope w/o c.d.e. w MCC","20233 "," 26420","5011"
"Hernia procedures except inguinal and femoral w/o CC/MCC","5729 "," 7293","12750"
"Hernia procedures except inguinal and femoral w MCC","14762 "," 19283","4100"
"Hernia procedures except inguinal and femoral w CC","8338 ","10673","9171"
"Major small and large bowel procedures w/o CC/MCC","9155 ","11614","24283"
"Major small and large bowel procedures w CC","14190 "," 18127","54152"
"Major small and large bowel procedures w MCC","28386 "," 38058","48991"
"Stomach, esophageal duodenal proc w/o CC/MCC","8178 ","10922","9310"
"Cervical spinal fusion w/o CC/MCC","11402 "," 14386","26762"
"Cervical spinal fusion w MCC","27717 "," 38185","3180"
"Cervical spinal fusion w CC","16147 "," 21219","9196"
"Spinal fusion except cervical w/o MCC","21163 "," 27327","65508"
"Spinal fusion except cervical w MCC","33634 "," 45709","5099"
"Back and neck proc exc spinal fusion w/o CC/MCC","5504 "," 6951","41960"
"Back and neck proc exc spinal fusion w CC/MCC or disc device/neurostim","10294 "," 13081","21458"
"Major shoulder or elbow joint procedures w/o CC/MCC","7167 "," 9214","1056"
"Major shoulder or elbow joint procedures w CC/MCC","10644 "," 13405","682"
"Bilateral or multiple major joint procs of lower extremity w/o MCC","18528 "," 23967","10756"
"Bilateral or multiple major joint procs of lower extremity w MCC","26142 "," 34113","972"
"Major joint replacement or reattachment of lower extremity w/o MCC","11649 "," 14438","423627"
"Major joint replacement or reattachment of lower extremity w MCC","17079 "," 22381","36621"
"Revision of hip or knee replacement w/o CC/MCC","14379 "," 18876","15702"
"Revision of hip or knee replacement w MCC","24331 "," 33337","4953"
"Revision of hip or knee replacement w CC","17305 "," 22198","19715"
"Biopsies of musculoskeletal system and connective tissue w/o CC/MCC","8667 ","10676","4142"
"Biopsies of musculoskeletal system and connective tissue w MCC","17449 "," 22970","3368"
"Biopsies of musculoskeletal system and connective tissue w CC","12160 "," 15239","7295"
"Other musculoskelet sys and conn tiss O.R. proc w MCC","16955 "," 22040","4829"
"Kidney and ureter procedures for neoplasm w/o CC/MCC","8034 ","10830","6972"
"Kidney and ureter procedures for neoplasm w MCC","19262 "," 25876","5217"
"Kidney and ureter procedures for neoplasm w CC","10896 "," 14606","7012"
"Kidney and ureter procedures for non-neoplasm w MCC","19291 "," 27640","5822"
"Transurethral procedures w MCC","13044 "," 16261","6009"
"Other kidney and urinary tract procedures w/o CC/MCC","7629 "," 9986","2309"
"Other kidney and urinary tract procedures w MCC","17258 "," 23136","12209"
"Other kidney and urinary tract procedures w CC","12091 "," 15905","7894"
"Transurethral prostatectomy w/o CC/MCC","3690 "," 4668","20117"
"Transurethral prostatectomy w CC/MCC","6545 "," 8240","8981"
"Female reproductive system reconstructive procedures","5060 "," 6254","15555"
"Uterine and adnexa proc for non-malignancy w/o CC/MCC","5112 "," 6505","26726"
