"Provider Number","Hospital Name","Address 1","Address 2","Address 3","City","State","ZIP Code","County Name","Phone Number","Percent of Children Who Received Reliever Medication While Hospitalized for Asthma","Number of Patients 1","Footnote 1","Percent of Children Who Received Systemic Corticosteroid Medication While Hospitalized for Asthma","Number of Patients 2","Footnote 2","Percent of Children and their Caregivers Who Received a Home Management Plan of Care Document While Hospitalized for Asthma","Number of Patients 3","Footnote 3"
"140053","ST JOHNS HOSPITAL","800 E CARPENTER ST","","","SPRINGFIELD","IL","62769","SANGAMON","2175446464","100","85","","100","85","","82","84",""
"130006","ST LUKES REGIONAL MEDICAL CENTER","190 EAST BANNOCK STREET","","","BOISE","ID","83712","ADA","2083812222","100","74","","100","74","","75","73",""
"010039","HUNTSVILLE HOSPITAL","101 SIVLEY RD","","","HUNTSVILLE","AL","35801","MADISON","2562651000","100","208","","100","208","","68","208",""
"020012","FAIRBANKS MEMORIAL HOSPITAL","1650 COWLES STREET","","","FAIRBANKS","AK","99701","FAIRBANKS NORTH STAR","9074528181","100","12","The number of cases is too small to reliably tell how well a hospital is performing","100","12","The number of cases is too small to reliably tell how well a hospital is performing","100","12","The number of cases is too small to reliably tell how well a hospital is performing"
"030064","UNIVERSITY OF ARIZONA MEDICAL CTR-UNIVERSITY, THE","1501 NORTH CAMPBELL AVENUE","","","TUCSON","AZ","85724","PIMA","5206940111","100","152","The hospital indicated that the data submitted for this measure were based on a sample of cases","100","151","The hospital indicated that the data submitted for this measure were based on a sample of cases","76","153","The hospital indicated that the data submitted for this measure were based on a sample of cases"
"030065","BANNER DESERT MEDICAL CENTER","1400 SOUTH  DOBSON ROAD","","","MESA","AZ","85202","MARICOPA","4804123000","100","325","The hospital indicated that the data submitted for this measure were based on a sample of cases","100","325","The hospital indicated that the data submitted for this measure were based on a sample of cases","86","323","The hospital indicated that the data submitted for this measure were based on a sample of cases"
"030073","TUBA CITY REGIONAL HEALTH CARE CORPORATION","PO BOX 600","","","TUBA CITY","AZ","86045","COCONINO","9282832501","100","10","The number of cases is too small to reliably tell how well a hospital is performing","100","10","The number of cases is too small to reliably tell how well a hospital is performing","70","10","The number of cases is too small to reliably tell how well a hospital is performing"
"043300","ARKANSAS CHILDREN'S HOSPITAL","800 MARSHALL STREET SLOT 301","","","LITTLE ROCK","AR","72202","PULASKI","5013641100","100","162","","98","162","","85","162",""
"050104","SAINT FRANCIS MEDICAL CENTER","3630 EAST IMPERIAL HIGHWAY","","","LYNWOOD","CA","90262","LOS ANGELES","3109008900","100","60","","100","60","","98","57",""
"040020","ST BERNARDS MEDICAL CTR","225 E JACKSON","","","JONESBORO","AR","72401","CRAIGHEAD","8709724100","100","26","","100","26","","72","25",""
"050327","LOMA LINDA UNIVERSITY MEDICAL CENTER","11234 ANDERSON ST","","","LOMA LINDA","CA","92354","SAN BERNARDINO","9095584000","100","167","","98","167","","59","166",""
"050599","UNIVERSITY OF CALIFORNIA DAVIS MEDICAL CENTER","2315 STOCKTON BOULEVARD","","","SACRAMENTO","CA","95817","SACRAMENTO","9167342011","100","107","The hospital indicated that the data submitted for this measure were based on a sample of cases","100","107","The hospital indicated that the data submitted for this measure were based on a sample of cases","79","106","The hospital indicated that the data submitted for this measure were based on a sample of cases"
"053305","LUCILE SALTER PACKARD CHILDREN'S HSP AT STANFORD","725 WELCH ROAD","","","PALO ALTO","CA","94304","SANTA CLARA","6504978000","100","113","The hospital indicated that the data submitted for this measure were based on a sample of cases","100","113","The hospital indicated that the data submitted for this measure were based on a sample of cases","94","111","The hospital indicated that the data submitted for this measure were based on a sample of cases"
"053309","MILLER CHILDREN'S HOSPITAL","2801 ATLANTIC AVENUE","","","LONG BEACH","CA","90806","LOS ANGELES","5629338001","100","368","","100","367","","91","365",""
"063301","CHILDRENS HOSPITAL COLORADO","13123 EAST 16TH AVENUE","","","AURORA","CO","80045","ADAMS","7207771234","100","630","The hospital indicated that the data submitted for this measure were based on a sample of cases","100","630","The hospital indicated that the data submitted for this measure were based on a sample of cases","89","626","The hospital indicated that the data submitted for this measure were based on a sample of cases"
"070022","YALE-NEW HAVEN HOSPITAL","20 YORK ST","","","NEW HAVEN","CT","06504","NEW HAVEN","2036884242","100","301","The hospital indicated that the data submitted for this measure were based on a sample of cases","100","299","The hospital indicated that the data submitted for this measure were based on a sample of cases","86","300","The hospital indicated that the data submitted for this measure were based on a sample of cases"
"073300","CONNECTICUT CHILDRENS MEDICAL CENTER","282 WASHINGTON STREET","","","HARTFORD","CT","06106","HARTFORD","8605459000","100","295","","100","295","","89","295",""
"090003","HOWARD UNIVERSITY HOSPITAL","2041 GEORGIA AVE NW","","","WASHINGTON","DC","20060","DISTRICT OF COLUMBIA","2027456100","100","24","The number of cases is too small to reliably tell how well a hospital is performing","100","24","The number of cases is too small to reliably tell how well a hospital is performing","30","23","The number of cases is too small to reliably tell how well a hospital is performing"
"090004","GEORGETOWN UNIVERSITY HOSPITAL","3800 RESERVOIR RD","","","WASHINGTON","DC","20007","DISTRICT OF COLUMBIA","2027843000","100","44","The hospital indicated that the data submitted for this measure were based on a sample of cases","98","44","The hospital indicated that the data submitted for this measure were based on a sample of cases","89","44","The hospital indicated that the data submitted for this measure were based on a sample of cases"
"093300","CHILDREN'S HOSPITAL NMC","111 MICHIGAN AVE, NW","","","WASHINGTON","DC","20010","DISTRICT OF COLUMBIA","2028845000","100","383","The hospital indicated that the data submitted for this measure were based on a sample of cases","100","383","The hospital indicated that the data submitted for this measure were based on a sample of cases","87","382","The hospital indicated that the data submitted for this measure were based on a sample of cases"
"100006","ORLANDO HEALTH","1414 S KUHL AVE","","","ORLANDO","FL","32806","ORANGE","3218415111","99","261","","99","259","","93","258",""
"100038","MEMORIAL REGIONAL HOSPITAL","3501 JOHNSON ST","","","HOLLYWOOD","FL","33021","BROWARD","9549872000","100","354","","100","354","","99","354",""
"100088","BAPTIST MEDICAL CENTER","800 PRUDENTIAL DR","","","JACKSONVILLE","FL","32207","DUVAL","9042022000","100","383","","100","380","","95","383",""
"100246","LAWNWOOD REGIONAL MEDICAL CENTER & HEART INSTITUTE","1700 S 23RD ST","","","FORT PIERCE","FL","34950","SAINT LUCIE","7724614000","100","50","","100","50","","93","46",""
"110095","TIFT REGIONAL MEDICAL CENTER","901 E 18TH STREET","","","TIFTON","GA","31793","TIFT","2293827120","100","58","","98","58","","95","58",""
"150161","INDIANA UNIVERSITY HEALTH NORTH HOSPITAL","11700 N MERIDIAN ST","","","CARMEL","IN","46032","HAMILTON","3176882000","100","68","The hospital indicated that the data submitted for this measure were based on a sample of cases","100","68","The hospital indicated that the data submitted for this measure were based on a sample of cases","70","67","The hospital indicated that the data submitted for this measure were based on a sample of cases"
"170123","WESLEY MEDICAL CENTER","550 N HILLSIDE ST","","","WICHITA","KS","67214","SEDGWICK","3169622000","100","122","","100","122","","97","122",""
"180018","ST CLAIRE REGIONAL MEDICAL CENTER","222 MEDICAL CIRCLE","","","MOREHEAD","KY","40351","ROWAN","6067836500","100","6","The number of cases is too small to reliably tell how well a hospital is performing","100","6","The number of cases is too small to reliably tell how well a hospital is performing","100","6","The number of cases is too small to reliably tell how well a hospital is performing"
"180067","UNIVERSITY OF KENTUCKY HOSPITAL","HOSPITAL ADMINISTRATION, 800 ROSE STREET, N100","","","LEXINGTON","KY","40536","FAYETTE","8593235220","100","117","","97","117","","79","117",""
"180088","NORTON HOSPITALS, INC","200 EAST CHESTNUT STREET","","","LOUISVILLE","KY","40202","JEFFERSON","5026296560","100","616","","100","615","","91","616",""
"190125","ST FRANCIS MEDICAL CENTER","309 JACKSON STREET","","","MONROE","LA","71201","OUACHITA","3189664141","100","52","","98","52","","87","52",""
"210003","PRINCE GEORGES HOSPITAL CENTER","3001 HOSPITAL DRIVE","","","CHEVERLY","MD","20785","PRINCE GEORGES","3016182000","100","13","The number of cases is too small to reliably tell how well a hospital is performing","92","13","The number of cases is too small to reliably tell how well a hospital is performing","0","13","The number of cases is too small to reliably tell how well a hospital is performing"
"210033","CARROLL HOSPITAL CENTER","200 MEMORIAL AVE","","","WESTMINSTER","MD","21157","CARROLL","4108716900","100","28","","100","28","","92","26",""
"210043","BALTIMORE WASHINGTON  MEDICAL CENTER","301 HOSPITAL DR","","","GLEN BURNIE","MD","21061","ANNE ARUNDEL","4107874400","100","80","","99","80","","97","78",""
"220077","BAYSTATE MEDICAL CENTER","759 CHESTNUT STREET","","","SPRINGFIELD","MA","01199","HAMPDEN","4137940000","100","96","","100","97","","91","99",""
"223302","CHILDREN'S HOSPITAL BOSTON","300 LONGWOOD AVENUE","","","BOSTON","MA","02115","SUFFOLK","6177356000","100","353","The hospital indicated that the data submitted for this measure were based on a sample of cases","100","353","The hospital indicated that the data submitted for this measure were based on a sample of cases","74","352","The hospital indicated that the data submitted for this measure were based on a sample of cases"
"230030","MIDMICHIGAN MEDICAL CENTER-GRATIOT","300 E WARWICK DR","","","ALMA","MI","48801","GRATIOT","9894631101","100","8","The number of cases is too small to reliably tell how well a hospital is performing","100","8","The number of cases is too small to reliably tell how well a hospital is performing","25","8","The number of cases is too small to reliably tell how well a hospital is performing"
"230038","SPECTRUM HEALTH - BUTTERWORTH CAMPUS","100 MICHIGAN ST NE","","","GRAND RAPIDS","MI","49503","KENT","6163911774","100","168","","99","168","","95","168",""
"233300","CHILDREN'S HOSPITAL OF MICHIGAN","3901 BEAUBIEN","","","DETROIT","MI","48201","WAYNE","3137455437","100","339","The hospital indicated that the data submitted for this measure were based on a sample of cases","100","339","The hospital indicated that the data submitted for this measure were based on a sample of cases","90","338","The hospital indicated that the data submitted for this measure were based on a sample of cases"
"240004","HENNEPIN COUNTY MEDICAL CENTER","701 PARK AVENUE","","","MINNEAPOLIS","MN","55415","HENNEPIN","6128733000","100","24","The number of cases is too small to reliably tell how well a hospital is performing","100","24","The number of cases is too small to reliably tell how well a hospital is performing","74","23","The number of cases is too small to reliably tell how well a hospital is performing"
"240075","ESSENTIA HEALTH ST JOSEPH'S MEDICAL CENTER","523 NORTH 3RD STREET","","","BRAINERD","MN","56401","CROW WING","2188292861","100","3","The number of cases is too small to reliably tell how well a hospital is performing","100","3","The number of cases is too small to reliably tell how well a hospital is performing","33","3","The number of cases is too small to reliably tell how well a hospital is performing"
"260020","MERCY HOSPITAL ST LOUIS","615 NEW BALLAS ROAD","","","SAINT LOUIS","MO","63141","SAINT LOUIS","3145696000","100","176","","100","176","","83","175",""
"260091","SSM ST MARYS HEALTH CENTER","6420 CLAYTON RD","","","RICHMOND HEIGHTS","MO","63117","SAINT LOUIS","3147688000","100","315","","100","315","","97","315",""
"283301","CHILDREN'S HOSPITAL & MEDICAL CENTER","8200 DODGE ST","","","OMAHA","NE","68114","DOUGLAS","4029555400","100","61","","100","61","","78","58",""
"290001","RENOWN REGIONAL MEDICAL CENTER","1155 MILL STREET","","","RENO","NV","89502","WASHOE","7759824100","100","63","","100","63","","98","63",""
"013301","UNIV OF S AL CHILDREN'S & WOMEN'S HOS","1700 CENTER STREET","","","MOBILE","AL","36604","MOBILE","2514151000","100","117","The hospital indicated that the data submitted for this measure were based on a sample of cases","100","117","The hospital indicated that the data submitted for this measure were based on a sample of cases","76","117","The hospital indicated that the data submitted for this measure were based on a sample of cases"
"033302","PHOENIX CHILDREN'S HOSPITAL","1919 EAST THOMAS ROAD","","","PHOENIX","AZ","85016","MARICOPA","6029330400","100","281","The hospital indicated that the data submitted for this measure were based on a sample of cases","100","278","The hospital indicated that the data submitted for this measure were based on a sample of cases","91","281","The hospital indicated that the data submitted for this measure were based on a sample of cases"
"040118","NEA BAPTIST MEMORIAL HOSPITAL","3024 STADIUM BOULEVARD","","","JONESBORO","AR","72401","CRAIGHEAD","8709727000","100","5","The number of cases is too small to reliably tell how well a hospital is performing","100","5","The number of cases is too small to reliably tell how well a hospital is performing","75","4","The number of cases is too small to reliably tell how well a hospital is performing"
"050047","CALIFORNIA PACIFIC MEDICAL CTR-PACIFIC CAMPUS HOSP","2333 BUCHANAN STREET","","","SAN FRANCISCO","CA","94115","SAN FRANCISCO","4156006000","100","45","","100","45","","93","45",""
"050055","CALIFORNIA PACIFIC MEDICAL CTR - ST. LUKE'S CAMPUS","3555 CESAR CHAVEZ STREET","","","SAN FRANCISCO","CA","94110","SAN FRANCISCO","4156416562","100","13","The number of cases is too small to reliably tell how well a hospital is performing","100","13","The number of cases is too small to reliably tell how well a hospital is performing","77","13","The number of cases is too small to reliably tell how well a hospital is performing"
"050283","VALLEYCARE MEDICAL CENTER","5555 WEST LAS POSITAS BOULEVARD","","","PLEASANTON","CA","94588","ALAMEDA","9254477000","100","21","The number of cases is too small to reliably tell how well a hospital is performing","100","21","The number of cases is too small to reliably tell how well a hospital is performing","52","21","The number of cases is too small to reliably tell how well a hospital is performing"
"050454","UCSF MEDICAL CENTER","505 PARNASSUS AVE, BOX 0296","","","SAN FRANCISCO","CA","94143","SAN FRANCISCO","4153532733","100","39","","100","39","","77","39",""
"053302","CHILDREN'S HOSP OF LOS ANGELES","4650 SUNSET BLVD","","","LOS ANGELES","CA","90027","LOS ANGELES","3236692164","100","142","","99","142","","88","142",""
"110034","MEDICAL COLLEGE OF GA HOSPITALS AND CLINICS","1120 15TH STREET","","","AUGUSTA","GA","30912","RICHMOND","7067216569","100","136","The hospital indicated that the data submitted for this measure were based on a sample of cases","100","136","The hospital indicated that the data submitted for this measure were based on a sample of cases","89","136","The hospital indicated that the data submitted for this measure were based on a sample of cases"
"140088","THE UNIVERSITY OF CHICAGO MEDICAL CENTER","5841 SOUTH MARYLAND","","","CHICAGO","IL","60637","COOK","7737021000","100","211","The hospital indicated that the data submitted for this measure were based on a sample of cases","100","211","The hospital indicated that the data submitted for this measure were based on a sample of cases","64","209","The hospital indicated that the data submitted for this measure were based on a sample of cases"
"140276","LOYOLA UNIVERSITY MEDICAL CENTER","2160 S 1ST AVENUE","","","MAYWOOD","IL","60153","COOK","7082169000","100","175","","100","167","","73","175",""
"230017","BRONSON METHODIST HOSPITAL","601 JOHN STREET","","","KALAMAZOO","MI","49007","KALAMAZOO","2693416000","100","97","","99","97","","71","97",""
"240080","UNIVERSITY OF MINNESOTA  MEDICAL CENTER, FAIRVIEW","2450 RIVERSIDE AVENUE","","","MINNEAPOLIS","MN","55454","HENNEPIN","6122733000","100","19","The number of cases is too small to reliably tell how well a hospital is performing","95","19","The number of cases is too small to reliably tell how well a hospital is performing","58","19","The number of cases is too small to reliably tell how well a hospital is performing"
"243302","CHILDREN'S HOSPITALS & CLINICS OF MN","2525 CHICAGO AVENUE SOUTH","","","MINNEAPOLIS","MN","55404","HENNEPIN","6128136112","100","269","The hospital indicated that the data submitted for this measure were based on a sample of cases","99","269","The hospital indicated that the data submitted for this measure were based on a sample of cases","72","269","The hospital indicated that the data submitted for this measure were based on a sample of cases"
"250001","UNIVERSITY OF MISSISSIPPI MED CENTER","2500 N STATE ST","","","JACKSON","MS","39216","HINDS","6019844100","100","225","","100","225","","90","225",""
"263302","CHILDRENS MERCY HOSPITAL","2401 GILLHAM ROAD","","","KANSAS CITY","MO","64108","JACKSON","8162343000","100","359","The hospital indicated that the data submitted for this measure were based on a sample of cases","100","356","The hospital indicated that the data submitted for this measure were based on a sample of cases","78","354","The hospital indicated that the data submitted for this measure were based on a sample of cases"
"320001","UNM HOSPITAL","2211 LOMAS BOULEVARD NE","","","ALBUQUERQUE","NM","87106","BERNALILLO","5052722111","100","101","The hospital indicated that the data submitted for this measure were based on a sample of cases","100","101","The hospital indicated that the data submitted for this measure were based on a sample of cases","96","101","The hospital indicated that the data submitted for this measure were based on a sample of cases"
"320018","MEMORIAL MEDICAL CENTER INC","2450 SOUTH TELSHOR BLVD","","","LAS CRUCES","NM","88011","DONA ANA","5755228641","100","28","","100","28","","93","28",""
"330101","NEW YORK-PRESBYTERIAN HOSPITAL","525 EAST 68TH STREET","","","NEW YORK","NY","10021","NEW YORK","2127464189","100","344","The hospital indicated that the data submitted for this measure were based on a sample of cases","100","343","The hospital indicated that the data submitted for this measure were based on a sample of cases","64","344","The hospital indicated that the data submitted for this measure were based on a sample of cases"
"330214","NYU HOSPITALS CENTER","550 FIRST AVENUE","","","NEW YORK","NY","10016","NEW YORK","2122637300","100","29","","97","29","","0","28",""
"330393","UNIVERSITY HOSPITAL ( STONY BROOK )","HEALTH SCIENCES CENTER SUNY","","","STONY BROOK","NY","11794","SUFFOLK","6314444000","100","121","","94","122","","65","122","The hospital indicated that the data submitted for this measure were based on a sample of cases"
"340001","CAROLINAS MEDICAL CENTER-NORTHEAST","920 CHURCH ST N","","","CONCORD","NC","28025","CABARRUS","7047833000","100","51","","98","50","","82","49",""
"340002","MEMORIAL MISSION HOSPITAL AND ASHEVILLE SURGERY CE","509 BILTMORE AVE","","","ASHEVILLE","NC","28801","BUNCOMBE","8282131111","100","53","","96","51","","15","53",""
"340047","NORTH CAROLINA BAPTIST HOSPITAL","MEDICAL CENTER BOULEVARD","","","WINSTON-SALEM","NC","27157","FORSYTH","3367162011","100","97","The hospital indicated that the data submitted for this measure were based on a sample of cases","100","97","The hospital indicated that the data submitted for this measure were based on a sample of cases","85","97","The hospital indicated that the data submitted for this measure were based on a sample of cases"
"340053","PRESBYTERIAN HOSPITAL","200 HAWTHORNE LANE BOX 33549","","","CHARLOTTE","NC","28233","MECKLENBURG","7043844000","100","151","","100","151","","95","151",""
"340085","THOMASVILLE MEDICAL CENTER","207 OLD LEXINGTON RD BOX 789","","","THOMASVILLE","NC","27360","DAVIDSON","3364722000","100","14","The number of cases is too small to reliably tell how well a hospital is performing","100","14","The number of cases is too small to reliably tell how well a hospital is performing","86","14","The number of cases is too small to reliably tell how well a hospital is performing"
"340113","CAROLINAS MEDICAL CENTER/BEHAV HEALTH","1000 BLYTHE BLVD","","","CHARLOTTE","NC","28203","MECKLENBURG","7043552000","100","407","","100","404","","94","405",""
"340115","FIRSTHEALTH MOORE REGIONAL HOSPITAL","155 MEMORIAL DRIVE","","","PINEHURST","NC","28374","MOORE","9107151000","100","53","","100","53","","81","53",""
"340126","WILSON MEDICAL CENTER","1705 S TARBORO ST","","","WILSON","NC","27893","WILSON","2523998040","100","24","The number of cases is too small to reliably tell how well a hospital is performing","100","24","The number of cases is too small to reliably tell how well a hospital is performing","91","23","The number of cases is too small to reliably tell how well a hospital is performing"
"360068","TOLEDO HOSPITAL THE","2142 NORTH COVE BOULEVARD","","","TOLEDO","OH","43606","LUCAS","4192917463","100","146","","99","147","","95","147",""
"360084","AULTMAN HOSPITAL","2600 SIXTH STREET SW","","","CANTON","OH","44710","STARK","3304529911","100","14","The number of cases is too small to reliably tell how well a hospital is performing","100","14","The number of cases is too small to reliably tell how well a hospital is performing","100","13","The number of cases is too small to reliably tell how well a hospital is performing"
"360123","ST JOHN MEDICAL CENTER","29000 CENTER RIDGE ROAD","","","WESTLAKE","OH","44145","CUYAHOGA","4408358000","100","39","","100","39","","79","39",""
"360137","UNIVERSITY HOSPITALS OF CLEVELAND","11100 EUCLID AVENUE","","","CLEVELAND","OH","44106","CUYAHOGA","2168441000","100","384","","100","383","","98","383",""
"360180","CLEVELAND CLINIC","9500 EUCLID AVENUE","","","CLEVELAND","OH","44195","CUYAHOGA","2164442200","100","82","","100","81","","74","81",""
"370093","O U MEDICAL CENTER","1200 EVERETT DRIVE","","","OKLAHOMA CITY","OK","73117","OKLAHOMA","4052715151","100","313","","100","314","","89","313",""
"380007","LEGACY EMANUEL MEDICAL CENTER","2801 N GANTENBEIN AVENUE","","","PORTLAND","OR","97227","MULTNOMAH","5034132200","100","144","","100","144","","89","144",""
"390049","ST LUKE'S HOSPITAL BETHLEHEM","801 OSTRUM STREET","","","BETHLEHEM","PA","18015","NORTHAMPTON","6109544000","100","43","","100","43","","86","43",""
"420039","WALLACE THOMSON HOSPITAL","322 W SOUTH ST PO BOX 789","","","UNION","SC","29379","UNION","8644270351","100","5","The number of cases is too small to reliably tell how well a hospital is performing","100","5","The number of cases is too small to reliably tell how well a hospital is performing","100","5","The number of cases is too small to reliably tell how well a hospital is performing"
"463301","PRIMARY CHILDRENS MEDICAL CENTER","100 NORTH MARIO CAPECCHI DRIVE","","","SALT LAKE CITY","UT","84113","SALT LAKE","8016626200","100","370","","99","369","","92","369",""
"490021","CENTRA  HEALTH, INC","1920 ATHERHOLT ROAD","","","LYNCHBURG","VA","24501","LYNCHBURG CITY","4342004789","100","47","","100","47","","86","43",""
"490022","MARY WASHINGTON HOSPITAL, INC","1001 SAM PERRY BOULEVARD","","","FREDERICKSBURG","VA","22401","FREDERICKSBURG CITY","5407411100","100","75","","100","73","","77","71",""
"490063","INOVA FAIRFAX HOSPITAL","3300 GALLOWS RD","","","FALLS CHURCH","VA","22042","FAIRFAX","7037763332","100","200","","100","200","","92","200",""
"500024","PROVIDENCE ST PETER HOSPITAL","413 LILLY ROAD NE","","","OLYMPIA","WA","98506","THURSTON","3604919480","100","38","","100","38","","46","37",""
"500054","PROVIDENCE SACRED HEART MEDICAL CENTER","101 WEST 8TH AVENUE","","","SPOKANE","WA","99204","SPOKANE","5094743040","100","99","","100","99","","61","99",""
"500079","MULTICARE GOOD SAMARITAN HOSPITAL","401 15TH AVENUE SE","","","PUYALLUP","WA","98372","PIERCE","2536972102","100","37","","100","37","","89","36",""
"503300","SEATTLE CHILDREN'S HOSPITAL","4800 SAND POINT WAY NE/BOX C-5371","","","SEATTLE","WA","98105","KING","2065262000","100","398","","100","396","","58","397",""
"510070","RALEIGH GENERAL HOSPITAL","1710 HARPER ROAD","","","BECKLEY","WV","25801","RALEIGH","3042564100","100","25","","100","25","","96","24","The number of cases is too small to reliably tell how well a hospital is performing"
"520045","THEDA CLARK MED CTR","130 2ND ST","","","NEENAH","WI","54956","WINNEBAGO","9207293100","100","8","The number of cases is too small to reliably tell how well a hospital is performing","100","8","The number of cases is too small to reliably tell how well a hospital is performing","13","8","The number of cases is too small to reliably tell how well a hospital is performing"
"340015","ROWAN REGIONAL MEDICAL CENTER","612 MOCKSVILLE AVE","","","SALISBURY","NC","28144","ROWAN","7042105000","100","20","The number of cases is too small to reliably tell how well a hospital is performing","100","20","The number of cases is too small to reliably tell how well a hospital is performing","100","19","The number of cases is too small to reliably tell how well a hospital is performing"
"393302","CHILDREN'S HOSPITAL OF PITTSBURGH OF UPMC","4401 PENN AVENUE","","","PITTSBURGH","PA","15224","ALLEGHENY","4126925325","100","431","","100","431","","72","431",""
"393303","CHILDREN'S HOSPITAL OF PHILADELPHIA","34TH ST & CIVIC CENTER BLVD","","","PHILADELPHIA","PA","19104","PHILADELPHIA","2155903745","100","530","The hospital indicated that the data submitted for this measure were based on a sample of cases","100","530","The hospital indicated that the data submitted for this measure were based on a sample of cases","61","527","The hospital indicated that the data submitted for this measure were based on a sample of cases"
"420004","MUSC MEDICAL CENTER","169 ASHLEY AVE","","","CHARLESTON","SC","29425","CHARLESTON","8437922300","100","164","","99","164","","98","163",""
"420043","UPSTATE CAROLINA MEDICAL CENTER","1530 N LIMESTONE ST","","","GAFFNEY","SC","29340","CHEROKEE","8644874271","100","31","","97","30","","80","30",""
"430027","SANFORD USD MEDICAL CENTER","1305 W 18TH ST  PO BOX 5039","","","SIOUX FALLS","SD","57117","MINNEHAHA","6053331000","99","67","","97","67","","95","65",""
"440063","JOHNSON CITY MEDICAL CENTER","400 N STATE OF FRANKLIN RD","","","JOHNSON CITY","TN","37604","WASHINGTON","4234316111","100","82","The hospital indicated that the data submitted for this measure were based on a sample of cases","100","82","The hospital indicated that the data submitted for this measure were based on a sample of cases","62","82","The hospital indicated that the data submitted for this measure were based on a sample of cases"
"440104","ERLANGER MEDICAL CENTER","975 E 3RD ST","","","CHATTANOOGA","TN","37403","HAMILTON","4237787000","100","37","","100","37","","59","37",""
"450037","GOOD SHEPHERD MEDICAL CENTER","700 EAST MARSHALL AVENUE","","","LONGVIEW","TX","75601","GREGG","9033152000","100","35","","94","35","","70","33",""
"450058","BAPTIST MEDICAL CENTER","111 DALLAS STREET","","","SAN ANTONIO","TX","78205","BEXAR","2102971020","100","257","","100","257","","91","256",""
"450068","MEMORIAL HERMANN TEXAS MEDICAL CENTER","6411 FANNIN","","","HOUSTON","TX","77030","HARRIS","7137043700","100","215","","98","212","","93","214",""
"450213","UNIVERSITY HEALTH SYSTEM","4502 MEDICAL DR","","","SAN ANTONIO","TX","78229","BEXAR","2103584000","100","6","The number of cases is too small to reliably tell how well a hospital is performing","100","6","The number of cases is too small to reliably tell how well a hospital is performing","80","5","The number of cases is too small to reliably tell how well a hospital is performing"
"450237","CHRISTUS SANTA ROSA HOSPITAL","333 N SANTA ROSA STREET","","","SAN ANTONIO","TX","78207","BEXAR","2107042011","100","167","The hospital indicated that the data submitted for this measure were based on a sample of cases","99","167","The hospital indicated that the data submitted for this measure were based on a sample of cases","87","167","The hospital indicated that the data submitted for this measure were based on a sample of cases"
"450388","METHODIST HOSPITAL","7700 FLOYD CURL DR","","","SAN ANTONIO","TX","78229","BEXAR","2105754000","100","502","","100","501","","98","501",""
"450647","MEDICAL CITY DALLAS HOSPITAL","7777 FOREST LANE","","","DALLAS","TX","75230","DALLAS","9725666222","100","340","","100","338","","96","338",""
"453300","COOK CHILDRENS MEDICAL CENTER","801 SEVENTH AVENUE","","","FORT WORTH","TX","76104","TARRANT","6828854000","100","279","The hospital indicated that the data submitted for this measure were based on a sample of cases","99","278","The hospital indicated that the data submitted for this measure were based on a sample of cases","69","277","The hospital indicated that the data submitted for this measure were based on a sample of cases"
"453301","DRISCOLL CHILDRENS HOSPITAL","3533 S ALAMEDA BOX 6530","","","CORPUS CHRISTI","TX","78411","NUECES","5128505000","100","222","","99","222","","87","222",""
"490009","UNIVERSITY OF VIRGINIA MEDICAL CENTER","JEFFERSON PARK AVE","","","CHARLOTTESVILLE","VA","22908","CHARLOTTESVILLE CITY","8002513627","97","30","The hospital indicated that the data submitted for this measure were based on a sample of cases","100","29","","39","31","The hospital indicated that the data submitted for this measure were based on a sample of cases"
"490098","COMMUNITY MEMORIAL HEALTHCENTER, INC","125 BUENA VISTA CIRCLE","","","SOUTH HILL","VA","23970","MECKLENBURG","4344473151","100","7","The number of cases is too small to reliably tell how well a hospital is performing","100","7","The number of cases is too small to reliably tell how well a hospital is performing","100","7","The number of cases is too small to reliably tell how well a hospital is performing"
