"State","Measure ID","Measure Name","Score","Footnote","Start Date","End Date"
AK,MSPB-1,Medicare hospital spending per patient (Medicare Spending per Beneficiary),0.92,14,01/01/2021,12/31/2021
AL,MSPB-1,Medicare hospital spending per patient (Medicare Spending per Beneficiary),0.96,,01/01/2021,12/31/2021
AR,MSPB-1,Medicare hospital spending per patient (Medicare Spending per Beneficiary),1.00,,01/01/2021,12/31/2021
AS,MSPB-1,Medicare hospital spending per patient (Medicare Spending per Beneficiary),Not Available,9,01/01/2021,12/31/2021
AZ,MSPB-1,Medicare hospital spending per patient (Medicare Spending per Beneficiary),0.94,,01/01/2021,12/31/2021
CA,MSPB-1,Medicare hospital spending per patient (Medicare Spending per Beneficiary),1.00,,01/01/2021,12/31/2021
CO,MSPB-1,Medicare hospital spending per patient (Medicare Spending per Beneficiary),0.98,,01/01/2021,12/31/2021
CT,MSPB-1,Medicare hospital spending per patient (Medicare Spending per Beneficiary),1.00,,01/01/2021,12/31/2021
DC,MSPB-1,Medicare hospital spending per patient (Medicare Spending per Beneficiary),1.02,14,01/01/2021,12/31/2021
DE,MSPB-1,Medicare hospital spending per patient (Medicare Spending per Beneficiary),1.02,14,01/01/2021,12/31/2021
FL,MSPB-1,Medicare hospital spending per patient (Medicare Spending per Beneficiary),1.01,,01/01/2021,12/31/2021
GA,MSPB-1,Medicare hospital spending per patient (Medicare Spending per Beneficiary),0.96,,01/01/2021,12/31/2021
GU,MSPB-1,Medicare hospital spending per patient (Medicare Spending per Beneficiary),Not Available,9,01/01/2021,12/31/2021
HI,MSPB-1,Medicare hospital spending per patient (Medicare Spending per Beneficiary),0.93,,01/01/2021,12/31/2021
IA,MSPB-1,Medicare hospital spending per patient (Medicare Spending per Beneficiary),0.95,,01/01/2021,12/31/2021
ID,MSPB-1,Medicare hospital spending per patient (Medicare Spending per Beneficiary),0.97,,01/01/2021,12/31/2021
IL,MSPB-1,Medicare hospital spending per patient (Medicare Spending per Beneficiary),1.00,,01/01/2021,12/31/2021
IN,MSPB-1,Medicare hospital spending per patient (Medicare Spending per Beneficiary),1.00,,01/01/2021,12/31/2021
KS,MSPB-1,Medicare hospital spending per patient (Medicare Spending per Beneficiary),0.99,,01/01/2021,12/31/2021
KY,MSPB-1,Medicare hospital spending per patient (Medicare Spending per Beneficiary),0.99,,01/01/2021,12/31/2021
LA,MSPB-1,Medicare hospital spending per patient (Medicare Spending per Beneficiary),1.06,,01/01/2021,12/31/2021
MA,MSPB-1,Medicare hospital spending per patient (Medicare Spending per Beneficiary),0.98,,01/01/2021,12/31/2021
MD,MSPB-1,Medicare hospital spending per patient (Medicare Spending per Beneficiary),Not Available,9,01/01/2021,12/31/2021
ME,MSPB-1,Medicare hospital spending per patient (Medicare Spending per Beneficiary),0.93,,01/01/2021,12/31/2021
MI,MSPB-1,Medicare hospital spending per patient (Medicare Spending per Beneficiary),0.94,,01/01/2021,12/31/2021
MN,MSPB-1,Medicare hospital spending per patient (Medicare Spending per Beneficiary),0.92,,01/01/2021,12/31/2021
MO,MSPB-1,Medicare hospital spending per patient (Medicare Spending per Beneficiary),0.98,,01/01/2021,12/31/2021
MP,MSPB-1,Medicare hospital spending per patient (Medicare Spending per Beneficiary),Not Available,9,01/01/2021,12/31/2021
MS,MSPB-1,Medicare hospital spending per patient (Medicare Spending per Beneficiary),1.03,,01/01/2021,12/31/2021
MT,MSPB-1,Medicare hospital spending per patient (Medicare Spending per Beneficiary),0.93,,01/01/2021,12/31/2021
NC,MSPB-1,Medicare hospital spending per patient (Medicare Spending per Beneficiary),0.95,,01/01/2021,12/31/2021
ND,MSPB-1,Medicare hospital spending per patient (Medicare Spending per Beneficiary),0.93,14,01/01/2021,12/31/2021
NE,MSPB-1,Medicare hospital spending per patient (Medicare Spending per Beneficiary),0.99,,01/01/2021,12/31/2021
NH,MSPB-1,Medicare hospital spending per patient (Medicare Spending per Beneficiary),0.98,14,01/01/2021,12/31/2021
NJ,MSPB-1,Medicare hospital spending per patient (Medicare Spending per Beneficiary),1.07,,01/01/2021,12/31/2021
NM,MSPB-1,Medicare hospital spending per patient (Medicare Spending per Beneficiary),0.92,,01/01/2021,12/31/2021
NV,MSPB-1,Medicare hospital spending per patient (Medicare Spending per Beneficiary),1.03,,01/01/2021,12/31/2021
NY,MSPB-1,Medicare hospital spending per patient (Medicare Spending per Beneficiary),1.02,,01/01/2021,12/31/2021
OH,MSPB-1,Medicare hospital spending per patient (Medicare Spending per Beneficiary),1.00,,01/01/2021,12/31/2021
OK,MSPB-1,Medicare hospital spending per patient (Medicare Spending per Beneficiary),0.96,,01/01/2021,12/31/2021
OR,MSPB-1,Medicare hospital spending per patient (Medicare Spending per Beneficiary),0.89,,01/01/2021,12/31/2021
PA,MSPB-1,Medicare hospital spending per patient (Medicare Spending per Beneficiary),0.98,,01/01/2021,12/31/2021
PR,MSPB-1,Medicare hospital spending per patient (Medicare Spending per Beneficiary),Not Available,9,01/01/2021,12/31/2021
RI,MSPB-1,Medicare hospital spending per patient (Medicare Spending per Beneficiary),0.99,,01/01/2021,12/31/2021
SC,MSPB-1,Medicare hospital spending per patient (Medicare Spending per Beneficiary),0.99,,01/01/2021,12/31/2021
SD,MSPB-1,Medicare hospital spending per patient (Medicare Spending per Beneficiary),0.93,14,01/01/2021,12/31/2021
TN,MSPB-1,Medicare hospital spending per patient (Medicare Spending per Beneficiary),1.00,,01/01/2021,12/31/2021
TX,MSPB-1,Medicare hospital spending per patient (Medicare Spending per Beneficiary),1.05,,01/01/2021,12/31/2021
UT,MSPB-1,Medicare hospital spending per patient (Medicare Spending per Beneficiary),0.94,,01/01/2021,12/31/2021
VA,MSPB-1,Medicare hospital spending per patient (Medicare Spending per Beneficiary),0.96,,01/01/2021,12/31/2021
VI,MSPB-1,Medicare hospital spending per patient (Medicare Spending per Beneficiary),Not Available,9,01/01/2021,12/31/2021
VT,MSPB-1,Medicare hospital spending per patient (Medicare Spending per Beneficiary),0.98,14,01/01/2021,12/31/2021
WA,MSPB-1,Medicare hospital spending per patient (Medicare Spending per Beneficiary),0.92,14,01/01/2021,12/31/2021
WI,MSPB-1,Medicare hospital spending per patient (Medicare Spending per Beneficiary),0.94,,01/01/2021,12/31/2021
WV,MSPB-1,Medicare hospital spending per patient (Medicare Spending per Beneficiary),0.99,,01/01/2021,12/31/2021
WY,MSPB-1,Medicare hospital spending per patient (Medicare Spending per Beneficiary),0.98,,01/01/2021,12/31/2021
