"Measure ID","Measure Name","National Payment","Number Less Than National Payment","Number Same as National Payment","Number Greater Than National Payment","Number of Hospitals Too Few","Footnote","Start Date","End Date"
PAYM_30_AMI,Payment for heart attack patients,"$26,800",103,1690,144,1859,,07/01/2018,06/30/2021
PAYM_30_HF,Payment for heart failure patients,"$18,280",305,2458,362,1320,,07/01/2018,06/30/2021
PAYM_30_PN,Payment for pneumonia patients,"$19,490",465,2699,471,885,,07/01/2018,06/30/2021
PAYM_90_HIP_KNEE,Payment for hip/knee replacement patients,"$20,793",789,1236,409,914,,04/01/2018,03/31/2021
