"State","Worse - Death from serious treatable complications after surgery","Same - Death from serious treatable complications after surgery","Better - Death from serious treatable complications after surgery","Too few - Death from serious treatable complications after surgery","Worse - Collapsed lung due to medical treatment","Same - Collapsed lung due to medical treatment","Better - Collapsed lung due to medical treatment","Too few - Collapsed lung due to medical treatment","Worse - Breathing failure after surgery","Same - Breathing failure after surgery","Better - Breathing failure after surgery","Too few - Breathing failure after surgery","Worse - Serious blood clots after surgery","Same - Serious blood clots after surgery","Better - Serious blood clots after surgery","Too few - Serious blood clots after surgery","Worse - A wound that splits open after surgery","Same - A wound that splits open after surgery","Better - A wound that splits open after surgery","Too few - A wound that splits open after surgery","Worse - Accidental cuts and tears from medical treatment","Same - Accidental cuts and tears from medical treatment","Better - Accidental cuts and tears from medical treatment","Too few - Accidental cuts and tears from medical treatment","Worse - Serious Complications","Same - Serious Complications","Better - Serious Complications","Too few - Serious Complications","Worse - Death after surgery to repair a weakness in the abdominal aorta","Same - Death after surgery to repair a weakness in the abdominal aorta","Better - Death after surgery to repair a weakness in the abdominal aorta","Too few - Death after surgery to repair a weakness in the abdominal aorta","Worse - Deaths after admission for broken hip","Same - Deaths after admission for broken hip","Better - Deaths after admission for broken hip","Too few - Deaths after admission for broken hip","Worse - Deaths from Certain Conditions","Same - Deaths from Certain Conditions","Better - Deaths from Certain Conditions","Too few - Deaths from Certain Conditions"
"AK","0","5","0","2","0","9","0","0","0","6","1","0","0","8","0","0","0","7","0","1","3","6","0","0","0","9","0","Not Available","Not Available","Not Available","Not Available","Not Available","Not Available","Not Available","Not Available","Not Available","Not Available","Not Available","Not Available","Not Available"
"AL","5","36","0","29","2","95","0","1","9","45","3","5","2","69","5","9","2","58","0","16","7","87","3","1","4","93","1","Not Available","Not Available","Not Available","Not Available","Not Available","Not Available","Not Available","Not Available","Not Available","Not Available","Not Available","Not Available","Not Available"
"AR","1","19","0","19","1","46","0","0","4","30","1","6","0","38","7","1","0","35","0","10","2","44","1","0","0","45","2","Not Available","Not Available","Not Available","Not Available","Not Available","Not Available","Not Available","Not Available","Not Available","Not Available","Not Available","Not Available","Not Available"
"AS","Not Available","Not Available","Not Available","Not Available","Not Available","Not Available","Not Available","Not Available","Not Available","Not Available","Not Available","Not Available","Not Available","Not Available","Not Available","Not Available","Not Available","Not Available","Not Available","Not Available","Not Available","Not Available","Not Available","Not Available","Not Available","Not Available","Not Available","Not Available","Not Available","Not Available","Not Available","Not Available","Not Available","Not Available","Not Available","Not Available","Not Available","Not Available","Not Available","Not Available"
"AZ","0","40","6","12","2","63","0","0","2","47","5","3","2","52","6","2","1","51","0","7","9","54","2","0","8","55","2","Not Available","Not Available","Not Available","Not Available","Not Available","Not Available","Not Available","Not Available","Not Available","Not Available","Not Available","Not Available","Not Available"
"CA","1","192","4","85","2","306","1","2","10","238","29","18","12","251","33","6","3","259","0","34","24","279","6","2","23","273","15","Not Available","Not Available","Not Available","Not Available","Not Available","Not Available","Not Available","Not Available","Not Available","Not Available","Not Available","Not Available","Not Available"
"CO","1","23","4","15","2","43","0","2","2","36","6","1","4","33","7","1","0","39","0","4","5","40","0","2","3","43","1","Not Available","Not Available","Not Available","Not Available","Not Available","Not Available","Not Available","Not Available","Not Available","Not Available","Not Available","Not Available","Not Available"
"CT","0","25","0","4","2","29","0","1","6","20","3","0","4","24","1","0","0","29","0","0","3","27","1","1","6","24","2","Not Available","Not Available","Not Available","Not Available","Not Available","Not Available","Not Available","Not Available","Not Available","Not Available","Not Available","Not Available","Not Available"
"DC","0","6","0","1","1","6","0","0","1","5","1","0","3","4","0","0","0","7","0","0","2","4","1","0","2","5","0","Not Available","Not Available","Not Available","Not Available","Not Available","Not Available","Not Available","Not Available","Not Available","Not Available","Not Available","Not Available","Not Available"
"DE","0","5","0","0","0","5","0","0","1","3","1","0","1","4","0","0","0","5","0","0","0","3","2","0","0","4","1","Not Available","Not Available","Not Available","Not Available","Not Available","Not Available","Not Available","Not Available","Not Available","Not Available","Not Available","Not Available","Not Available"
"FL","5","119","8","26","9","159","1","2","19","118","13","9","19","133","9","3","1","155","0","4","10","139","20","2","12","145","14","Not Available","Not Available","Not Available","Not Available","Not Available","Not Available","Not Available","Not Available","Not Available","Not Available","Not Available","Not Available","Not Available"
"GA","4","53","0","37","2","106","0","0","8","62","8","9","5","91","4","6","1","82","0","18","8","99","1","0","7","100","1","Not Available","Not Available","Not Available","Not Available","Not Available","Not Available","Not Available","Not Available","Not Available","Not Available","Not Available","Not Available","Not Available"
"GU","Not Available","Not Available","Not Available","Not Available","Not Available","Not Available","Not Available","Not Available","Not Available","Not Available","Not Available","Not Available","Not Available","Not Available","Not Available","Not Available","Not Available","Not Available","Not Available","Not Available","Not Available","Not Available","Not Available","Not Available","Not Available","Not Available","Not Available","Not Available","Not Available","Not Available","Not Available","Not Available","Not Available","Not Available","Not Available","Not Available","Not Available","Not Available","Not Available","Not Available"
"HI","0","7","0","7","0","14","0","0","0","13","0","1","0","14","0","0","0","14","0","0","0","14","0","0","0","14","0","Not Available","Not Available","Not Available","Not Available","Not Available","Not Available","Not Available","Not Available","Not Available","Not Available","Not Available","Not Available","Not Available"
"IA","0","22","1","10","1","32","1","0","3","24","5","1","1","24","9","0","0","31","0","3","4","29","1","0","1","28","5","Not Available","Not Available","Not Available","Not Available","Not Available","Not Available","Not Available","Not Available","Not Available","Not Available","Not Available","Not Available","Not Available"
"ID","0","9","0","3","0","13","0","1","0","8","4","1","1","10","2","1","0","10","0","3","4","9","0","1","2","11","1","Not Available","Not Available","Not Available","Not Available","Not Available","Not Available","Not Available","Not Available","Not Available","Not Available","Not Available","Not Available","Not Available"
"IL","1","87","10","26","2","129","0","2","15","96","4","6","23","99","4","3","1","123","0","3","8","109","14","2","9","118","6","Not Available","Not Available","Not Available","Not Available","Not Available","Not Available","Not Available","Not Available","Not Available","Not Available","Not Available","Not Available","Not Available"
"IN","0","57","0","26","1","87","0","1","11","69","5","3","1","72","15","1","0","74","0","10","3","83","2","1","1","79","9","Not Available","Not Available","Not Available","Not Available","Not Available","Not Available","Not Available","Not Available","Not Available","Not Available","Not Available","Not Available","Not Available"
"KS","0","24","1","21","1","53","0","1","2","46","3","3","1","48","3","2","0","38","0","12","3","52","0","0","2","53","0","Not Available","Not Available","Not Available","Not Available","Not Available","Not Available","Not Available","Not Available","Not Available","Not Available","Not Available","Not Available","Not Available"
"KY","2","35","1","21","2","62","1","0","11","36","1","10","1","58","5","1","1","53","0","9","0","62","3","0","0","62","3","Not Available","Not Available","Not Available","Not Available","Not Available","Not Available","Not Available","Not Available","Not Available","Not Available","Not Available","Not Available","Not Available"
"LA","4","35","0","30","0","93","1","6","5","55","3","15","2","81","2","8","1","62","0","20","1","90","2","7","2","96","2","Not Available","Not Available","Not Available","Not Available","Not Available","Not Available","Not Available","Not Available","Not Available","Not Available","Not Available","Not Available","Not Available"
"MA","1","43","0","12","3","56","2","0","1","51","5","1","3","51","4","2","0","55","0","3","5","53","3","0","5","50","6","Not Available","Not Available","Not Available","Not Available","Not Available","Not Available","Not Available","Not Available","Not Available","Not Available","Not Available","Not Available","Not Available"
"MD","Not Available","Not Available","Not Available","Not Available","Not Available","Not Available","Not Available","Not Available","Not Available","Not Available","Not Available","Not Available","Not Available","Not Available","Not Available","Not Available","Not Available","Not Available","Not Available","Not Available","Not Available","Not Available","Not Available","Not Available","Not Available","Not Available","Not Available","Not Available","Not Available","Not Available","Not Available","Not Available","Not Available","Not Available","Not Available","Not Available","Not Available","Not Available","Not Available","Not Available"
"ME","1","7","0","12","0","20","0","0","0","17","3","0","0","18","2","0","0","19","0","1","1","19","0","0","1","19","0","Not Available","Not Available","Not Available","Not Available","Not Available","Not Available","Not Available","Not Available","Not Available","Not Available","Not Available","Not Available","Not Available"
"MI","1","57","4","30","2","98","0","0","13","73","6","4","9","78","8","1","5","82","0","5","4","87","9","0","4","90","6","Not Available","Not Available","Not Available","Not Available","Not Available","Not Available","Not Available","Not Available","Not Available","Not Available","Not Available","Not Available","Not Available"
"MN","0","23","4","24","2","50","0","0","2","44","4","0","1","42","8","0","0","48","0","2","8","42","2","0","3","47","2","Not Available","Not Available","Not Available","Not Available","Not Available","Not Available","Not Available","Not Available","Not Available","Not Available","Not Available","Not Available","Not Available"
"MO","3","44","2","21","1","78","0","1","11","54","0","7","6","64","5","1","1","64","0","10","6","72","1","1","5","72","3","Not Available","Not Available","Not Available","Not Available","Not Available","Not Available","Not Available","Not Available","Not Available","Not Available","Not Available","Not Available","Not Available"
"MP","Not Available","Not Available","Not Available","Not Available","Not Available","Not Available","Not Available","Not Available","Not Available","Not Available","Not Available","Not Available","Not Available","Not Available","Not Available","Not Available","Not Available","Not Available","Not Available","Not Available","Not Available","Not Available","Not Available","Not Available","Not Available","Not Available","Not Available","Not Available","Not Available","Not Available","Not Available","Not Available","Not Available","Not Available","Not Available","Not Available","Not Available","Not Available","Not Available","Not Available"
"MS","3","21","0","15","0","63","0","3","3","35","1","6","2","39","2","10","2","37","0","5","2","60","1","3","3","59","4","Not Available","Not Available","Not Available","Not Available","Not Available","Not Available","Not Available","Not Available","Not Available","Not Available","Not Available","Not Available","Not Available"
"MT","0","9","0","2","1","12","0","0","0","9","3","0","0","9","3","1","0","11","0","1","1","11","1","0","0","12","1","Not Available","Not Available","Not Available","Not Available","Not Available","Not Available","Not Available","Not Available","Not Available","Not Available","Not Available","Not Available","Not Available"
"NC","5","56","0","23","2","88","0","1","14","56","4","5","4","76","6","0","3","77","0","4","4","83","3","1","3","83","5","Not Available","Not Available","Not Available","Not Available","Not Available","Not Available","Not Available","Not Available","Not Available","Not Available","Not Available","Not Available","Not Available"
"ND","0","6","0","0","0","7","0","0","0","4","2","0","0","5","1","0","0","6","0","0","2","5","0","0","1","5","1","Not Available","Not Available","Not Available","Not Available","Not Available","Not Available","Not Available","Not Available","Not Available","Not Available","Not Available","Not Available","Not Available"
"NE","0","15","1","5","2","22","0","0","1","18","3","1","1","18","4","0","0","19","0","0","2","20","1","1","1","21","2","Not Available","Not Available","Not Available","Not Available","Not Available","Not Available","Not Available","Not Available","Not Available","Not Available","Not Available","Not Available","Not Available"
"NH","1","12","0","0","0","13","0","0","0","11","2","0","1","10","2","0","0","13","0","0","1","11","1","0","1","10","2","Not Available","Not Available","Not Available","Not Available","Not Available","Not Available","Not Available","Not Available","Not Available","Not Available","Not Available","Not Available","Not Available"
"NJ","4","52","2","7","2","63","1","1","4","53","5","3","14","47","4","1","1","61","0","3","6","51","10","0","9","55","3","Not Available","Not Available","Not Available","Not Available","Not Available","Not Available","Not Available","Not Available","Not Available","Not Available","Not Available","Not Available","Not Available"
"NM","0","9","0","17","0","34","0","0","1","20","2","2","2","24","1","3","2","20","0","6","2","31","1","0","2","32","0","Not Available","Not Available","Not Available","Not Available","Not Available","Not Available","Not Available","Not Available","Not Available","Not Available","Not Available","Not Available","Not Available"
"NV","4","12","0","5","0","24","0","0","3","18","0","0","1","20","0","0","1","20","0","0","2","22","0","0","1","23","0","Not Available","Not Available","Not Available","Not Available","Not Available","Not Available","Not Available","Not Available","Not Available","Not Available","Not Available","Not Available","Not Available"
"NY","12","90","4","49","7","161","0","1","5","140","7","7","21","135","4","3","1","152","0","7","7","143","18","1","15","147","7","Not Available","Not Available","Not Available","Not Available","Not Available","Not Available","Not Available","Not Available","Not Available","Not Available","Not Available","Not Available","Not Available"
"OH","2","88","2","37","3","133","1","2","20","108","4","1","11","118","4","2","3","117","0","8","11","122","4","2","12","120","7","Not Available","Not Available","Not Available","Not Available","Not Available","Not Available","Not Available","Not Available","Not Available","Not Available","Not Available","Not Available","Not Available"
"OK","1","31","0","27","3","88","0","1","4","53","6","11","3","68","5","7","1","48","0","20","4","83","3","2","4","87","1","Not Available","Not Available","Not Available","Not Available","Not Available","Not Available","Not Available","Not Available","Not Available","Not Available","Not Available","Not Available","Not Available"
"OR","1","18","1","12","3","30","0","0","0","27","5","0","2","26","4","1","0","32","0","0","8","25","0","0","4","28","1","Not Available","Not Available","Not Available","Not Available","Not Available","Not Available","Not Available","Not Available","Not Available","Not Available","Not Available","Not Available","Not Available"
"PA","1","88","1","51","3","150","0","1","12","123","7","7","27","121","2","1","2","130","0","12","12","134","7","1","18","128","8","Not Available","Not Available","Not Available","Not Available","Not Available","Not Available","Not Available","Not Available","Not Available","Not Available","Not Available","Not Available","Not Available"
"PR","Not Available","Not Available","Not Available","Not Available","Not Available","Not Available","Not Available","Not Available","Not Available","Not Available","Not Available","Not Available","Not Available","Not Available","Not Available","Not Available","Not Available","Not Available","Not Available","Not Available","Not Available","Not Available","Not Available","Not Available","Not Available","Not Available","Not Available","Not Available","Not Available","Not Available","Not Available","Not Available","Not Available","Not Available","Not Available","Not Available","Not Available","Not Available","Not Available","Not Available"
"RI","0","9","0","2","0","11","0","0","0","11","0","0","0","11","0","0","0","11","0","0","2","8","1","0","1","10","0","Not Available","Not Available","Not Available","Not Available","Not Available","Not Available","Not Available","Not Available","Not Available","Not Available","Not Available","Not Available","Not Available"
"SC","2","31","0","19","1","55","0","0","1","40","3","7","2","51","1","2","1","47","0","6","2","54","0","0","2","52","2","Not Available","Not Available","Not Available","Not Available","Not Available","Not Available","Not Available","Not Available","Not Available","Not Available","Not Available","Not Available","Not Available"
"SD","0","7","0","7","1","20","0","2","0","16","2","0","0","17","1","1","0","9","0","8","1","20","0","2","0","22","1","Not Available","Not Available","Not Available","Not Available","Not Available","Not Available","Not Available","Not Available","Not Available","Not Available","Not Available","Not Available","Not Available"
"TN","2","46","0","30","0","99","0","1","13","61","1","14","3","77","8","6","2","69","0","18","0","93","6","1","1","92","7","Not Available","Not Available","Not Available","Not Available","Not Available","Not Available","Not Available","Not Available","Not Available","Not Available","Not Available","Not Available","Not Available"
"TX","5","150","1","77","8","316","0","3","21","214","10","42","16","255","14","20","3","207","0","60","14","298","12","3","14","301","12","Not Available","Not Available","Not Available","Not Available","Not Available","Not Available","Not Available","Not Available","Not Available","Not Available","Not Available","Not Available","Not Available"
"UT","0","13","2","9","0","31","0","1","3","21","2","3","1","27","1","1","0","22","0","5","4","27","0","1","2","30","0","Not Available","Not Available","Not Available","Not Available","Not Available","Not Available","Not Available","Not Available","Not Available","Not Available","Not Available","Not Available","Not Available"
"VA","4","42","0","23","1","77","1","2","4","60","4","4","9","59","5","0","1","67","0","5","6","63","10","2","4","69","8","Not Available","Not Available","Not Available","Not Available","Not Available","Not Available","Not Available","Not Available","Not Available","Not Available","Not Available","Not Available","Not Available"
"VI","Not Available","Not Available","Not Available","Not Available","Not Available","Not Available","Not Available","Not Available","Not Available","Not Available","Not Available","Not Available","Not Available","Not Available","Not Available","Not Available","Not Available","Not Available","Not Available","Not Available","Not Available","Not Available","Not Available","Not Available","Not Available","Not Available","Not Available","Not Available","Not Available","Not Available","Not Available","Not Available","Not Available","Not Available","Not Available","Not Available","Not Available","Not Available","Not Available","Not Available"
"VT","1","3","0","2","0","6","0","0","0","5","0","1","0","6","0","0","0","6","0","0","1","5","0","0","0","6","0","Not Available","Not Available","Not Available","Not Available","Not Available","Not Available","Not Available","Not Available","Not Available","Not Available","Not Available","Not Available","Not Available"
"WA","1","37","2","5","1","46","0","1","1","39","6","1","2","41","4","0","0","45","0","2","13","34","0","1","10","38","0","Not Available","Not Available","Not Available","Not Available","Not Available","Not Available","Not Available","Not Available","Not Available","Not Available","Not Available","Not Available","Not Available"
"WI","0","41","2","21","1","64","0","0","1","58","5","1","3","59","3","0","0","61","0","2","9","56","0","0","4","60","1","Not Available","Not Available","Not Available","Not Available","Not Available","Not Available","Not Available","Not Available","Not Available","Not Available","Not Available","Not Available","Not Available"
"WV","2","19","0","9","0","32","0","0","4","23","2","2","3","27","1","1","0","28","0","4","1","29","2","0","2","29","1","Not Available","Not Available","Not Available","Not Available","Not Available","Not Available","Not Available","Not Available","Not Available","Not Available","Not Available","Not Available","Not Available"
"WY","0","2","0","9","0","11","0","0","0","10","1","0","0","10","1","0","0","8","0","3","1","10","0","0","1","10","0","Not Available","Not Available","Not Available","Not Available","Not Available","Not Available","Not Available","Not Available","Not Available","Not Available","Not Available","Not Available","Not Available"
