"State","Patients who reported that staff definitely gave care in a professional way and the facility was clean","Patients who reported that staff somewhat gave care in a professional way or the facility was somewhat clean","Patients who reported that staff did not give care in a professional way or the facility was not clean","Facilities and staff linear mean score","Patients who reported that staff definitely communicated about what to expect during and after the procedure","Patients who reported that staff somewhat communicated about what to expect during and after the procedure","Patients who reported that staff did not communicate about what to expect during and after the procedure","Communication about your procedure linear mean score","Patients who gave the facility a rating of 9 or 10 on a scale from 0 (lowest) to 10 (highest)","Patients who gave the facility a rating of 7 or 8 on a scale from 0 (lowest) to 10 (highest)","Patients who gave the facility a rating of 0 to 6 on a scale from 0 (lowest) to 10 (highest)","Patients� rating of the facility linear mean score","Patients who reported YES they would DEFINITELY recommend the facility to family or friends","Patients who reported PROBABLY YES they would recommend the facility to family or friends","Patients who reported NO, they would not recommend the facility to family or friends","Patients recommending the facility linear mean score","Number of Sampled Patients","Number of Completed Surveys","Survey Response Rate Percent","Start Date","End Date"
Alabama,98,2,0,98,93,6,1,96,89,9,2,95,88,11,1,95,3904,1003,26,04/01/2019,09/30/2020
Alaska,,,,,,,,,,,,,,,,,,,,,
American Samoa,,,,,,,,,,,,,,,,,,,,,
Arizona,97,3,0,99,91,7,2,95,90,8,2,95,87,11,2,95,14005,3863,28,04/01/2019,09/30/2020
Arkansas,,,,,,,,,,,,,,,,,,,,,
California,97,3,0,98,90,8,2,94,87,11,2,95,86,12,2,94,40551,12216,30,04/01/2019,09/30/2020
Colorado,97,3,0,98,92,7,1,95,88,10,2,95,85,13,2,94,14913,4230,28,04/01/2019,09/30/2020
Commonwealth of the Northern Marianas Islands,,,,,,,,,,,,,,,,,,,,,
Connecticut,98,2,0,99,90,8,2,94,88,10,2,95,87,12,1,95,738,223,30,04/01/2019,09/30/2020
Delaware,,,,,,,,,,,,,,,,,,,,,
District of Columbia,,,,,,,,,,,,,,,,,,,,,
Florida,97,3,0,98,91,7,2,95,88,10,2,95,87,11,2,95,24126,8801,36,04/01/2019,09/30/2020
Georgia,98,2,0,99,93,5,2,95,91,7,2,96,90,8,2,96,17356,4231,25,04/01/2019,09/30/2020
Guam,,,,,,,,,,,,,,,,,,,,,
Hawaii,98,2,0,99,91,7,2,95,87,11,2,95,87,11,2,95,4766,1956,41,04/01/2019,09/30/2020
Idaho,98,2,0,99,95,4,1,97,92,6,2,96,91,6,3,95,1046,330,32,04/01/2019,09/30/2020
Illinois,97,3,0,99,92,6,2,95,89,9,2,95,86,12,2,94,11634,3856,33,04/01/2019,09/30/2020
Indiana,99,1,0,99,93,5,2,96,93,6,1,97,91,8,1,97,1936,787,41,04/01/2019,09/30/2020
Iowa,97,3,0,98,90,8,2,94,87,11,2,94,82,17,1,94,1341,502,37,04/01/2019,09/30/2020
Kansas,97,3,0,98,89,9,2,93,86,12,2,94,84,14,2,93,1604,715,45,04/01/2019,09/30/2020
Kentucky,,,,,,,,,,,,,,,,,,,,,
Louisiana,97,3,0,99,92,6,2,95,90,8,2,95,88,10,2,95,8269,2276,28,04/01/2019,09/30/2020
Maine,98,2,0,99,93,6,1,96,92,7,1,96,89,9,2,95,959,292,30,04/01/2019,09/30/2020
Maryland,95,4,1,97,88,10,2,93,85,12,3,94,82,14,4,92,3429,461,13,04/01/2019,09/30/2020
Massachusetts,98,2,0,99,94,5,1,96,91,7,2,96,91,8,1,96,1393,584,42,04/01/2019,09/30/2020
Michigan,97,3,0,99,91,7,2,95,89,9,2,95,89,10,1,96,11239,3776,34,04/01/2019,09/30/2020
Minnesota,98,2,0,99,92,7,1,96,88,10,2,95,85,14,1,95,3914,1469,38,04/01/2019,09/30/2020
Mississippi,97,2,1,98,94,4,2,96,92,7,1,96,91,6,3,95,3498,889,25,04/01/2019,09/30/2020
Missouri,98,2,0,99,92,7,1,95,89,9,2,95,86,12,2,95,22027,7826,36,04/01/2019,09/30/2020
Montana,98,2,0,99,92,6,2,95,92,7,1,96,91,8,1,96,954,278,29,04/01/2019,09/30/2020
Nebraska,98,2,0,99,93,6,1,96,88,11,1,94,86,13,1,95,1280,468,37,04/01/2019,09/30/2020
Nevada,98,2,0,99,92,6,2,95,90,8,2,95,88,10,2,95,4514,1146,25,04/01/2019,09/30/2020
New Hampshire,98,2,0,99,93,6,1,96,89,9,2,95,88,11,1,95,4087,1126,28,04/01/2019,09/30/2020
New Jersey,98,2,0,99,91,7,2,95,89,10,1,95,87,12,1,95,19758,6558,33,04/01/2019,09/30/2020
New Mexico,96,3,1,98,88,9,3,93,82,14,4,93,76,20,4,90,3371,954,28,04/01/2019,09/30/2020
New York,,,,,,,,,,,,,,,,,,,,,
North Carolina,97,3,0,98,93,6,1,96,91,8,1,96,88,11,1,95,26719,6936,26,04/01/2019,09/30/2020
North Dakota,98,2,0,99,91,8,1,95,86,12,2,94,87,10,3,95,707,235,33,04/01/2019,09/30/2020
Ohio,98,2,0,99,92,6,2,96,91,7,2,96,89,9,2,95,6368,2227,35,04/01/2019,09/30/2020
Oklahoma,97,2,1,98,91,7,2,95,88,10,2,95,88,10,2,95,3978,1419,36,04/01/2019,09/30/2020
Oregon,98,2,0,99,92,6,2,95,87,11,2,95,87,11,2,95,16688,5523,33,04/01/2019,09/30/2020
Pennsylvania,98,2,0,99,92,7,1,96,91,8,1,96,89,10,1,96,19347,7496,39,04/01/2019,09/30/2020
Puerto Rico,,,,,,,,,,,,,,,,,,,,,
Rhode Island,,,,,,,,,,,,,,,,,,,,,
South Carolina,98,2,0,99,93,5,2,95,91,8,1,96,90,9,1,96,5686,2291,40,04/01/2019,09/30/2020
South Dakota,,,,,,,,,,,,,,,,,,,,,
Tennessee,98,2,0,99,92,7,1,96,90,9,1,96,89,10,1,96,32371,8789,27,04/01/2019,09/30/2020
Texas,97,3,0,98,91,7,2,95,89,9,2,95,87,11,2,95,81499,20745,25,04/01/2019,09/30/2020
Utah,98,2,0,99,91,7,2,95,91,7,2,96,86,12,2,94,3017,864,29,04/01/2019,09/30/2020
Vermont,,,,,,,,,,,,,,,,,,,,,
Virgin Islands,,,,,,,,,,,,,,,,,,,,,
Virginia,98,2,0,99,93,6,1,96,90,9,1,96,89,10,1,96,8364,2474,30,04/01/2019,09/30/2020
Washington,98,2,0,99,93,6,1,96,88,10,2,95,87,12,1,95,22124,6410,29,04/01/2019,09/30/2020
West Virginia,,,,,,,,,,,,,,,,,,,,,
Wisconsin,98,2,0,99,93,6,1,96,89,10,1,95,87,12,1,95,6389,2201,35,04/01/2019,09/30/2020
Wyoming,98,2,0,99,92,6,2,95,88,10,2,95,87,11,2,95,2943,1100,37,04/01/2019,09/30/2020
