"Facility ID","Facility Name","Address","City","State","ZIP Code","County","Telephone","Patients who reported that staff definitely gave care in a professional way and the facility was clean","Patients who reported that staff somewhat gave care in a professional way or the facility was somewhat clean","Patients who reported that staff did not give care in a professional way or the facility was not clean","Facilities and staff linear mean score","Patients who reported that staff definitely communicated about what to expect during and after the procedure","Patients who reported that staff somewhat communicated about what to expect during and after the procedure","Patients who reported that staff did not communicate about what to expect during and after the procedure","Communication about your procedure linear mean score","Patients who gave the facility a rating of 9 or 10 on a scale from 0 (lowest) to 10 (highest)","Patients who gave the facility a rating of 7 or 8 on a scale from 0 (lowest) to 10 (highest)","Patients who gave the facility a rating of 0 to 6 on a scale from 0 (lowest) to 10 (highest)","Patients� rating of the facility linear mean score","Patients who reported YES they would DEFINITELY recommend the facility to family or friends","Patients who reported PROBABLY YES they would recommend the facility to family or friends","Patients who reported NO, they would not recommend the facility to family or friends","Patients recommending the facility linear mean score","Footnote","Number of Sampled Patients","Number of Completed Surveys","Survey Response Rate Percent","Start Date","End Date"
01C0001020,MEDPLEX OUTPATIENT SURGERY CENTER LTD,4511 SOUTHLAKE PARKWAY,BIRMINGHAM,AL,35244,,(205) 985-4398,98,2,0,99,92,7,1,96,93,6,1,96,91,7,2,96,,1188,325,27,04/01/2019,09/30/2020
01C0001042,GULF COAST SURGICAL PARTNERS LLC,"3715 DAUPHIN ST, STE. 503B",MOBILE,AL,36608,,(251) 272-4934,98,1,1,98,95,4,1,97,87,11,2,95,90,9,1,96,,1264,261,21,04/01/2019,09/30/2020
01C0001051,ALABAMA DIGESTIVE HEALTH ENDOSCOPY CENTER LLC,2010 BROOKWOOD MEDICAL CTR DR  G100,BIRMINGHAM,AL,35209,,(205) 877-1187,97,3,0,98,93,6,1,96,87,11,2,94,83,16,1,94,,1452,417,29,04/01/2019,09/30/2020
03C0001016,SURGERY CENTER OF PEORIA LLC,13260 NORTH 94TH DR SUITE 200,PEORIA,AZ,85381,,(623) 933-2900,99,1,0,100,92,7,1,96,92,8,0,96,88,12,0,96,,1144,284,25,04/01/2019,09/30/2020
03C0001052,WARNER PARK SURGERY CENTER LLC DBA CENTER FOR ADVANCE SURGERY,3367 SOUTH MERCY RD SUITE 101,GILBERT,AZ,85297,,(480) 899-2571,97,3,0,98,91,7,2,95,89,9,2,95,88,11,1,95,,1179,341,29,04/01/2019,09/30/2020
03C0001056,PHYSICIANS SURGERY CENTER OF TEMPE LLC DBA PHYSICIANS SURGERY CENTER OF TEMPE,2905 WEST WARNER RD SUITE 10,CHANDLER,AZ,85282,,(480) 820-7101,98,2,0,99,89,9,2,93,92,8,0,97,91,8,1,97,,1203,331,28,04/01/2019,09/30/2020
03C0001247,SURGERY CENTER OF SCOTTSDALE LLC DBA MOUNTAIN VIEW SURGERY CENTER OF SCOTTSDALE,8962 EAST DESERT COVE AVE SUITE 120A,SCOTTSDALE,AZ,85260,,(480) 661-5232,96,3,1,98,91,7,2,94,91,7,2,95,87,10,3,94,,1181,300,25,04/01/2019,09/30/2020
03C0001259,ARIZONA GASTROENTEROLOGY LTD,"7566 N. LA CHOLLA BLVD., STE. B",TUCSON,AZ,85741,,(520) 547-5847,,,,,,,,,,,,,,,,,4,,,,,
03C0001265,ST JOSEPH'S OUTPATIENT SURGERY CENTER LLC,240 W. THOMAS RD,PHOENIX,AZ,85013,,(602) 406-3552,98,1,1,99,88,10,2,93,88,11,1,94,86,13,1,95,,1141,214,19,04/01/2019,09/30/2020
03C0001279,CHANDLER ENDOSCOPY AMBULATORY SURGERY CENTER LLC DBA CHANDLER ENDOSCOPY CENTER,2095 WEST PECOS RD SUITE A1,CHANDLER,AZ,85224,,(480) 292-9795,98,2,0,99,94,5,1,96,92,6,2,96,89,8,3,95,,1032,321,31,04/01/2019,09/30/2020
03C0001286,DIGESTIVE HEALTH SPECIALISTS,"8573 EAST PRINCESS DR, SUITE 117",SCOTTSDALE,AZ,85255,,(480) 513-2455,,,,,,,,,,,,,,,,,4,,,,,
03C0001289,CARONDELET ST MARYS NORTHWEST LLC DBA CARONDELET FOOTHILLS SURGERY CENTER,2220 WEST ORANGE GROVE RD,TUCSON,AZ,85741,,(520) 877-5665,95,4,1,97,90,8,2,94,84,13,3,93,80,16,4,92,,1139,387,34,04/01/2019,09/30/2020
03C0001290,CAMP LOWELL SURGERY CENTER LLC DBA CAMP LOWELL SURGERY CENTER,4620 EAST CAMP LOWELL DR,TUCSON,AZ,85712,,(520) 618-6058,97,3,0,99,92,6,2,95,88,11,1,95,86,13,1,95,,979,415,42,04/01/2019,09/30/2020
03C0001298,SURGICAL ELITE OF AVONDALE LLC,10815 WEST MCDOWELL RD SUITE 101,AVONDALE,AZ,85392,,(623) 433-0192,98,2,0,99,92,6,2,95,90,8,2,96,89,10,1,96,,1185,242,20,04/01/2019,09/30/2020
03C0001302,PINNACLE SURGERY CENTER OF PEORIA LLC,6790 W. THUNDERBIRD RD.,PEORIA,AZ,85381,,(623) 979-1717,97,3,0,98,91,7,2,94,90,7,3,95,83,14,3,93,,789,216,27,04/01/2019,09/30/2020
03C0001305,DESERT RIDGE OUTPATIENT SURGERY LLC,20940 NORTH TATUM BLVD SUITE 100,PHOENIX,AZ,85050,,(480) 502-4020,97,3,0,98,91,8,1,95,87,11,2,95,87,11,2,95,,975,313,32,04/01/2019,09/30/2020
03C0001356,SURGERY CENTER OF SCOTTSDALE LLC DBA MOUNTAIN VIEW SURGERY CENTER OF GLENDALE,18555 NORTH 79TH AVE BUILDING C,GLENDALE,AZ,85308,,(623) 776-2500,97,3,0,98,91,7,2,95,92,6,2,96,90,8,2,96,,944,210,22,04/01/2019,09/30/2020
03C0001357,SURGERY CENTER OF SCOTTSDALE LLC DBA MOUNTAIN VIEW SURGERY CENTER OF GILBERT,2450 EAST GUADALUPE RD SUITE 101,GILBERT,AZ,85234,,(480) 398-8456,98,2,0,99,93,6,1,96,91,8,1,96,87,12,1,95,,1114,289,26,04/01/2019,09/30/2020
05C0001006,SAN GABRIEL VALLEY SURGICAL CENTER LP,1250 SOUTH SUNSET AVE SUITE 100,WEST COVINA,CA,91790,,(626) 960-6623,97,3,0,98,88,10,2,93,87,11,2,94,84,13,3,93,,1426,451,32,04/01/2019,09/30/2020
05C0001174,MISSION AMBULATORY SURGICENTER LTD,"26730 CROWN VALLEY PARKWAY, SUITE 100",MISSION VIEJO,CA,92691,,(949) 364-7716,,,,,,,,,,,,,,,,,4,,,,,
05C0001198,HEALTHCARE PARTNER AMBULATORY SURGERY CENTER,"2600 REDONDO AVE, SUITE 103",LONG BEACH,CA,90806,,(562) 988-7162,95,4,1,97,88,9,3,93,80,16,4,92,79,17,4,91,,1748,528,30,04/01/2019,09/30/2020
05C0001205,NORTH ANAHEIM SURGERY CENTER LLC DBA UNITED PACIFIC SURGERY CENTER,1154 NORTH EUCLID ST,ANAHEIM,CA,92801,,(714) 635-6272,96,4,0,98,91,8,1,95,87,10,3,94,85,13,2,94,2,437,152,35,04/01/2019,09/30/2020
05C0001321,EL MIRADOR SURGICAL CENTER,1180 N. INDIAN CANYON #110,PALM SPRINGS,CA,92262,,(469) 893-6573,94,5,1,97,89,8,3,93,85,11,4,94,84,13,3,93,,1135,365,32,04/01/2019,09/30/2020
05C0001447,COAST SURGERY CENTER LP,3445 PACIFIC COAST HWY SUITE 110,TORRANCE,CA,90505,,(310) 325-4555,96,4,0,98,90,7,3,93,90,7,3,94,85,13,2,94,,903,232,26,04/01/2019,09/30/2020
05C0001453,CHICO SURGERY CENTER LP,615 WEST EAST AVE,CHICO,CA,95926,,(530) 895-1800,,,,,,,,,,,,,,,,,4,,,,,
05C0001481,PAIN DIAGNOSTIC AND TREATMENT CENTER LP,2805 J ST SUITE 200,SACRAMENTO,CA,95816,,(916) 231-8755,97,2,1,98,93,6,1,96,88,10,2,95,84,14,2,94,,1075,316,29,04/01/2019,09/30/2020
05C0001493,NORTH STATE SURGERY CENTERS LP DBA CT ST SURGERY CENTER,2184 CT ST,REDDING,CA,96001,,(530) 225-7417,98,2,0,99,89,9,2,93,88,9,3,95,89,10,1,96,,1225,443,36,04/01/2019,09/30/2020
05C0001505,MAGNOLIA SURGERY CENTER LP DBA MAGNOLIA SURGERY CENTER,14571 MAGNOLIA ST SUITE 107,WESTMINSTER,CA,92683,,(714) 903-9039,95,4,1,97,87,10,3,92,75,21,4,91,79,18,3,92,,1139,284,25,04/01/2019,09/30/2020
05C0001508,AMBULATORY SURGERY CENTER OF STOCKTON,2388 N. CALIFORNIA ST.,STOCKTON,CA,95204,,(209) 944-9100,99,1,0,99,93,6,1,96,95,4,1,97,93,6,1,97,,1122,413,37,04/01/2019,09/30/2020
05C0001515,SEQUOIA SURGICAL PAVILION,"2405 SHADELANDS DR, SUITE 200",WALNUT CREEK,CA,94598,,(925) 280-3814,,,,,,,,,,,,,,,,,4,,,,,
05C0001529,SANTA BARBARA SURGERY CENTER LP,3045 DE LA VINA ST,SANTA BARBARA,CA,93105,,(805) 569-3226,97,3,0,98,86,12,2,92,86,13,1,94,85,14,1,94,,1107,441,40,04/01/2019,09/30/2020
05C0001534,FOLSOM OUTPATIENT SURGERY CENTER LP DBA FOLSOM SURGERY CENTER,1651 CREEKSIDE DR SUITE 100,FOLSOM,CA,95630,,(916) 673-1990,97,2,1,98,92,7,1,96,92,7,1,96,88,11,1,95,,1105,365,33,04/01/2019,09/30/2020
05C0001558,PACIFIC ENDO-SURGICAL CENTER LP,3445 PACIFIC COAST HWY SUITE 120,TORRANCE,CA,90505,,(310) 326-1666,97,3,0,98,88,9,3,93,85,13,2,93,79,19,2,92,,1308,390,30,04/01/2019,09/30/2020
05C0001571,UNIVERSITY SURGERY CENTER,1390 E. YOSEMITE AVE. STE. B,MERCED,CA,95340,,(209) 580-3409,96,3,1,98,88,8,4,92,86,12,2,94,85,13,2,94,,1363,342,25,04/01/2019,09/30/2020
05C0001572,ROSEVILLE SURGERY CENTER LP DBA ROSEVILLE SURGERY CENTER,1420 EAST ROSEVILLE PARKWAY SUITE 100,ROSEVILLE,CA,95661,,(916) 677-2488,97,2,1,98,93,6,1,96,88,10,2,95,87,10,3,94,,879,257,29,04/01/2019,09/30/2020
05C0001596,TRESANTI SURGICAL CENTER LLC,"5201 NORRIS CANYON RD., # 100",SAN RAMON,CA,94583,,(925) 973-0605,99,1,0,99,93,6,1,96,97,3,0,98,94,5,1,98,,986,305,31,04/01/2019,09/30/2020
05C0001604,PROCEDURE CENTER OF SOUTH SACRAMENTO INC,"8120 TIMBERLAKE WAY, STE. 103",SACRAMENTO,CA,95823,,(916) 681-2350,,,,,,,,,,,,,,,,,4,,,,,
05C0001643,NORTH STATE SURGERY CENTERS LP DBA MERCY SURGERY CENTER,2175 ROSALINE AVE SUITE A,REDDING,CA,96001,,(530) 225-7417,98,2,0,99,92,7,1,95,92,7,1,96,91,8,1,97,,943,352,37,04/01/2019,09/30/2020
05C0001711,ST JOSEPH'S SURGERY CENTER LP,1800 NORTH CALIFORNIA ST SUITE 1,STOCKTON,CA,95204,,(209) 467-6316,97,3,0,99,90,8,2,94,86,12,2,94,85,13,2,94,,770,199,26,04/01/2019,09/30/2020
05C0001719,SCRIPPS HEALTH,3811 VALLEY CENTRE DR.,SAN DIEGO,CA,92130,,(858) 678-6955,99,1,0,99,96,3,1,98,95,4,1,97,94,5,1,97,,1708,581,34,04/01/2019,09/30/2020
05C0001750,REAGAN ST SURGERY CENTER LLC,10904 REAGAN ST,LOS ALAMITOS,CA,90720,,(562) 596-3140,97,3,0,98,89,9,2,93,88,9,3,94,85,13,2,94,,1083,375,35,04/01/2019,09/30/2020
05C0001756,ENCINITAS ENDOSCOPY CENTER LLC,"700 GARDEN VIEW CRT, STE. 101",ENCINITAS,CA,92024,,(760) 274-2700,98,2,0,99,92,6,2,95,91,7,2,96,90,9,1,96,,1133,358,32,04/01/2019,09/30/2020
05C0001757,GRASS VALLEY SURGERY CENTER,408 SIERRA COLLEGE DR,GRASS VALLEY,CA,95945,,(530) 271-2282,99,1,0,100,91,8,1,95,90,9,1,96,91,7,2,96,,898,353,39,04/01/2019,09/30/2020
05C0001764,COAST SURGERY CENTER LP,3445 PACIFIC COAST HWY #110,TORRANCE,CA,90505,,(310) 325-4555,98,2,0,99,91,7,2,95,90,9,1,95,89,10,1,96,,1348,390,29,04/01/2019,09/30/2020
05C0001803,PACIFIC ENDOSCOPY AND SURGERY CENTER LLC,17815 NEWHOPE ST SUITE R,FOUNTAIN VALLEY,CA,92708,,(714) 432-8881,96,3,1,97,91,7,2,94,84,15,1,93,77,21,2,92,,1261,287,23,04/01/2019,09/30/2020
05C0001840,OASIS SURGERY CENTER LP,815 AUTO CENTER DR.,PALMDALE,CA,93551,,(661) 206-6262,97,3,0,98,89,8,3,93,91,8,1,95,90,8,2,96,,1525,292,19,04/01/2019,09/30/2020
05C0001842,SCRIPPS ENCINITAS SURGERY CENTER LLC,320 SANTA FE DR  SUITE LL2,ENCINITAS,CA,92024,,(760) 632-3900,97,3,0,98,92,7,1,96,87,12,1,95,86,13,1,95,,1036,374,36,04/01/2019,09/30/2020
05C0001860,TALBERT SURGICAL ASSOCIATES,"7677 CENTER AVE, # 104",HUNTINGTON BEACH,CA,92647,,(714) 881-8722,95,4,1,97,86,10,4,91,79,18,3,92,77,20,3,91,,1956,507,26,04/01/2019,09/30/2020
05C0001863,HACIENDA OUTPATIENT SURGERY CENTER LLC DBA HACIENDA SURGERY CENTER,4626 WILLOW RD SUITE 100,PLEASANTON,CA,94588,,(925) 734-6744,97,3,0,98,94,5,1,96,89,9,2,95,90,9,1,96,,1127,408,36,04/01/2019,09/30/2020
05C0001879,SCRIPPS HEALTH,15004 INNOVATION DR.,SAN DIEGO,CA,92128,,(858) 678-6955,98,2,0,99,92,6,2,95,90,9,1,96,90,8,2,96,,2713,804,30,04/01/2019,09/30/2020
05C0001975,HUNTINGTON AMBULATORY SURGERY CENTER LLC,"625 S. FAIR OAKS AVE, SUITE 380",PASADENA,CA,91105,,(626) 229-8990,98,2,0,99,91,8,1,95,92,7,1,96,91,8,1,97,,1237,345,28,04/01/2019,09/30/2020
05C0002058,UC REGENTS UCLA DEPT OF MEDICINE PROFESSIONAL GROUP,25775 WEST MCBEAN PARKWAY SUITE 115,LOS ANGELES,CA,90095,,(661) 253-7956,95,4,1,97,89,9,2,94,77,18,5,91,76,20,4,90,,2483,599,24,04/01/2019,09/30/2020
05C0002196,VENTANA SURGICAL CENTER LLC,18133 VENTURA BLVD SUITE 400,ADDISON,CA,91356,,(818) 668-6200,,,,,,,,,,,,,,,,,4,,,,,
06C0001028,KAISER PERMANENTE SURGERY CTR,2045 FRANKLIN ST,DENVER,CO,80205,,(303) 764-4420,97,2,1,98,91,8,1,95,84,14,2,93,80,18,2,92,,3470,979,28,04/01/2019,09/30/2020
06C0001058,GOLDEN RIDGE SURGERY CENTER LLC,"660 GOLDEN RIDGE RD., STE. 110",GOLDEN,CO,80401,,(303) 963-1507,96,3,1,98,91,8,1,95,87,12,1,94,83,14,3,93,,910,302,33,04/01/2019,09/30/2020
06C0001079,SUMMIT VIEW SURGERY CENTER LLC,7730 SOUTH  BROADWAY,LITTLETON,CO,80122,,(303) 730-2376,98,2,0,99,92,6,2,95,87,10,3,94,84,15,1,94,,1256,299,24,04/01/2019,09/30/2020
06C0001080,FLATIRONS SURGERY CENTER LLC,70 HEALTH PARK DR,LOUISVILLE,CO,80027,,(720) 890-2721,97,3,0,98,90,8,2,94,88,9,3,94,83,16,1,94,,1333,306,23,04/01/2019,09/30/2020
06C0001085,CROWN POINT SURGERY CENTER LLC,9397 CROWN CREST BLVD,PARKER,CO,80138,,(720) 974-6499,97,3,0,98,92,7,1,95,93,5,2,96,89,10,1,96,,1164,289,25,04/01/2019,09/30/2020
06C0001110,HARVARD PARK SURGERY CENTER LLC,1000 EAST HARVARD AVE,DENVER,CO,80210,,(303) 778-5773,96,3,1,98,92,7,1,95,86,11,3,94,84,14,2,94,,1026,379,37,04/01/2019,09/30/2020
06C0001133,GREENWOOD ASC LLC DBA COLORADO PREMIER SURGERY CENTER AT GREENWOOD VILLAGE,7447 EAST BERRY AVE SUITE 100,GREENWOOD VILLAGE,CO,80111,,(720) 493-4115,98,2,0,99,91,8,1,95,87,11,2,95,85,13,2,94,,1532,345,23,04/01/2019,09/30/2020
06C0001145,KAISER PERMANENTE,10240 PARK MEADOWS DR,DENVER,CO,80247,,(303) 649-5628,98,2,0,99,93,6,1,96,91,8,1,96,88,10,2,95,,4222,1331,32,04/01/2019,09/30/2020
06C0001163,SOUTH DENVER MUSCULOSKELETAL SURGICAL PARTNERS LLC DBA SOUTH DENVER SURGERY CENTER,300 EAST MINERAL AVE SUITE 9,LITTLETON,CO,80122,,(720) 360-3400,,,,,,,,,,,,,,,,,4,,,,,
06C0001164,GREENWOOD ASC LLC DBA COLORADO PREMIER SURGERY CENTER AT LAKEWOOD,355 UNION BLVD SUITE 10,LAKEWOOD,CO,80228,,(303) 689-8712,,,,,,,,,,,,,,,,,4,,,,,
07C0001048,NORTH HAVEN SURGERY CENTER LLC,52 WASHINGTON AVE SUITE 1,NORTH HAVEN,CT,06473,,(203) 234-7727,98,2,0,99,90,8,2,94,88,10,2,95,87,12,1,95,,738,223,30,04/01/2019,09/30/2020
10C0001025,SURGERY CENTER AT UNIVERSITY PARK LLC DBA PREMIER SURGERY CENTER OF SARASOTA,983 SOUTH BENEVA RD,SARASOTA,FL,34232,,(941) 365-5355,97,3,0,98,91,7,2,94,86,12,2,94,85,13,2,94,,1178,490,42,04/01/2019,09/30/2020
10C0001203,UNIVERSITY SURGERY CENTER LTD,7251 UNIVERSITY BLVD SUITE 100,WINTER PARK,FL,32792,,(407) 677-0066,97,2,1,98,94,5,1,96,92,7,1,96,91,8,1,97,,1232,336,27,04/01/2019,09/30/2020
10C0001214,THE OUTPATIENT CENTER OF BOYNTON BEACH,2351 SOUTH SEACREST BLVD,BOYNTON BEACH,FL,33435,,(561) 732-5900,96,4,0,98,88,9,3,92,85,13,2,94,84,13,3,93,,1224,363,30,04/01/2019,09/30/2020
10C0001264,TREASURE COAST SURGERY CENTER LLC DBA TREASURE COAST CENTER FOR SURGERY,1155 SOUTHEAST MONTEREY RD EXT,STUART,FL,34994,,(772) 286-8028,,,,,,,,,,,,,,,,,4,,,,,
10C0001293,WINTER HAVEN AMBULATORY SURGICAL CENTER LLC,325 AVE B NW,WINTER HAVEN,FL,33881,,(469) 893-6573,97,3,0,99,89,9,2,94,87,11,2,95,88,10,2,95,,931,316,34,04/01/2019,09/30/2020
10C0001302,TAMARAC SURGERY CENTER LLC DBA THE SURGERY CENTER OF FT LAUDERDALE,4485 NORTH STATE RD 7,LAUDERDALE LAKES,FL,33319,,(954) 735-0096,97,3,0,98,87,9,4,92,82,15,3,93,81,16,3,92,,1368,369,27,04/01/2019,09/30/2020
10C0001308,UNIVERSITY EYE SURGERY CENTER,"13051 UNIVERSITY DR, STE. 102",FORT MYERS,FL,33907,,(239) 590-6111,,,,,,,,,,,,,,,,,4,,,,,
10C0001313,DOCTORS SURGICAL PARTNERSHIP DBA MELBOURNE SAME DAY SURGERY,1035 SOUTH APOLLO BLVD,MELBOURNE,FL,32901,,(513) 319-6256,97,3,0,98,93,6,1,96,87,11,2,95,88,10,2,95,,878,359,41,04/01/2019,09/30/2020
10C0001319,JACKSONVILLE ENDOSCOPY CENTERS LLC DBA JACKSONVILLE CENTER FOR ENDOSCOPY,1610 BARRS ST SUITE B,JACKSONVILLE,FL,32204,,(904) 387-6750,,,,,,,,,,,,,,,,,4,,,,,
10C0001332,LASER AND SURGERY CENTER OF THE PALM BEACHES,3602 KYOTO GARDENS DR,PALM BEACH GARDENS,FL,33410,,(561) 799-3388,95,4,1,97,88,9,3,92,85,12,3,94,82,16,2,93,,1146,454,40,04/01/2019,09/30/2020
10C0001354,SURGERY CENTER OF SOUTHWEST FLORIDA INC,12631 WHITEHALL DR,FORT MYERS,FL,33907,,(239) 772-0500,,,,,,,,,,,,,,,,,4,,,,,
10C0001362,DESTIN SURGERY CENTER LLC,4485 FURLING LANE,DESTIN,FL,32541,,(850) 650-7606,98,2,0,99,95,4,1,97,92,7,1,97,92,7,1,97,,1040,411,40,04/01/2019,09/30/2020
10C0001363,DOCTORS GI PARTNERSHIP LTD DBA MELBOURNE GI CENTER,1051 SOUTH HICKORY ST SUITE K,MELBOURNE,FL,32901,,(513) 319-6256,97,3,0,98,94,5,1,96,88,11,1,95,87,12,1,95,,983,353,36,04/01/2019,09/30/2020
10C0001371,CHARLOTTE ENDOSCOPIC SURGERY CENTER LLC DBA CHARLOTTE ENDOSCOPIC SURGERY CENTER,23970 SUNCOAST BLVD,PORT CHARLOTTE,FL,33908,,(947) 625-3636,,,,,,,,,,,,,,,,,4,,,,,
10C0001377,OPHTHALMOLOGY SURGERY CENTER OF ORLANDO LLC DBA ORLANDO OPHTHALMOLOGY SURGERY CENTER,105 BONNIE LOCH CT,ORLANDO,FL,32806,,(407) 428-0040,96,4,0,98,90,8,2,94,86,11,3,94,85,13,2,94,,1163,437,38,04/01/2019,09/30/2020
10C0001389,BGC HOLDINGS INC,4800 BELFORT RD,JACKSONVILLE,FL,32256,,(904) 265-4801,,,,,,,,,,,,,,,,,4,,,,,
10C0001418,THE SURGERY CENTER AT JENSEN BEACH LLC,3995 NW GOLDENROD RD,JENSEN BEACH,FL,34957,,(772) 497-0020,96,3,1,98,90,7,3,94,87,12,1,95,86,13,1,95,,1075,477,44,04/01/2019,09/30/2020
10C0001428,SOUTH FLORIDA AMBULATORY SURGICAL CENTER LLC,6110 SOUTHWEST 70TH ST,SOUTH MIAMI,FL,33143,,(305) 662-3100,98,2,0,99,91,7,2,95,88,10,2,94,86,11,3,93,,1314,315,24,04/01/2019,09/30/2020
10C0001461,UNIVERSITY INTERVENTIONAL CENTER,5102 NORTH DAVIS HWY,PENSACOLA,FL,32503,,(850) 549-4960,,,,,,,,,,,,,,,,,4,,,,,
10C0001474,MURDOCK AMBULATORY SURGERY CENTER LLC,1400 EDUCATION WAY,PORT CHARLOTTE,FL,33948,,(941) 625-9800,98,2,0,99,89,8,3,93,88,11,1,95,87,12,1,95,,815,379,47,04/01/2019,09/30/2020
10C0001490,ANDREWS INSTITUTE ASC LLC,1040 GULF BREEZE PKWY,GULF BREEZE,FL,32561,,(850) 916-8623,,,,,,,,,,,,,,,,,4,,,,,
10C0001505,LAKE ENDOSCOPY CENTER,17355 S.E. 109TH TERRACE RD,SUMMERFIELD,FL,34491,,(352) 245-0846,98,2,0,99,91,7,2,95,93,6,1,97,91,8,1,96,2,1153,634,55,04/01/2019,09/30/2020
10C0001512,TLC ASC LLC DBA TLC OUTPATIENT SURGERY AND LASER CENTER,201 WEST GUAVA ST,LADY LAKE,FL,32159,,(352) 391-5875,98,2,0,99,90,8,2,94,87,11,2,95,86,12,2,94,,1262,665,53,04/01/2019,09/30/2020
10C0001521,RIVERWALK AMBULATORY SURGERY CENTER LLC,200 3RD AVE WEST SUITE 170,BRADENTON,FL,34205,,(941) 216-3969,,,,,,,,,,,,,,,,,4,,,,,
10C0001525,UNIVERSITY MEDICAL SERVICE ASSOCIATION INC DBA USF HEALTH ENDOSCOPY AND SURGERY CENTER,13330 USF LAUREL DR 2ND FLOOR,TAMPA,FL,33612,,(813) 974-2446,,,,,,,,,,,,,,,,,4,,,,,
10C0001528,CORAL RIDGE OUTPATIENT CENTER LLC,5301 NORTH DIXIE HWY.,OAKLAND PARK,FL,33334,,(954) 832-3300,96,4,0,98,91,7,2,94,85,14,1,94,87,11,2,95,,1153,342,30,04/01/2019,09/30/2020
10C0001539,SURGERY CENTER OF PEMBROKE PINES LLC DBA BROWARD SPECIALTY SURGICAL CENTER,7261 SHERIDAN ST SUITE 100A,HOLLYWOOD,FL,33024,,(954) 322-4222,97,3,0,98,89,8,3,93,88,10,2,95,87,10,3,94,,1512,318,21,04/01/2019,09/30/2020
10C0001545,SURGICARE OF MIRAMAR LLC,14601 SOUTHWEST 29TH ST SUITE 301,MIRAMAR,FL,33027,,(954) 266-3807,98,2,0,99,94,4,2,96,94,5,1,97,88,8,4,94,,927,205,22,04/01/2019,09/30/2020
10C0001549,TITUSVILLE CENTER FOR SURGICAL EXCELLENCE LLC,814 SOUTH WASHIGNTON AVE,TITUSVILLE,FL,32796,,(321) 567-6300,99,1,0,99,95,4,1,97,93,6,1,97,94,6,0,98,,1408,634,45,04/01/2019,09/30/2020
10C0001559,SAFETY HARBOR SURGERY CENTER LLC,3280 MCMULLEN BOOTH RD. STE. 110,CLEARWATER,FL,33761,,(727) 787-3000,,,,,,,,,,,,,,,,,4,,,,,
10C0001571,SURGERY CENTRE OF SW FLORIDA LLC,665 DEL PRADO BLVD S.,CAPE CORAL,FL,33990,,(239) 772-3636,97,3,0,98,91,7,2,95,88,10,2,95,88,10,2,95,,1225,516,42,04/01/2019,09/30/2020
10C0001576,THE OUTPATIENT CENTER OF DELRAY,4675 LINTON BLVD STE 101,DELRAY BEACH,FL,33445,,(561) 499-9585,96,3,1,98,93,6,1,96,89,9,2,95,87,10,3,94,,1139,428,38,04/01/2019,09/30/2020
11C0001006,EMORY HEALTHCARE,"1365 CLIFTON RD, NE SUITE BT200",ATLANTA,GA,30322,,(404) 778-3348,96,3,1,98,90,7,3,94,89,9,2,95,87,11,2,95,,1968,323,16,04/01/2019,09/30/2020
11C0001049,RESURGENS SURGERY CENTER LLC,5671 PEACHTREE DUNWOODY RD SUITE 800,ATLANTA,GA,30342,,(404) 531-8532,98,2,0,99,94,5,1,96,93,6,1,96,92,7,1,97,,1312,385,29,04/01/2019,09/30/2020
11C0001056,THE ENDOSCOPY CENTER OF SOUTHEAST GEORGIA INC,200 MAPLE DR,VIDALIA,GA,30474,,(912) 538-1003,99,1,0,100,96,4,0,98,93,7,0,97,96,4,0,98,,1005,180,18,04/01/2019,09/30/2020
11C0001085,NORTHWEST GEORGIA ORTHOPAEDIC SURGERY CENTER LLC,2550 WINDY HILL RD SOUTHEAST SUITE 218,MARIETTA,GA,30067,,(770) 953-8058,97,3,0,98,92,6,2,95,87,11,2,95,85,13,2,94,,1373,335,24,04/01/2019,09/30/2020
11C0001177,EAST WEST SURGERY CENTER LP,2041 MESA VALLEY WAY SUITE 125,AUSTELL,GA,30106,,(678) 309-8100,98,2,0,99,92,7,1,95,91,9,0,97,89,10,1,95,,888,256,29,04/01/2019,09/30/2020
11C0001182,ROSWELL SURGERY CENTER LLC,1285 HEMBREE RD SUITE 200C,ROSWELL,GA,30076,,(770) 772-5520,98,1,1,99,94,5,1,96,92,6,2,95,87,10,3,94,,1177,358,30,04/01/2019,09/30/2020
11C0001192,LAWRENCEVILLE SURGERY CENTER LLC,758 OLD NORCROSS RD SUITE 125,LAWRENCEVILLE,GA,30046,,(678) 987-0820,98,2,0,99,93,6,1,96,91,7,2,96,89,9,2,96,,1090,305,28,04/01/2019,09/30/2020
11C0001234,ORTHOPEDIC SOUTH SURGICAL PARTNERS LLC,6645 LAKE DR,MORROW,GA,30260,,(678) 422-4230,98,2,0,99,92,7,1,95,90,9,1,95,88,10,2,95,,815,215,26,04/01/2019,09/30/2020
11C0001258,THOMAS EYE SURGERY CENTER LLC,5995 BARFIELD RD,SANDY SPRINGS,GA,30328,,(678) 781-7388,95,4,1,97,89,9,2,94,84,12,4,93,86,12,2,94,,1215,269,23,04/01/2019,09/30/2020
11C0001279,SURGICAL CENTER FOR UROLOGY LLC,290 COUNTRY CLUB DR SUITE 240,STOCKBRIDGE,GA,30281,,(678) 565-1806,96,4,0,98,90,8,2,94,86,13,1,95,90,9,1,96,,1805,334,19,04/01/2019,09/30/2020
11C0001368,NORTH COLUMBUS SURGERY CENTER LLC,7351 OLD MOON RD,COLUMBUS,GA,31909,,(706) 653-7000,,,,,,,,,,,,,,,,,4,,,,,
11C0001370,GEORGIA SPINE SURGERY CENTER LLC DBA GNS SURGERY CENTER,1061 DOWDY RD SUITE 103,ATHENS,GA,30606,,(706) 543-9222,,,,,,,,,,,,,,,,,4,,,,,
11C0001383,HUGHSTON SURGICAL CENTER LLC,6262 VETERANS PKWY UNIT. B,COLUMBUS,GA,31909,,(706) 494-3434,96,4,0,98,92,6,2,95,91,7,2,96,95,4,1,98,,1272,347,27,04/01/2019,09/30/2020
11C0001407,WHITE OAK SURGERY CENTER,1665 EAST HWY 34 SUITE 200,NEWMAN,GA,30265,,(770) 252-7557,98,2,0,99,94,4,2,96,94,5,1,97,93,6,1,97,,1051,189,19,04/01/2019,09/30/2020
11C0001460,RESURGENS EAST SURGERY CENTER LLC,3241 IRIS DR SUITE 100,COVINGTON,GA,30016,,(678) 712-7624,99,1,0,99,95,4,1,97,93,6,1,96,89,10,1,95,,966,265,27,04/01/2019,09/30/2020
11C0001472,RESURGENS FAYETTE SURGERY CENTER LLC,1336 HWY 54 WEST BUILDING 400 SUITE A,FAYETTEVILLE,GA,30214,,(678) 251-0200,99,1,0,99,92,6,2,95,93,5,2,97,92,6,2,96,,1419,470,33,04/01/2019,09/30/2020
12C0001012,KAISER PERMANENTE HONOLULU CLINIC - ASC,1010 PENSACOLA ST,HONOLULU,HI,96814,,(808) 597-2611,97,3,0,98,88,9,3,93,87,10,3,94,86,12,2,95,,3133,1374,44,04/01/2019,09/30/2020
12C0001100,KAISER WAILUKU CLINIC - ASC,80 MAHALANI ST,WAILUKU,HI,96793,,(808) 243-6000,98,2,0,99,93,6,1,96,86,13,1,95,88,11,1,95,,1633,582,36,04/01/2019,09/30/2020
13C0001037,KOOTENAI OUTPATIENT SURGERY CNTR LLC,707 W. IRONWOOD DR,COEUR D ALENE,ID,83814,,(208) 666-2700,,,,,,,,,,,,,,,,,4,,,,,
13C0001064,IDAHO PHYSICAL MEDICINE AND REHABILITATION PA,3551 EAST OVERLAND RD,MERIDIAN,ID,83642,,(208) 287-6558,98,2,0,99,95,4,1,97,92,6,2,96,91,6,3,95,2,1046,330,32,04/01/2019,09/30/2020
14C0001007,HINSDALE SURGICAL CENTER LLC,10 SALT CREEK LANE,HINSDALE,IL,60521,,(630) 706-7147,97,3,0,99,90,8,2,94,89,9,2,95,88,10,2,95,,1188,443,37,04/01/2019,09/30/2020
14C0001030,RIVER NORTH SAME DAY SURGERY LLC,1 EAST ERIE ST SUITE 300,CHICAGO,IL,60611,,(312) 649-9706,97,2,1,98,89,9,2,94,83,13,4,92,77,19,4,90,,1462,347,24,04/01/2019,09/30/2020
14C0001041,NORTH SHORE SAME DAY SURGERY DBA NORTH SHORE SURGICAL CENTER,3427 WEST TOUHY AVE,LINCOLNWOOD,IL,60712,,(847) 324-7770,97,3,0,99,94,5,1,96,87,12,1,95,86,12,2,94,,1125,488,43,04/01/2019,09/30/2020
14C0001059,ROCKFORD GASTROENTEROLOGY ASSOCIATES LTD,401 ROXBURY RD,ROCKFORD,IL,61107,,(815) 484-7930,98,2,0,99,89,9,2,93,90,8,2,96,94,5,1,98,,1384,286,21,04/01/2019,09/30/2020
14C0001061,DREYER MEDICAL AMBULATORY SURGERY CENTER,1221 NORTH HIGHLAND DR,AURORA,IL,60506,,(630) 264-8405,97,3,0,98,92,6,2,95,88,10,2,95,82,17,1,94,2,2612,712,27,04/01/2019,09/30/2020
14C0001074,EFFINGHAM SURGICAL PARTNERS LLC,904 W. TEMPLE AVE.,EFFINGHAM,IL,62401,,(217) 342-1234,99,1,0,99,95,4,1,97,93,6,1,96,91,8,1,96,,1020,535,52,04/01/2019,09/30/2020
14C0001088,CENTER FOR HEALTH AMBULATORY SURGERY CENTER LLC,8800 STATE RD 91,PEORIA,IL,61615,,(309) 683-4807,,,,,,,,,,,,,,,,,4,,,,,
14C0001148,UNITED SHOCKWAVE SERVICES LTD,120 N. LAGRANGE RD,ROSEMONT,IL,60525,,(847) 544-5959,,,,,,,,,,,,,,,,,4,,,,,
14C0001157,PHYSICIANS SURGERY CENTER AT GOOD SAMARITAN LLC,"2 GOOD SAMARITAN WAY, STE. 200",MOUNT VERNON,IL,62864,,(618) 899-5703,98,2,0,99,92,7,1,96,90,9,1,96,85,13,2,94,,1477,521,35,04/01/2019,09/30/2020
14C0001172,SILVER CROSS AMBULATORY SURGERY CENTER LLC DBA SILVER CROSS SURGERY CENTER,1003 PAWLAK PARKWAY,NEW LENOX,IL,60451,,(815) 717-1740,96,3,1,98,91,7,2,95,89,8,3,94,86,12,2,94,,1366,524,38,04/01/2019,09/30/2020
14C0001173,UROPARTNERS SURGERY CENTER LLC,TBD,DES PLAINES,IL,60018,,(000) 000-0000,,,,,,,,,,,,,,,,,4,,,,,
15C0001158,TERRE HAUTE SURGICAL CENTER LLC,227 EAST MCCALLISTER DR,TERRE HAUTE,IN,47802,,(812) 234-4315,99,1,0,99,95,4,1,97,94,5,1,97,93,6,1,97,,909,360,40,04/01/2019,09/30/2020
15C0001169,INDIANA SPECIALTY SURGERY CENTER LLC,1380 W ARCH HAVEN AVE,BLOOMINGTON,IN,47403,,(812) 330-1164,98,2,0,99,90,8,2,94,91,8,1,96,89,10,1,96,,1027,427,42,04/01/2019,09/30/2020
16C0001016,SURGERY CENTER CEDAR RAPIDS,1075 1ST AVE. SE,CEDAR RAPIDS,IA,52402,,(319) 558-4803,97,3,0,98,90,8,2,94,87,11,2,94,82,17,1,94,,1341,502,37,04/01/2019,09/30/2020
17C0001083,EPIC ASC LLC DBA EPIC SURGERY CENTER,11261 NALL AVE SUITE 200,LEAWOOD,KS,66211,,(913) 671-3290,97,3,0,98,89,9,2,93,86,12,2,94,84,14,2,93,,1604,715,45,04/01/2019,09/30/2020
19C0001010,EYE CARE SURGERY CENTER INC,10423 OLD HAMMOND HWY,BATON ROUGE,LA,70816,,(225) 923-0960,96,3,1,98,89,8,3,93,84,12,4,93,88,11,1,96,,1184,246,21,04/01/2019,09/30/2020
19C0001053,METAIRIE OPHTHALMOLOGY ASC LLC,3900 VETERANS BLVD. #100,METAIRIE,LA,70002,,(504) 455-1550,97,2,1,98,91,7,2,94,88,10,2,95,89,9,2,96,,1185,283,24,04/01/2019,09/30/2020
19C0001085,LAKE AMBULATORY SURGERY CTR,7145 PERKINS RD,BATON ROUGE,LA,70808,,(225) 408-5548,98,2,0,99,92,6,2,95,89,9,2,95,87,11,2,95,,1423,335,24,04/01/2019,09/30/2020
19C0001092,ADVANCED SURGICAL CONCEPTS LLC,9118 BLUEBONNET CENTRE BLVD.,BATON ROUGE,LA,70809,,(225) 368-2330,98,2,0,99,93,6,1,96,91,7,2,96,85,12,3,93,,1277,280,22,04/01/2019,09/30/2020
19C0001106,ORTHOPEDIC SURGERY CENTER LLC,7301 HENNESY BLVD STE 100,BATON ROUGE,LA,70808,,(225) 766-0050,,,,,,,,,,,,,,,,,4,,,,,
19C0001109,CHRISTUS CABRINI SURGERY CENTER LLC,3436 MASONIC DR.,ALEXANDRIA,LA,71301,,(318) 427-6500,97,3,0,99,90,8,2,94,91,7,2,95,88,11,1,95,,1212,364,30,04/01/2019,09/30/2020
19C0001113,PONTCHARTRAIN SURGERY CENTER LLC,"4407 HWY 190 SERVICE RD, EAST STE.",COVINGTON,LA,70433,,(985) 234-9700,98,2,0,99,93,6,1,96,91,8,1,96,87,12,1,95,2,939,340,36,04/01/2019,09/30/2020
19C0001133,OIL CENTER SURGICAL PLAZA,"1000 W. PINHOOK RD, SUITE 204",LAFAYETTE,LA,70503,,(337) 289-8216,98,2,0,99,95,4,1,97,93,6,1,97,92,7,1,97,,1049,428,41,04/01/2019,09/30/2020
20C0001012,INTERMED PA DBA GENERATIONS,84 MARGINAL WAY SUITE 1000,PORTLAND,ME,04101,,(207) 347-2898,98,2,0,99,93,6,1,96,92,7,1,96,89,9,2,95,,959,292,30,04/01/2019,09/30/2020
21C0001063,CLINICAL ASSOCIATION AMBULATORY SURGICAL CENTER,515 FAIRMOUNT AVE. STE 100,TOWSON,MD,21286,,(410) 494-1335,92,6,2,95,88,10,2,93,82,14,4,93,83,14,3,93,,2050,215,11,04/01/2019,09/30/2020
21C0001590,DIALYSIS ACCESS SERVICES,1589 SULPHUR SPRING RD,BALTIMORE,MD,21227,,(410) 536-5400,97,3,0,98,87,11,2,93,88,9,3,95,84,10,6,91,,680,127,19,04/01/2019,09/30/2020
21C0001594,DIALYSIS ACCESS SERVICES,2405 YORK RD SUITE 100,TIMONIUM,MD,21093,,(410) 536-5400,97,3,0,98,89,8,3,93,84,13,3,93,78,20,2,92,,699,119,17,04/01/2019,09/30/2020
22C0001011,ARC WORCESTER CENTER LP DBA WORCESTER SURGICAL CENTER,300 GROVE ST,WORCESTER,MA,01605,,(508) 754-0700,98,2,0,99,94,5,1,96,89,9,2,95,87,11,2,94,,1175,486,41,04/01/2019,09/30/2020
22C0001023,CATARACT AND LASER CENTER WEST LLC,171 INTERSTATE DR,WEST SPRINGFIELD,MA,01089,,(413) 737-5500,,,,,,,,,,,,,,,,,4,,,,,
22C0001077,CAPE COD SURGERY CENTER,160 FALMOUTH RD,MASHPEE,MA,02649,,(508) 862-5116,98,2,0,99,93,6,1,96,93,6,1,96,94,6,0,98,3,218,98,45,04/01/2019,09/30/2020
23C0001020,SURGICAL CARE CENTER OF MICHIGAN,750 EAST BELTLINE NE,GRAND RAPIDS,MI,49525,,(616) 588-6520,97,3,0,98,90,8,2,94,85,13,2,95,93,7,0,98,,1066,267,26,04/01/2019,09/30/2020
23C0001027,LAKE LANSING ASC PARTNERS LLC,1707 LAKE LANSING RD,LANSING,MI,48912,,(517) 708-3363,98,2,0,99,91,8,1,95,90,9,1,96,87,12,1,95,,1609,610,38,04/01/2019,09/30/2020
23C0001031,GENESIS SURGERY CENTER,3400 E JOLLY RD,LANSING,MI,48910,,(517) 272-1063,98,2,0,99,92,7,1,95,90,8,2,95,88,11,1,95,,1210,626,52,04/01/2019,09/30/2020
23C0001053,EAST PARIS SURGICAL CENTER LLC,1000 EAST PARIS AVE S.E.,GRAND RAPIDS,MI,49546,,(616) 464-3430,95,5,0,97,90,8,2,94,88,10,2,95,90,9,1,96,,1302,317,25,04/01/2019,09/30/2020
23C0001080,WALKER SURGICAL CENTER LLC,3300 WALKER VIEW DR.,WALKER,MI,49544,,(616) 588-6560,98,2,0,99,94,5,1,96,92,7,1,96,93,6,1,97,,1137,291,26,04/01/2019,09/30/2020
23C0001085,TOWNE CENTRE SURGERY CENTER LLC,4599 TOWN CENTER RD.,SAGINAW,MI,48604,,(989) 497-3096,98,2,0,99,90,7,3,94,89,10,1,95,91,8,1,96,,1263,298,24,04/01/2019,09/30/2020
23C0001109,CLARKSTON ASC PARTNERS LLC DBA CLARKSTON SURGERY CENTER,5701 BOW POINTE DR SUITE 145,CLARKSTON,MI,48346,,(248) 322-4800,98,2,0,99,89,9,2,94,87,11,2,95,86,12,2,94,,1088,422,39,04/01/2019,09/30/2020
23C0001114,SURGICAL INSTITUTE OF MONROE,1051 S. TELEGRAPH RD STE 100,MONROE,MI,48161,,(734) 869-8701,97,3,0,99,88,9,3,93,86,11,3,94,83,16,1,94,,1233,480,39,04/01/2019,09/30/2020
23C0001139,HEALTH POINTE,15100 WHITTAKER WAY,GRAND HAVEN,MI,49417,,(616) 935-6399,98,2,0,99,94,5,1,96,92,7,1,96,87,12,1,95,,1331,465,35,04/01/2019,09/30/2020
24C0001010,WILLMAR SURGERY CENTER,1320 SOUTH FIRST ST,WILLMAR,MN,56201,,(320) 235-6506,98,2,0,99,91,8,1,95,87,11,2,94,84,15,1,94,,1611,632,39,04/01/2019,09/30/2020
24C0001060,CENTRACARE SURGERY CENTER LLC,1900 CENTRACARE CIR,ST CLOUD,MN,56303,,(320) 229-4964,98,2,0,99,93,6,1,96,88,11,1,95,85,14,1,95,,2303,837,36,04/01/2019,09/30/2020
24C0001074,SANFORD HEALTH DETROIT LAKES SAME DAY SURGERY CTR,1245 WASHINGTON AVE,DETROIT LAKES,MN,56501,,(218) 846-2000,,,,,,,,,,,,,,,,,4,,,,,
24C0001093,MONTICELLO SURGERY CENTER,1013 HART BLVD,MONTICELLO,MN,55362,,(763) 271-2268,,,,,,,,,,,,,,,,,4,,,,,
25C0001028,SOUTHERN SURGERY CENTER LLC,3688 VETERANS MEMORIAL DR. #100,HATTIESBURG,MS,39401,,(601) 554-7525,,,,,,,,,,,,,,,,,4,,,,,
25C0001046,COLUMBUS ORTHOPEDIC OUTPATIENT,640 LEIGH DR.,COLUMBUS,MS,39705,,(662) 328-7123,97,2,1,98,95,4,1,97,91,8,1,96,91,6,3,95,,1444,420,29,04/01/2019,09/30/2020
25C0001058,CENTER FOR DIGESTIVE HEALTH LLC,589 GARFIELD ST,TUPELO,MS,38801,,(662) 377-4173,97,2,1,98,92,6,2,95,92,7,1,96,91,6,3,95,,2054,469,23,04/01/2019,09/30/2020
26C0001021,CREEKWOOD SURGERY CENTER LP,211 NORTHEAST 54TH ST SUITE 100,KANSAS CITY,MO,64118,,(816) 988-2553,98,2,0,99,90,8,2,94,87,11,2,94,84,14,2,94,,1506,462,31,04/01/2019,09/30/2020
26C0001028,SAINT LUKES GI DIAGNOSTICS LLC,4321 WASHINGTON STE. 5600,KANSAS CITY,MO,64111,,(816) 416-8353,95,4,1,97,89,9,2,93,84,12,4,93,82,15,3,92,,1300,358,28,04/01/2019,09/30/2020
26C0001060,SOUTH COUNTY OUTPATIENT ENDOSCOPY SERVICES LP DBA SOUTH COUNTY OUTPATIENT ENDOSCOPY SERVICES,5139 MATTIS RD  SUITE 100,ST LOUIS,MO,63128,,(314) 729-9780,98,2,0,99,93,6,1,96,92,7,1,96,89,10,1,96,,1034,462,45,04/01/2019,09/30/2020
26C0001061,DES PERES SQUARE SURGERY CENTER,1050 OLD DES PERES RD. STE. 150,ST LOUIS,MO,63131,,(314) 569-2918,97,3,0,98,90,8,2,94,85,13,2,94,83,15,2,94,,1215,392,32,04/01/2019,09/30/2020
26C0001066,MIDWEST DIGESTIVE HEALTH CENTER LLC,3601 NORTHEAST RALPH POWELL RD,LEES SUMMIT,MO,64064,,(816) 251-1255,99,1,0,99,95,4,1,97,93,6,1,97,93,5,2,97,,1213,426,35,04/01/2019,09/30/2020
26C0001069,BRIARCLIFF AMBULATORY SURGERY CENTER LP DBA BRIARCLIFF SURGERY CENTER,4150 NORTH MULBERRY DR SUITE 100,KANSAS CITY,MO,64116,,(816) 214-4364,97,3,0,99,91,8,1,95,88,11,1,95,85,14,1,95,,756,306,40,04/01/2019,09/30/2020
26C0001080,MID RIVERS SURGERY CENTER,5401 VETERANS MEMOIRAL PARKWAY,ST PETERS,MO,63376,,(636) 441-0906,97,3,0,99,94,5,1,97,91,7,2,95,88,10,2,95,,875,309,35,04/01/2019,09/30/2020
26C0001082,CHESTERFIELD SURGERY CENTER,17050 BAXTER RD SUITE 110,CHESTERFIELD,MO,63005,,(636) 537-0122,98,2,0,99,93,5,2,96,90,8,2,96,88,10,2,95,,1136,442,39,04/01/2019,09/30/2020
26C0001087,ADVANCED AMBULATORY SURGICAL CARE LP,"10448 OLD OLIVE ST RD, SUITE 100",CREVE COEUR,MO,63141,,(314) 743-8091,98,2,0,99,92,7,1,95,88,11,1,95,83,15,2,93,,1078,308,29,04/01/2019,09/30/2020
26C0001088,SURGERY CENTER OF COLUMBIA LP,305 NORTH KEENE ST SUITE 107,COLUMBIA,MO,65201,,(573) 256-6272,98,2,0,99,94,5,1,96,91,8,1,96,92,7,1,97,,1119,493,44,04/01/2019,09/30/2020
26C0001093,TOTAL JOINT CENTER OF ST LOUIS LP,760 OFFICE PARKWAY,CREVE COEUR,MO,63141,,(314) 995-4700,99,1,0,99,92,6,2,95,93,6,1,96,84,13,3,93,2,906,366,40,04/01/2019,09/30/2020
26C0001097,RIVERSIDE AMBULATORY SURGERY CENTER LLC,100 VILLAGE SQUARE,HAZELWOOD,MO,63042,,(314) 373-8931,96,3,1,98,92,6,2,95,85,12,3,94,85,12,3,94,,1129,366,32,04/01/2019,09/30/2020
26C0001099,MANCHESTER AMBULATORY SURGERY CENTER LP DBA MANCHESTER SURGERY CENTER,1040 OLD DES PERES RD,DES PERES,MO,63131,,(314) 775-2264,98,2,0,99,93,6,1,96,85,13,2,94,79,19,2,92,,1135,327,29,04/01/2019,09/30/2020
26C0001103,CEDAR OAKS SURGERY CENTER LLC,706 BURKARTH RD,WARRENSBURG,MO,64093,,(660) 747-8868,99,1,0,99,93,6,1,97,91,7,2,95,86,11,3,94,2,456,213,47,04/01/2019,09/30/2020
26C0001109,WEBSTER AMBULATORY SURGERY CENTER LP,520 S. ELM AVE.,WEBSTER GROVES,MO,63119,,(314) 962-3464,98,2,0,99,91,7,2,95,89,9,2,95,85,14,1,94,,1127,350,31,04/01/2019,09/30/2020
26C0001112,FRONTENAC AMBULATORY SURGERY AND SPINE CARE CENTER LP DBA FRONTENAC SURGERY AND SPINE CARE CENTER,10435 CLAYTON RD SUITE 110,FRONTENAC,MO,63131,,(314) 995-3990,97,3,0,99,92,7,1,95,88,10,2,95,87,12,1,95,,964,298,31,04/01/2019,09/30/2020
26C0001116,GATEWAY ENDOSCOPY CENTER LP,12855 N. 40 DR. STE. 150,ST LOUIS,MO,63141,,(314) 336-1130,99,1,0,99,94,5,1,96,93,6,1,97,92,7,1,97,,864,371,43,04/01/2019,09/30/2020
26C0001117,TWIN CITIES AMBULATORY SURGERY CENTER LP,1101 W. GANNON DR.,FESTUS,MO,63028,,(636) 931-5997,96,3,1,98,91,8,1,95,82,16,2,93,78,20,2,92,,1124,445,40,04/01/2019,09/30/2020
26C0001138,OLD TESSON SURGERY CENTER LP,12639 OLD TESSON RD SUITE 130,ST LOUIS,MO,63128,,(314) 748-4225,97,3,0,98,91,7,2,94,88,11,1,95,86,12,2,95,,878,397,45,04/01/2019,09/30/2020
26C0001148,EMERSON SURGERY CENTER LLC,"633 EMERSON RD, SUITE 140",ST LOUIS,MO,63141,,(314) 991-9922,98,2,0,99,92,7,1,96,92,7,1,96,88,11,1,96,,1317,499,38,04/01/2019,09/30/2020
26C0001157,NORTH CAMPUS SURGERY CENTER LLC,"633 EMERSON RD., SUITE 120",CREVE COEUR,MO,63141,,(314) 991-2090,99,1,0,100,94,5,1,96,95,5,0,97,93,6,1,97,,895,236,26,04/01/2019,09/30/2020
27C0001020,YELLOWSTONE SURGERY CENTER LLC,1144 N. 28TH ST.,BILLINGS,MT,59101,,(406) 237-5900,98,2,0,99,92,6,2,95,92,7,1,96,91,8,1,96,,954,278,29,04/01/2019,09/30/2020
28C0001032,NORTH PLATTE SURGERY CENTER LLC,621 WEST FRANCIS ST,NORTH PLATTE,NE,69101,,(308) 534-5400,98,2,0,99,93,6,1,96,88,11,1,94,86,13,1,95,,1280,468,37,04/01/2019,09/30/2020
29C0001000,SOUTHWEST MEDICAL ASSOCIATES INC,2450 WEST CHARLESTON BLVD.,LAS VEGAS,NV,89102,,(702) 877-8638,,,,,,,,,,,,,,,,,4,,,,,
29C0001036,PARKWAY SURGERY CENTER LLC DBA PARKWAY SURGERY CENTER,100 NORTH GREEN VALLEY PARKWAY SUITE 125,HENDERSON,NV,89074,,(702) 616-4954,98,2,0,99,92,6,2,95,88,10,2,94,87,10,3,94,,1235,305,25,04/01/2019,09/30/2020
29C0001073,SAN MARTIN SURGERY CENTER DBA DURANGO OUTPATIENT SURGERY CENTER,8530 WEST SUNSET RD SUITE 100,LAS VEGAS,NV,89113,,(702) 789-5700,98,2,0,99,91,7,2,95,90,8,2,96,88,10,2,95,,1387,284,20,04/01/2019,09/30/2020
29C0001102,PARKWAY SURGERY CENTER DBA PARKWAY SURGERY CENTER AT HORIZON RIDGE,10561 JEFFREYS ST SUITE 130,HENDERSON,NV,89052,,(702) 724-8900,98,2,0,99,92,7,1,95,91,8,1,96,89,10,1,96,,1892,557,29,04/01/2019,09/30/2020
30C0001014,DARTMOUTHHITCHCOCK CLINIC,100 HITCHCOCK WAY,MANCHESTER,NH,03104,,(603) 629-1800,98,2,0,99,93,6,1,96,87,11,2,94,85,14,1,94,,2017,528,26,04/01/2019,09/30/2020
30C0001021,HILLSIDE ASC LLC,"14 MAPLE ST, STE. 110",GILFORD,NH,03249,,(603) 524-7514,,,,,,,,,,,,,,,,,4,,,,,
30C0001031,DARTMOUTHHITCHCOCK CLINIC,ONE MEDICAL CENTER DR,LEBANON,NH,03756,,(603) 650-3052,98,2,0,99,93,6,1,96,91,8,1,96,91,8,1,96,,2070,598,29,04/01/2019,09/30/2020
31C0001035,BERGEN GASTROENTEROLOGY PC,"466 OLD HOOK RD, SUITE 1",EMERSON,NJ,07630,,(201) 967-8221,,,,,,,,,,,,,,,,,4,,,,,
31C0001099,SHORE OUTPATIENT SURGICENTER LLC,360 ROUTE 70,LAKEWOOD,NJ,08201,,(732) 942-9835,98,2,0,99,90,8,2,94,88,10,2,95,86,13,1,95,,1344,508,38,04/01/2019,09/30/2020
31C0001118,CENTRAL JERSEY SURGERY CENTER LLC,97 CORBETT WAY,EATONTOWN,NJ,07724,,(732) 460-2777,98,2,0,99,92,6,2,95,89,9,2,95,86,12,2,95,,890,327,37,04/01/2019,09/30/2020
31C0001126,SHREWSBURY SURGERY CENTER LLC DBA SHREWSBURY SURGERY CENTER,655 SHREWSBURY AVE,SHREWSBURY,NJ,07702,,(732) 450-6000,98,2,0,99,92,6,2,95,90,8,2,96,88,11,1,95,,881,286,32,04/01/2019,09/30/2020
31C0001147,SAME DAY SURGERY CENTER OF CENTRAL JERSEY LLC,225 MAY ST. UNIT C,EDISON,NJ,08837,,(732) 661-0570,,,,,,,,,,,,,,,,,4,,,,,
31C0001150,ORTHOPAEDIC SURGERY CENTER OF NORTHWEST JERSEY LLC,3130 ROUTE 10 WEST STE. 200,DENVILLE,NJ,07834,,(973) 328-3475,98,2,0,99,91,7,2,94,88,11,1,94,87,12,1,95,,1500,486,32,04/01/2019,09/30/2020
31C0001152,HACKENSACK ENDOSCOPY CENTER,170 PROSPECTIVE AVE. STE 10,HACKENSACK,NJ,07601,,(201) 498-0030,98,2,0,99,90,7,3,94,91,8,1,96,91,8,1,97,,1071,358,33,04/01/2019,09/30/2020
31C0001153,TOMS RIVER SURGERY CENTER,1430 HOOPER AVE SUITE 301,TOMS RIVER,NJ,08753,,(732) 240-2277,99,1,0,99,92,6,2,95,93,6,1,97,91,8,1,96,,1205,451,37,04/01/2019,09/30/2020
31C0001160,HAMILTON ENDOSCOPY AND SURGERY CENTER LLC,"1235 WHITE HORSE MERCERVILLE RD, SUITE 310",HAMILTON,NJ,08619,,(609) 581-6610,98,2,0,99,93,5,2,96,89,10,1,95,89,10,1,96,,765,248,32,04/01/2019,09/30/2020
31C0001162,SUBURBAN ENDOSCOPY CENTER LLC,799 BLOOMFIELD AVE.,VERONA,NJ,07044,,(973) 571-1600,98,2,0,99,90,7,3,94,90,9,1,95,88,10,2,95,,1183,337,28,04/01/2019,09/30/2020
31C0001193,LAKEWOOD SURGERY CENTER LLC,1215 ROUTE 70 SUITE 2000,LAKEWOOD,NJ,08701,,(732) 719-1800,98,2,0,99,93,6,1,96,91,8,1,96,90,9,1,96,,1227,363,30,04/01/2019,09/30/2020
31C0001197,METROPOLITAN NEW JERSEY LLC DBA METROPOLITAN SURGERY CENTER,433 HACKENSACK AVE LL01,HACKENSACK,NJ,07601,,(201) 527-6800,97,3,0,99,89,9,2,93,83,16,1,94,76,22,2,91,,1002,268,27,04/01/2019,09/30/2020
31C0001199,CENTER FOR BONE AND JOINT SURGERY DBA NORTHERN MONMOUTH REGIONAL SURGERY CENTER LLC,195 ROUTE 9 SOUTH SUITE 210,MANALAPAN,NJ,07726,,(732) 921-2305,97,3,0,98,91,7,2,94,87,12,1,95,87,11,2,95,,1274,374,29,04/01/2019,09/30/2020
31C0001205,PARAMUS ENDOSCOPY LLC DBA ENDOSCOPY CENTER OF BERGEN COUNTY,80 EISENHOWER DR SUITE 100,PARAMUS,NJ,07652,,(201) 336-1100,97,3,0,99,88,8,4,92,90,8,2,96,90,9,1,96,,1415,396,28,04/01/2019,09/30/2020
31C0001216,SOMERSET AMBULATORY SURGICAL CENTER,1 HWY 206 N,SOMERVILLE,NJ,08876,,(908) 393-8360,98,2,0,99,93,6,1,96,92,7,1,96,88,11,1,95,,1282,417,33,04/01/2019,09/30/2020
31C0001218,MILLENNIUM SURGICAL CENTER LLC,"2090 SPRINGDALE RD., SUITE A",CHERRY HILL,NJ,08003,,(856) 751-4555,99,1,0,99,92,7,1,95,92,7,1,97,87,11,2,94,,1031,243,24,04/01/2019,09/30/2020
31C0001253,KHS AMBULATORY SURGICAL CENTER,405 HURFFVILLE-CROSSKEYS RD SUITE 210,SEWELL,NJ,08080,,(856) 582-2072,98,2,0,99,93,6,1,96,89,9,2,95,87,11,2,95,,1343,545,41,04/01/2019,09/30/2020
31C0001261,COASTAL ENDOSCOPY CENTER LLC,175 GUNNING RIVER RD.,BARNEGAT,NJ,08005,,(609) 698-0770,,,,,,,,,,,,,,,,,4,,,,,
31C0001269,SURGICAL SPECIALISTS AT PRINCETON LLC,136 MAIN ST. STE. 100,PRINCETON,NJ,08540,,(609) 853-2261,98,2,0,99,92,7,1,95,87,11,2,94,85,13,2,94,,1403,449,32,04/01/2019,09/30/2020
31C0001316,JACKSON SURGICAL CENTER LLC,27 SOUTH COOKS BRIDGE RD SUITE L2,JACKSON,NJ,08527,,(732) 961-5737,98,2,0,99,91,7,2,95,90,9,1,96,87,12,1,95,2,942,502,53,04/01/2019,09/30/2020
32C0001107,NEW MEXICO ORTHOPAEDIC SURGERY CENTER LP DBA NEW MEXICO ORTHOPAEDIC SURGERY CENTER,201 CEDAR ST SOUTHEAST SUITE 7650,ALBUQUERQUE,NM,87106,,(505) 724-4394,96,4,0,98,89,9,2,93,85,13,2,94,81,16,3,92,,1296,359,28,04/01/2019,09/30/2020
32C0001119,DAVITA MEDICAL GROUP,5400 GIBSON BLVD. SE,ALBUQUERQUE,NM,87109,,(505) 262-7126,95,4,1,97,86,11,3,92,78,16,6,91,71,24,5,88,,2075,595,29,04/01/2019,09/30/2020
34C0001032,IREDELL SURGICAL ASSOCIATES LLP,1720 DAVIE AVE.,STATESVILLE,NC,28677,,(704) 871-0081,,,,,,,,,,,,,,,,,4,,,,,
34C0001103,HIGH POINT SURGERY CENTER LLC,600 NORTH LINDSAY ST,HIGH POINT,NC,27262,,(336) 878-6428,97,3,0,99,94,5,1,96,91,8,1,96,87,11,2,95,,1468,411,28,04/01/2019,09/30/2020
34C0001112,SOUTHPARK SURGERY CENTER LLC DBA SOUTHPARK SURGERY CENTER,6035 FAIRVIEW RD SUITE 300,CHARLOTTE,NC,28210,,(336) 277-0948,96,3,1,98,91,7,2,94,89,9,2,95,86,12,2,95,,1075,330,31,04/01/2019,09/30/2020
34C0001137,CAROLINAS PHYSICIANS NETWORK INC DBA CAROLINAS GASTROENTEROLOGY CENTER - BALLANTYNE,15110 JOHN J DELANEY DR SUITE 120,CHARLOTTE,NC,28277,,(704) 512-2140,97,2,1,98,95,4,1,97,91,8,1,96,89,10,1,96,,2402,510,21,04/01/2019,09/30/2020
34C0001138,CAROLINAS PHYSICIANS NETWORK INC DBA CAROLINAS GASTROENTEROLOGY MEDICAL CENTER PLAZA,1000 BLYTHE BLVD SUITE 400,CHARLOTTE,NC,28203,,(704) 355-4178,97,3,0,98,93,6,1,96,92,7,1,96,91,8,1,96,,3662,853,23,04/01/2019,09/30/2020
34C0001150,ENDOSCOPY CENTER HUNTERSVILLE LLC,4828 AIRPORT CENTER PARKWAY,HUNTERSVILLE,NC,28078,,(704) 649-7486,97,3,0,98,92,7,1,95,89,9,2,95,87,12,1,95,,1370,429,31,04/01/2019,09/30/2020
34C0001151,CAROLINA HEALTHCARE ASSOCIATES INC,1415 MEDICAL CTR DR,WILMINGTON,NC,28401,,(910) 362-4201,98,2,0,99,94,5,1,97,94,5,1,97,92,7,1,97,,1790,651,36,04/01/2019,09/30/2020
34C0001154,NOVANT HEALTH BALLANTYNE OUTPATIENT SURGERY,14215 BALLANTYNE CORPORATE PL,CHARLOTTE,NC,28277,,(336) 277-0948,99,1,0,100,92,7,1,96,92,7,1,96,88,11,1,95,,914,158,17,04/01/2019,09/30/2020
34C0001159,PRIVATE DIAGNOSTIC CLINIC PLLC,"BRIER CREEK MEDICAL PAVILLION, 10207 CERNY ST., ST",RALEIGH,NC,27617,,(919) 660-0620,97,3,0,98,91,8,1,95,89,11,0,96,86,12,2,95,,745,153,21,04/01/2019,09/30/2020
34C0001165,WAKE ENDOSCOPY CENTER LLC,2601 LAKE DR. S 201,RALEIGH,NC,27607,,(919) 341-3529,97,3,0,99,92,6,2,95,85,15,0,94,87,13,0,96,,911,109,12,04/01/2019,09/30/2020
34C0001168,NOVANT HEALTH HUNTERSVILLE OUTPATIENT SURGERY,10030 GILEAD RD,HUNTERSVILLE,NC,28078,,(336) 277-0948,97,3,0,98,93,6,1,96,90,9,1,95,87,12,1,95,,1666,500,30,04/01/2019,09/30/2020
34C0001172,NCBH OUTPATIENT ENDOSCOPY CENTER LLC DBA WFUBMC ENDOSCOPY CENTER,101 CHARLOIS BLVD SUITE 100,WINSTON SALEM,NC,27103,,(336) 716-8478,97,3,0,98,94,5,1,97,96,4,0,97,93,6,1,97,,1439,305,21,04/01/2019,09/30/2020
34C0001174,REX SURGERY CENTER OF CARY LLC,1505 SOUTHWEST CARY PARKWAY SUITE 100,CARY,NC,27511,,(804) 814-9753,98,2,0,99,91,8,1,95,89,10,1,95,89,10,1,96,,2357,630,27,04/01/2019,09/30/2020
34C0001177,UNION HEALTH SERVICES LLC,6068 HWY 74 WEST,INDIAN TRAIL,NC,28079,,(704) 667-1970,97,3,0,98,92,6,2,95,90,8,2,95,88,9,3,94,,1827,636,35,04/01/2019,09/30/2020
34C0001180,MATTHEWS SURGERY CENTER LLC,710 PARK CENTER DR SUITE 100,MATTHEWS,NC,28105,,(336) 277-0948,97,3,0,98,91,8,1,95,89,10,1,95,86,12,2,94,,1945,424,22,04/01/2019,09/30/2020
34C0001189,CAROLINA DIGESTIVE CARE,107 B MICA AVE,MORGANTON,NC,28655,,(828) 588-1166,97,3,0,98,94,5,1,97,93,6,1,96,89,10,1,96,,2561,716,28,04/01/2019,09/30/2020
34C0001196,PREMIER SURGERY CENTER LLC,TBD,HIGH POINT,NC,27265,,(000) 000-0000,98,1,1,99,93,4,3,95,90,8,2,95,89,9,2,95,2,587,121,21,04/01/2019,09/30/2020
34C0001201,REX SURGERY CENTER OF WAKEFIELD LLC,11200 GOVERNOR MANLY WAY SUITE 110,RALEIGH,NC,27612,,(919) 570-7549,,,,,,,,,,,,,,,,,4,,,,,
35C0001004,TRINITY HEALTH,1102 MAIN ST,WILLISTON,ND,58801,,(701) 572-7711,98,2,0,99,91,8,1,95,86,12,2,94,87,10,3,95,,707,235,33,04/01/2019,09/30/2020
35C0001025,SANFORD HEALTH DICKINSON AMBULATORY SURGERY CTR,2615 FAIRWAY ST,DICKINSON,ND,58601,,(701) 456-6000,,,,,,,,,,,,,,,,,4,,,,,
36C0001051,OSU INTERNAL MEDICINE LLC,"3900 STONERIDGE LANE, SUITE D",DUBLIN,OH,43017,,(614) 366-5001,98,2,0,99,90,8,2,94,87,11,2,94,86,12,2,94,,2586,729,28,04/01/2019,09/30/2020
36C0001097,REYNOLDS ROAD SURGICAL CENTER LTD,"2865 NORTH REYNOLDS RD, SUITE 190",TOLEDO,OH,43615,,(419) 578-7547,98,2,0,99,91,7,2,95,90,8,2,95,89,9,2,95,,1250,522,42,04/01/2019,09/30/2020
36C0001140,PREMIUM SURGERY CENTER LLC,5319 HOAG DR,ELYRIA,OH,44035,,(440) 930-6050,,,,,,,,,,,,,,,,,4,,,,,
36C0001155,NEW HORIZONS SURGERY CENTER LLC,1167 INDEPENDENCE AVE.,MARION,OH,43302,,(740) 375-5854,98,2,0,99,92,6,2,95,93,6,1,96,89,10,1,96,,1281,443,35,04/01/2019,09/30/2020
36C0001191,SURGERY CENTER OF CANFIELD LLC,4147 WESTFORD DR.,CANFIELD,OH,44406,,(330) 702-1489,,,,,,,,,,,,,,,,,4,,,,,
36C0001222,THE CHRIST HOSPITAL SPINE SURGERY CENTER LLC,4020 SMITH RD,NORWOOD,OH,45209,,(513) 619-5899,99,1,0,99,96,3,1,98,94,5,1,97,91,7,2,96,,1251,533,43,04/01/2019,09/30/2020
36C0001306,TRIHEALTH SURGERY CENTER -- ANDERSON,TBD,CINCINNATI,OH,00000,,(000) 000-0000,,,,,,,,,,,,,,,,,4,,,,,
37C0001032,MCGEE EYE SURGERY CENTER LLC,1000 N. LINCOLN BLVD. #150,OKLAHOMA CITY,OK,73104,,(405) 232-8696,96,3,1,98,92,7,1,95,89,10,1,95,90,8,2,96,,2920,1022,35,04/01/2019,09/30/2020
37C0001055,MEMORIAL SURGERY CENTER LLC,8131 SOUTH MEMORIAL DR SUITE 107,TULSA,OK,74133,,(918) 249-7911,97,3,0,98,90,8,2,94,87,11,2,94,85,14,1,94,,1058,397,38,04/01/2019,09/30/2020
38C0001030,SKYLINE AMBULATORY SURGERY CENTER,5125 SKYLINE RD. SOUTH,SALEM,OR,97306,,(971) 310-3085,98,2,0,99,94,5,1,97,89,10,1,95,86,13,1,95,,2973,1168,39,04/01/2019,09/30/2020
38C0001031,WILLAMETTE SURGERY CENTER LLC,1445 STATE ST,SALEM,OR,97301,,(503) 316-3765,,,,,,,,,,,,,,,,,4,,,,,
38C0001032,SKYLINE AMBULATORY SURGERY CENTER,5125 SKYLINE RD. SOUTH,SALEM,OR,97306,,(971) 310-3082,97,3,0,99,92,6,2,95,88,10,2,95,88,11,1,95,,2579,812,31,04/01/2019,09/30/2020
38C0001046,NORTHWEST GASTROENTEROLOGY CLINIC LLC,1130 NORTHWEST 22ND AVE  6TH FLOOR  SUITE 615,PORTLAND,OR,97210,,(503) 229-7137,98,2,0,99,89,10,1,94,88,10,2,95,89,10,1,96,,1020,350,34,04/01/2019,09/30/2020
38C0001054,CASCADE SPINE CENTER LLC,6464 SOUTHWEST BORLAND RD SUITE A1,TUALATIN,OR,97062,,(971) 404-3366,97,3,0,98,93,6,1,96,85,12,3,94,86,12,2,94,,1212,496,41,04/01/2019,09/30/2020
38C0001056,CENTER FOR SPECIALTY SURGERY LLC,11782 SW BARNES RD. #200,PORTLAND,OR,97225,,(503) 906-4306,98,2,0,99,92,6,2,95,89,8,3,95,90,8,2,95,,1555,456,29,04/01/2019,09/30/2020
38C0001067,NORTHWEST AMBULATORY SURGERY CENTER LLC,1515 NORTHWEST 18TH AVE SUITE 200,PORTLAND,OR,97209,,(503) 542-4873,97,3,0,98,90,8,2,94,88,11,1,95,85,13,2,94,,989,301,30,04/01/2019,09/30/2020
38C0001074,EAST PORTLAND SURGERY CENTER LLC,9200 SOUTHEAST 91ST AVE SUITE 100,PORTLAND,OR,97086,,(503) 772-6160,98,2,0,99,89,9,2,94,86,12,2,94,84,14,2,94,,1494,509,34,04/01/2019,09/30/2020
38C0001085,KAISER PERMANENTE SUNNYBROOK SURGERY CENTER,9900 SE SUNNYSIDE RD.,CLACKAMAS,OR,97015,,(503) 571-4047,97,3,0,98,93,6,1,96,84,14,2,94,84,14,2,94,,4866,1431,29,04/01/2019,09/30/2020
39C0001017,SOUTHWESTERN AMBULATORY SURGERY CENTER LLC,"500 LEWIS RUN RD, STE.202",WEST MIFFLIN,PA,15122,,(412) 469-6964,97,3,0,98,88,10,2,93,84,13,3,93,76,22,2,91,,1245,586,47,04/01/2019,09/30/2020
39C0001027,E. RONALD SALVITTI M.D DBA SOUTHWESTERN PA EYE SURGERY CENTER,750 EAST BEAU ST,WASHINGTON,PA,15301,,(724) 228-7477,96,4,0,98,89,9,2,93,88,9,3,95,84,14,2,94,,904,511,57,04/01/2019,09/30/2020
39C0001123,BERKSHIRE EYE SURGERY CENTER LP,2220 RIDGEWOOD RD.,WYOMISSING,PA,19610,,(610) 736-0144,,,,,,,,,,,,,,,,,4,,,,,
39C0001152,THE ENDOSCOPY CENTER LLC,815 SUMNEYTOWN PIKE,LANSDALE,PA,19446,,(215) 453-3050,98,2,0,99,91,7,2,94,91,8,1,96,90,9,1,96,,1045,408,39,04/01/2019,09/30/2020
39C0001168,HERSHEY OUTPATIENT SURGERY CENTER LP,15 HOPE DR,HERSHEY,PA,17033,,(717) 520-8200,96,4,0,98,94,5,1,96,89,9,2,95,85,13,2,94,,1205,380,32,04/01/2019,09/30/2020
39C0001176,THE READING HOSPITAL SURGICENTER AT SPRING RIDGE LLC,2603 KEISER BLVD.,WYOMISSING,PA,19610,,(484) 628-3079,99,1,0,99,94,5,1,97,94,6,0,97,91,8,1,96,,1746,426,24,04/01/2019,09/30/2020
39C0001198,MAIN LINE SPINE SURGERY CENTER INC,700 S. HENDERSON RD. #335,KING OF PRUSSIA,PA,19406,,(610) 337-2828,99,1,0,99,94,5,1,97,94,6,0,97,95,5,0,98,,1432,548,38,04/01/2019,09/30/2020
39C0001222,EVANGELICAL COMMUNITY HOSPITAL,90 MEDICAL PARK,LEWISBURG,PA,17837,,(570) 768-3300,98,2,0,99,94,5,1,97,90,9,1,96,89,10,1,96,,1097,428,39,04/01/2019,09/30/2020
39C0001226,GAMMA SURGERY CENTER LLC,107 GAMMA DR.,PITTSBURGH,PA,15238,,(412) 963-7917,98,2,0,99,91,8,1,95,88,10,2,95,88,10,2,95,,1304,661,51,04/01/2019,09/30/2020
39C0001239,HAZLETON SURGERY CENTER LLC,50 MOISEY DR. STE. 100,HAZLETON,PA,18202,,(570) 501-6500,98,2,0,99,91,8,1,95,91,7,2,96,86,13,1,95,,1797,602,34,04/01/2019,09/30/2020
39C0001297,PETERS TOWNSHIP SURGERY CENTER LLC,160 GALLERY DR,MCMURRAY,PA,15317,,(724) 942-2684,,,,,,,,,,,,,,,,,4,,,,,
39C0001308,MONROEVILLE AMBULATORY SURGERY CENTER LLC DBA ALLEGHENY HEALTH NETWORK MONROEVILLE SURGERY CENTER,4121 MONROEVILL BLVD,MONROEVILLE,PA,15146,,(412) 380-5624,98,2,0,99,93,6,1,96,93,6,1,96,89,9,2,95,,1226,454,37,04/01/2019,09/30/2020
39C0001314,WEXFORD SURGERY CENTER,12311 PERRY HWY,WEXFORD,PA,15090,,(878) 332-4340,99,1,0,99,93,5,2,96,94,5,1,97,93,6,1,97,,2343,817,35,04/01/2019,09/30/2020
39C0001319,ALLEGHENY HEALTH NETWORK SURGERY CENTER BETHEL PARK LLC,990 HIGBEE RD,BETHEL PARK,PA,15102,,(412) 854-7910,99,1,0,100,94,6,0,97,94,4,2,96,92,7,1,97,2,895,314,35,04/01/2019,09/30/2020
39C0001334,ALLEGHENY CLINIC DBA ALLEGHENY HEALTH NETWORK ENDOSCOPY CENTER WESTMORELAND,118 NATURE PARK RD SUITE 200,GREENBURG,PA,15601,,(724) 333-6702,99,1,0,100,96,4,0,98,96,3,1,98,95,4,1,98,,1503,653,43,04/01/2019,09/30/2020
39C0001343,GRAND VIEW SURGERY CENTER AT HARLEYSVILLE LLC,270 MAIN ST,HARLEYSVILLE,PA,19438,,(267) 429-2550,97,3,0,98,90,9,1,95,90,9,1,95,89,10,1,96,,1605,708,44,04/01/2019,09/30/2020
42C0001004,ANMED HEALTH MEDICUS SURGERY CENTER LLC,107 PROFESSIONAL CT,ANDERSON,SC,29621,,(864) 716-7953,98,2,0,99,94,5,1,96,91,8,1,96,90,8,2,95,,1386,594,43,04/01/2019,09/30/2020
42C0001017,CAROLINA SURGICAL CENTER,198 WOUTH HEDLONG AVE,ROCK HILL,SC,29732,,(803) 327-4664,98,2,0,99,94,4,2,96,92,7,1,96,88,11,1,96,,1054,359,34,04/01/2019,09/30/2020
42C0001019,THE GREENWOOD ENDOSCOPY CENTER INC,103 LINER DR.,GREENWOOD,SC,29646,,(864) 227-3838,99,1,0,99,94,5,1,96,95,4,1,97,93,6,1,97,,1285,426,33,04/01/2019,09/30/2020
42C0001038,STRAND GASTROINTESTINAL ENDOSCOPY CENTER,945 82ND PARKWAY,MYRTLE BEACH,SC,29572,,(843) 839-2584,,,,,,,,,,,,,,,,,4,,,,,
42C0001047,FLORENCE SURGERY AND LASER CENTER LLC,400 NORTH CASHUA DR,FLORENCE,SC,29501,,(470) 219-7562,,,,,,,,,,,,,,,,,4,,,,,
42C0001049,BLUFFTON OKATIE SURGERY CENTER LLC,"40 OKATIE CENTER BLVD S., STE. 125",OKATIE,SC,29909,,(843) 705-8870,98,2,0,99,92,6,2,95,88,10,2,95,88,11,1,95,,1118,574,51,04/01/2019,09/30/2020
42C0001078,THE SOUTHEASTERN SPINE INSTITUTE AMBULATORY SURGERY CENTER LLC,1106 CHUCK DAWLEY BLVD,MOUNT PLEASANT,SC,29464,,(469) 893-6573,97,3,0,99,91,7,2,94,90,9,1,96,89,10,1,96,,843,338,40,04/01/2019,09/30/2020
43C0001023,SANFORD HEALTH SANFORD CLINIC ABERDEEN SURGICAL CTR,2905 3RD AVE SE,ABERDEEN,SD,57401,,(605) 626-4200,,,,,,,,,,,,,,,,,4,,,,,
43C0001028,SANFORD HEALTH SANFORD CLINIC WATERTOWN SURGICAL CTR,901 4TH ST. NW,WATERTOWN,SD,57201,,(605) 882-8780,,,,,,,,,,,,,,,,,4,,,,,
44C0001000,PHYSICIAN'S SURGERY CENTER OF KNOXVILLE LLC,1819 CLINCH AVE SUITE 206,KNOXVILLE,TN,37916,,(865) 522-2949,97,3,0,98,93,6,1,96,88,11,1,95,87,11,2,95,,1237,356,29,04/01/2019,09/30/2020
44C0001001,EYE SURGERY CENTER OF NASHVILLE LLC,310 25TH AVE NORTH SUITE 105,NASHVILLE,TN,37203,,(615) 329-9023,98,2,0,99,94,5,1,96,91,8,1,96,91,8,1,96,,1287,568,44,04/01/2019,09/30/2020
44C0001004,MEMPHIS SURGERY CENTER LTD LP,1044 CRESTHAVEN RD.,MEMPHIS,TN,38119,,(901) 682-1516,97,2,1,98,92,6,2,95,88,10,2,95,88,11,1,96,,1596,360,23,04/01/2019,09/30/2020
44C0001008,NORTHRIDGE SURGERY CENTER,647 MYATT DR,MADISON,TN,37115,,(615) 868-8942,96,4,0,98,93,6,1,96,86,12,2,94,86,13,1,95,,1545,626,41,04/01/2019,09/30/2020
44C0001023,DIGESTIVE DISEASE ENDOSCOPY CENTER INC,"222 22ND AVE NORTH, SUITE 300",NASHVILLE,TN,37203,,(615) 340-4629,97,3,0,99,92,6,2,95,89,11,0,95,91,8,1,97,,6643,558,8,04/01/2019,09/30/2020
44C0001025,BAPTIST PLAZA SURGICARE LP,300 20TH AVE NORTH SUITE 800,NASHVILLE,TN,37203,,(615) 284-1335,97,3,0,98,94,5,1,97,89,9,2,96,88,10,2,95,,1234,342,28,04/01/2019,09/30/2020
44C0001073,BAPTIST SURGERY CENTER DBA BAPTIST AMBULATORY SURGERY CENTER,312 21ST AVE NORTH,NASHVILLE,TN,37203,,(615) 321-7330,97,3,0,99,93,6,1,96,90,9,1,96,89,10,1,96,,1491,439,29,04/01/2019,09/30/2020
44C0001087,CLARKSVILLE SURGERY CENTER LLC,793 WEATHERLY DR,CLARKSVILLE,TN,37043,,(931) 645-1373,98,2,0,99,93,6,1,96,91,8,1,96,91,8,1,96,,933,280,30,04/01/2019,09/30/2020
44C0001088,MIDDLE TENNESSEE AMBULATORY SURGERY CENTER LP,1800 MEDICAL CENTER PARKWAY SUITE 120,MURFREESBORO,TN,37129,,(615) 849-7500,98,2,0,99,92,7,1,96,90,8,2,95,89,10,1,96,,1223,348,28,04/01/2019,09/30/2020
44C0001097,MOUNTAIN EMPIRE SURGERY CENTER LP,601 MED TECH PARKWAY,JOHNSON CITY,TN,37604,,(423) 610-1020,98,2,0,99,92,7,1,95,93,6,1,97,90,10,0,96,,1058,360,34,04/01/2019,09/30/2020
44C0001098,ADVANCED FAMILY SURGERY CENTER,944 OAK RIDGE TURNPIKE #200,OAK RIDGE,TN,37830,,(865) 835-5000,,,,,,,,,,,,,,,,,4,,,,,
44C0001104,SAINT THOMAS OUTPATIENT NEUROSURGICAL CENTER,"4230 HARDING RD., SUITE 901",NASHVILLE,TN,37205,,(615) 341-7472,,,,,,,,,,,,,,,,,4,,,,,
44C0001112,PARKWEST SURGERY CENTER,9430 PARKWEST BLVD SUITE 210,KNOXVILLE,TN,37923,,(865) 531-0494,98,2,0,99,89,9,2,94,90,8,2,95,87,11,2,95,,1053,352,33,04/01/2019,09/30/2020
44C0001119,SAINT THOMAS CAMPUS SURGICARE LP,4230 HARDING RD SUITE 300,NASHVILLE,TN,37205,,(615) 783-1260,98,2,0,99,93,6,1,96,89,10,1,95,89,10,1,96,,1228,463,38,04/01/2019,09/30/2020
44C0001124,AMBULATORY SURGICAL ASSOCIATES LLC,"725 KINGS LN,",TULLAHOMA,TN,37388,,(931) 455-1976,98,2,0,99,93,6,1,96,92,7,1,96,93,5,2,97,,1268,505,40,04/01/2019,09/30/2020
44C0001133,BAPTIST PLAZA SURGICARE LP,2004 HAYES ST,NASHVILLE,TN,37203,,(615) 515-4000,97,3,0,98,92,7,1,95,90,9,1,96,90,9,1,96,,1030,305,30,04/01/2019,09/30/2020
44C0001137,UPPER CUMBERLAND PHYSICIANS SURGERY CENTER LLC,467 N. WHITNEY AV.,COOKEVILLE,TN,38501,,(931) 528-5007,98,2,0,99,94,5,1,97,91,9,0,96,91,9,0,97,,1188,448,38,04/01/2019,09/30/2020
44C0001140,SAINT FRANCIS SURGERY CENTER LLC,5999 PARK AVE,MEMPHIS,TN,38119,,(901) 818-1080,98,2,0,99,91,7,2,95,93,7,0,96,88,11,1,96,,1025,340,33,04/01/2019,09/30/2020
44C0001159,HOLSTON VALLEY AMBULATORY SURGERY CENTER LLC,103 WEST STONE DR,KINGSPORT,TN,37660,,(423) 224-4910,97,3,0,98,91,7,2,95,90,9,1,96,90,8,2,96,2,986,276,28,04/01/2019,09/30/2020
44C0001160,PATIENT PARTNERS LLC,890 NORTH BLUE JAY WAY,GALLATIN,TN,37066,,(615) 575-9000,98,2,0,99,92,6,2,95,89,9,2,96,88,10,2,95,,1163,374,32,04/01/2019,09/30/2020
44C0001161,FRANKLIN ENDOSCOPY CENTER LLC,9160 CAROTHERS PARKWAY SUITE 100,FRANKLIN,TN,37067,,(615) 550-6066,97,3,0,98,92,7,1,96,88,10,2,95,86,13,1,95,,1138,366,32,04/01/2019,09/30/2020
44C0001166,LEBANON ENDOSCOPY CENTER LLC DBA LEBANON ENDOSCOPY CENTER,100 PHYSICIANS WAY SUITE 340,LEBANON,TN,37090,,(615) 466-9532,99,1,0,99,95,4,1,97,95,5,0,97,95,4,1,98,,1334,464,35,04/01/2019,09/30/2020
44C0001169,TENN SM LLC DBA PROVIDENCE SURGERY CENTER,5002 CROSSING CIR SUITE 110,MT. JULIET,TN,37122,,(615) 553-9100,98,2,0,99,93,5,2,96,92,7,1,96,90,9,1,96,,1309,383,29,04/01/2019,09/30/2020
44C0001181,PCET SURGERY CENTER LLC,1128 E. WEISGARBER RD. STE. 110,KNOXVILLE,TN,37909,,(865) 934-2577,96,3,1,98,90,6,4,93,87,10,3,94,88,9,3,95,,1402,276,20,04/01/2019,09/30/2020
45C0001018,CONROE SURGERY CENTER 2 LLC,"1501 RIVER POINTE DR, #200",CONROE,TX,77304,,(469) 893-6573,98,1,1,99,92,7,1,96,89,9,2,95,89,9,2,95,,1123,379,34,04/01/2019,09/30/2020
45C0001021,MEMORIAL HERMANN WEST HOUSTON SURGERY CENTER LLC,970 CAMPBELL RD,HOUSTON,TX,77024,,(713) 461-3547,96,3,1,98,88,10,2,93,84,12,4,93,83,13,4,93,,1654,372,22,04/01/2019,09/30/2020
45C0001035,HOUSTON PSC LP DBA PHYSICIANS SURGICENTER OF HOUSTON,7515 MAIN ST SUITE 800,HOUSTON,TX,77030,,(713) 799-9990,,,,,,,,,,,,,,,,,4,,,,,
45C0001039,BAYLOR SURGICARE,3920 WORTH ST.,DALLAS,TX,75246,,(214) 820-2581,97,3,0,98,91,7,2,95,88,10,2,94,86,12,2,94,,1209,304,25,04/01/2019,09/30/2020
45C0001046,PHYSICIANS DAY SURGERY CTR,3930 CRUTCHER ST,DALLAS,TX,75246,,(214) 820-6240,97,3,0,99,93,5,2,95,89,9,2,95,87,11,2,95,,1340,356,27,04/01/2019,09/30/2020
45C0001077,MEMORIAL HERMANN SURGERY CENTER PRESTON RD LTD DBA DOCTORS UNITED SURGERY CENTER,5146 PRESTON AVE,PASADENA,TX,77504,,(346) 203-5600,,,,,,,,,,,,,,,,,4,,,,,
45C0001091,GARLAND SURGICARE PARTNERS LTD DBA BAYLOR SURGICARE AT GARLAND,530 CLARA BARTON BLVD SUITE 100,GARLAND,TX,75042,,(972) 494-2400,97,3,0,98,91,7,2,94,86,11,3,94,81,15,4,92,,988,310,31,04/01/2019,09/30/2020
45C0001133,BAYLOR SURGICARE AT NORTH DALLAS LLC DBA BAYLOR SCOTT AND WHITE SURGICARE NORTH DALLAS,12230 COIT RD SUITE 200,DALLAS,TX,75251,,(469) 374-6400,99,1,0,99,93,6,1,96,91,6,3,95,86,11,3,94,,1188,270,23,04/01/2019,09/30/2020
45C0001149,MEMORIAL HERMANN SURGERY CENTER WOODLANDS PARKWAY,1441 WOODSTEAD CT SUITE 100,THE WOODLANDS,TX,77380,,(281) 825-4725,98,2,0,99,93,6,1,96,92,7,1,96,88,11,1,96,,1427,345,24,04/01/2019,09/30/2020
45C0001191,BAYLOR SURGICARE AT BEDFORD,"1600 CENTRAL DR., SUITE 180",BEDFORD,TX,76022,,(817) 571-1999,,,,,,,,,,,,,,,,,4,,,,,
45C0001194,MEMORIAL HERMANN BAY AREA ENDOSCOPY CENTER LLC DBA BAY AREA ENDOSCOPY,444 FM 1959 RD SUITE B,HOUSTON,TX,77034,,(281) 892-2420,96,3,1,98,88,8,4,92,85,12,3,94,84,13,3,93,,1134,283,25,04/01/2019,09/30/2020
45C0001196,BAYLOR SURGICARE AT OAKMONT,7200 OAKMONT BLVD.,FORT WORTH,TX,76132,,(817) 732-3300,97,3,0,99,93,5,2,96,90,9,1,95,91,8,1,96,,1348,356,26,04/01/2019,09/30/2020
45C0001205,DESOTO SURGICARE PARTNERS LTD,7992 WEST VIRGINIA DR.,DALLAS,TX,75237,,(972) 283-2400,97,3,0,98,91,7,2,95,86,12,2,94,84,15,1,94,,1110,359,32,04/01/2019,09/30/2020
45C0001214,BAYLOR SURGICARE AT PLANO PARKWAY LLC DBA BAYLOR SCOTT AND WHITE SURGICARE PLANO PARKWAY,4031 WEST PLANO PARKWAY SUITE 100,PLANO,TX,75093,,(469) 326-0202,95,4,1,97,90,8,2,94,81,14,5,91,75,21,4,90,,1323,294,22,04/01/2019,09/30/2020
45C0001221,VICTORIA SURGERY CENTER,105 JAMES COLEMAN DR.,VICTORIA,TX,77904,,(361) 578-0234,97,3,0,98,88,7,5,91,87,10,3,94,87,12,1,95,,946,214,24,04/01/2019,09/30/2020
45C0001233,HILL COUNTRY MEMORIAL SURGERY CENTER,204 GATEWAY NORTH SUITE B,MARBLE FALLS,TX,78654,,(830) 798-1821,98,2,0,99,94,5,1,96,90,9,1,95,87,12,1,95,,970,414,43,04/01/2019,09/30/2020
45C0001240,BEAUMONT SURGICAL AFFILIATES LTD DBA BAPTIST BEAUMONT SURGICAL AFFILIATES,3560 COLLEGE ST,BEAUMONT,TX,77701,,(409) 835-7070,,,,,,,,,,,,,,,,,4,,,,,
45C0001243,NORTHWEST SURGERY CENTER LTD,17322 RED OAK DR,HOUSTON,TX,77090,,(469) 893-6573,97,3,0,99,93,5,2,96,89,9,2,94,82,17,1,93,,1124,299,27,04/01/2019,09/30/2020
45C0001245,CORPUS CHRISTI SURGICARE LTD DBA CORPUS CHRISTI OUTPATIENT SURGERY CENTER,3636 SOUTH ALAMEDA ST SUITE A,CORPUS CHRISTI,TX,78411,,(361) 853-2200,98,2,0,99,95,4,1,97,93,5,2,96,91,8,1,96,,1087,265,24,04/01/2019,09/30/2020
45C0001247,PASO DEL NORTE SURGERY CENTER,125 W. CASTELLANO,EL PASO,TX,79912,,(915) 532-8200,97,3,0,99,93,6,1,96,94,5,1,96,92,7,1,97,,1428,317,22,04/01/2019,09/30/2020
45C0001250,SHORELINE SURGERY CENTER LLP DBA CHRISTUS SPOHN-SURGICARE OF CORPUS CHRISTI,718 ELIZABETH ST,CORPUS CHRISTI,TX,78404,,(361) 882-3204,97,3,0,99,92,6,2,95,87,12,1,95,87,11,2,95,,1168,415,36,04/01/2019,09/30/2020
45C0001257,BAYLOR SURGICARE PARTNERS LTD,350 S. I35 EAST,DENTON,TX,76205,,(940) 323-1393,98,2,0,99,96,4,0,98,91,8,1,96,92,8,0,97,,1254,456,36,04/01/2019,09/30/2020
45C0001264,TEXAN AMBULATORY SURGERY CENTER LP,7000 NORTH MOPAC EXPRESSWAY SUITE 120,AUSTIN,TX,78731,,(512) 342-0900,96,3,1,97,90,8,2,94,84,13,3,93,81,15,4,92,,1174,382,33,04/01/2019,09/30/2020
45C0001267,NMC SURGERY CENTER LP DBA THE SURGERY CENTER OF NACOGDOCHES,4948 N E STALLINGS DR,NACOGDOCHES,TX,75965,,(936) 568-3595,99,1,0,99,91,8,1,95,93,6,1,97,91,8,1,96,,1214,388,32,04/01/2019,09/30/2020
45C0001274,VICTORIA AMBULATORY SURGERY CENTER DBA THE SURGERY CENTER,6370 NORTH NAVARRO ST,VICTORIA,TX,77904,,(361) 570-8311,98,2,0,99,92,7,1,95,94,5,1,97,92,7,1,97,,1182,422,36,04/01/2019,09/30/2020
45C0001277,TEXAS ENDOSCOPY CENTERS LLC,6405 WEST PARKER RD SUITE 370,PLANO,TX,75093,,(214) 778-2570,99,1,0,100,93,5,2,95,93,7,0,96,92,7,1,97,,1136,317,28,04/01/2019,09/30/2020
45C0001298,NORTH HOUSTON ENDOSCOPY AND SURGERY,275 LANTERN BEND SUITE 400,HOUSTON,TX,77090,,(281) 440-5797,97,3,0,98,91,7,2,95,85,12,3,94,82,15,3,92,,1012,292,29,04/01/2019,09/30/2020
45C0001301,GRAPEVINE SURGICARE PARTNERS LTD DBA BAYLOR SCOTT AND WHITE SURGICARE GRAPEVINE,2040 WEST STATE HWY 114,GRAPEVINE,TX,76051,,(817) 410-4300,99,1,0,99,92,7,1,95,90,9,1,96,88,11,1,96,,1641,395,24,04/01/2019,09/30/2020
45C0001307,TEXAS ORTHOPEDICS SURGERY CENTER LLC,"4700 SETON CENTER PKWY, STE. 100",AUSTIN,TX,78759,,(512) 439-1006,97,2,1,98,91,8,1,95,91,8,1,96,86,13,1,95,,1659,426,26,04/01/2019,09/30/2020
45C0001315,PARK CITIES SURGERY CENTER LLC DBA PARK CITIES SURGERY CENTER,6901 SNIDER PLAZA SUITE 300,UNIVERSITY PARK,TX,75205,,(214) 706-6901,99,1,0,99,92,6,2,95,94,5,1,96,88,10,2,95,,1203,273,23,04/01/2019,09/30/2020
45C0001318,BAYLOR SURGICARE AT CARROLLTON,4780  NORTH JOSEY LANE,CARROLLTON,TX,75010,,(972) 395-2210,98,2,0,99,93,6,1,96,91,7,2,96,85,13,2,94,,1421,317,22,04/01/2019,09/30/2020
45C0001338,SAN ANTONIO ENDOSCOPY LP,"8550 DATAPOINT, SUITE 100",SAN ANTONIO,TX,78229,,(210) 615-7232,99,1,0,99,92,6,2,95,93,6,1,97,91,8,1,97,,1432,418,29,04/01/2019,09/30/2020
45C0001344,MIDLAND TEXAS SURGICAL CENTER LLC,5609 DEAUVILLE BLVD,MIDLAND,TX,79706,,(432) 699-4224,98,2,0,99,94,5,1,97,91,7,2,96,90,9,1,96,,1143,310,27,04/01/2019,09/30/2020
45C0001351,THEDA OAKS GASTROENTEROLOGY AND ENDOSCOPY CENTER LLC,19226 STONE HUE SUITE 103,SAN ANTONIO,TX,78258,,(210) 268-0100,95,4,1,97,88,9,3,92,86,10,4,93,81,15,4,92,,1062,243,23,04/01/2019,09/30/2020
45C0001355,BAYLOR SURGICARE AT PLANO LLC,1701 OHIO DR.,PLANO,TX,75093,,(214) 291-3000,99,1,0,99,89,7,4,92,93,6,1,96,90,9,1,96,,1268,298,24,04/01/2019,09/30/2020
45C0001357,PHYSICIANS SURGICAL CENTER OF FT. WORTH LLP DBA BAYLOR SURGICARE AT FORT WORTH,750 12TH AVE,FORT WORTH,TX,76104,,(817) 334-5100,97,3,0,98,92,7,1,95,91,8,1,96,87,12,1,95,,1118,303,27,04/01/2019,09/30/2020
45C0001363,MEMORIAL HERMANN ENDOSCOPY CENTER NORTH FREEWAY DBA MEMORIAL HERMANN ENDOSCOPY CENTER NORTH LOOP,1900 NORTH LOOP FREEWAY WEST,HOUSTON,TX,77018,,(713) 457-2750,95,4,1,97,90,7,3,94,88,10,2,95,82,13,5,91,,1504,206,14,04/01/2019,09/30/2020
45C0001364,ROCKWALL AMBULATORY SURGERY CENTER LLP,825 WEST YELLOWJACKET LN,ROCKWALL,TX,75087,,(972) 772-6166,97,3,0,98,91,7,2,94,90,8,2,96,90,9,1,96,,1454,389,27,04/01/2019,09/30/2020
45C0001369,MEMORIAL HERMANN SURGERY CENTER NORTHWEST LLP DBA MEMORIAL HERMANN SURGERY CENTER NORTHWEST,1631 NORTH LOOP WEST SUITE 300,HOUSTON,TX,77008,,(713) 396-1300,97,2,1,98,93,6,1,96,89,9,2,95,85,12,3,93,,1106,244,22,04/01/2019,09/30/2020
45C0001370,TEXAS INTERNATIONAL ENDOSCOPY CENTER LP,6620 MAIN ST STE 1500,HOUSTON,TX,77030,,(713) 520-8432,96,3,1,98,91,8,1,95,91,7,2,95,87,10,3,95,,1084,256,24,04/01/2019,09/30/2020
45C0001373,ROCKWALL HEATH AMBULATORY SURGERY CENTER LLP DBA BAYLOR SURGICARE AT HEATH,6435 SOUTH FM 549 SUITE 101,HEATH,TX,75032,,(972) 722-9003,,,,,,,,,,,,,,,,,4,,,,,
45C0001374,EL PASO DAY SURGERY LP DBA EL PASO DAY SURGERY LLC,1300 MURCHISON SUITE 200,EL PASO,TX,79902,,(915) 594-9333,96,3,1,98,86,12,2,92,85,12,3,94,84,14,2,94,,722,183,25,04/01/2019,09/30/2020
45C0001384,TUSCAN SURGERY CENTER AT LAS COLINAS,701 TUSCAN DR SUITE 100,IRVING,TX,75039,,(214) 442-1900,98,2,0,99,93,6,1,96,93,5,2,96,91,7,2,96,,1276,321,25,04/01/2019,09/30/2020
45C0001391,NORTH TEXAS ENDOSCOPY PARTNERS,"2023 W. MCDERMOTT DR., # 240",ALLEN,TX,75013,,(972) 781-1482,98,2,0,99,93,5,2,96,94,5,1,97,92,7,1,97,,1577,440,28,04/01/2019,09/30/2020
45C0001393,NORTH GARLAND SURGERY CENTER LLP DBA BAYLOR SCOTT AND WHITE SURGICARE NORTH GARLAND,7150 NORTH GEORGE BUSH HWY SUITE 101,GARLAND,TX,75044,,(214) 703-1800,97,3,0,99,91,8,1,95,91,7,2,96,90,7,3,95,,1329,309,23,04/01/2019,09/30/2020
45C0001396,CENTENNIAL ASC LLC,4401 COIT RD #100,FRISCO,TX,75035,,(469) 893-6573,97,3,0,98,91,7,2,94,87,12,1,95,86,12,2,94,,1631,350,21,04/01/2019,09/30/2020
45C0001406,MEMORIAL HERMANN SURGERY CENTER THE WOODLANDS LLP DBA MEMORIAL HERMANN SURGERY CENTER THE WOODLANDS,9200 PINECROFT DR SUITE 200,THE WOODLANDS,TX,77380,,(281) 297-9500,98,2,0,99,93,6,1,96,92,8,0,96,87,12,1,95,,1199,255,21,04/01/2019,09/30/2020
45C0001412,CEDAR PARK SURGERY CENTER LLP DBA HILL COUNTRY SURGERY CENTER,801 EAST WHITESTONE BLVD SUITE 100,CEDAR PARK,TX,78613,,(512) 528-2000,97,3,0,99,91,8,1,95,93,5,2,96,87,12,1,95,,1397,330,24,04/01/2019,09/30/2020
45C0001421,MEMORIAL HERMANN SURGERY CENTER RICHMOND LLC,1517 THOMPSON RD SUITE 100,RICHMOND,TX,77469,,(281) 344-5444,98,2,0,99,92,6,2,95,86,12,2,94,84,14,2,93,,901,177,20,04/01/2019,09/30/2020
45C0001422,LONE STAR ENDOSCOPY CENTER LLC,180 BEAR CREEK PARKWAY,KELLER,TX,76248,,(817) 337-3671,97,3,0,99,93,6,1,96,95,4,1,97,94,5,1,97,,1044,266,25,04/01/2019,09/30/2020
45C0001442,MEMORIAL HERMANN SURGERY CENTER KINGSLAND,21720 KINGSLAND BLVD SUITE 101,KATY,TX,77450,,(281) 579-5655,97,3,0,98,90,8,2,94,90,9,1,95,88,10,2,95,,1315,293,22,04/01/2019,09/30/2020
45C0001443,MEMORIAL HERMANN SURGERY CENTER SOUTHWEST,7789 SOUTHWEST FREEWAY SUITE 200,HOUSTON,TX,77074,,(713) 343-3100,94,5,1,97,88,10,2,93,80,15,5,92,78,17,5,90,,1613,291,18,04/01/2019,09/30/2020
45C0001446,MEMORIAL HERMANN SURGERY CENTER TEXAS MEDICAL CENTER,6400 FANNIN ST SUITE 1500,HOUSTON,TX,77030,,(713) 790-7710,96,4,0,98,92,6,2,95,87,12,1,95,86,13,1,95,,1125,199,18,04/01/2019,09/30/2020
45C0001447,MEMORIAL HERMANN SURGERY CENTER KATY,23920 KATY FREEWAY,KATY,TX,77494,,(281) 644-3200,96,3,1,98,91,7,2,95,88,9,3,95,85,13,2,94,,1975,387,20,04/01/2019,09/30/2020
45C0001449,MEMORIAL HERMANN SURGERY CENTER SUGAR LAND LLP,17510 WEST GRAND PARKWAY SOUTH SUITE 200,SUGAR LAND,TX,77479,,(281) 238-1600,96,3,1,98,91,7,2,94,86,11,3,94,84,14,2,94,,1388,299,22,04/01/2019,09/30/2020
45C0001458,NORTHWEST SURGERY CENTER LLP,11111 RESEARCH BLVD SUITE 350,AUSTIN,TX,78759,,(512) 349-4010,98,2,0,99,92,6,2,95,88,11,1,95,84,14,2,94,,1007,232,23,04/01/2019,09/30/2020
45C0001465,EL PASO CENTER FOR GASTROINTESTINAL ENDOSCOPY LLC,1620 N. MESA ST,EL PASO,TX,79902,,(915) 545-5300,95,4,1,97,91,7,2,94,87,9,4,94,85,12,3,93,,1574,389,25,04/01/2019,09/30/2020
45C0001471,BAYLOR SURGICARE AT GRANBURY LLC,1717 PALUXY RD.,GRANBURY,TX,76048,,(817) 579-8863,99,1,0,99,94,5,1,97,93,6,1,97,94,5,1,97,,1204,514,43,04/01/2019,09/30/2020
45C0001481,HYDE PARK SURGERY CENTER LLC,"4611 GUADALUPE ST., # 100",AUSTIN,TX,78751,,(512) 420-2303,96,3,1,97,89,10,1,94,82,15,3,93,76,21,3,91,,1176,273,23,04/01/2019,09/30/2020
45C0001486,BAYLOR SURGICARE AT MANSFIELD LLC DBA BAYLOR SCOTT AND WHITE SURGICARE MANSFIELD,280 REGENCY PARKWAY,MANSFIELD,TX,76063,,(817) 453-2744,98,2,0,99,93,6,1,96,92,6,2,96,91,8,1,97,,1429,285,20,04/01/2019,09/30/2020
45C0001509,MEDICAL PARK TOWER SURGERY CENTER,1301 WEST 38TH ST SUITE 109,AUSTIN,TX,78705,,(512) 354-3011,97,2,1,98,92,6,2,95,86,12,2,94,84,14,2,94,,1528,431,28,04/01/2019,09/30/2020
45C0001513,MEMORIAL HERMANN MEMORIAL VILLAGE SURGERY CENTER,1120 BUSINESS CENTER DR SUITE 110,HOUSTON,TX,77043,,(713) 337-1111,97,3,0,98,94,5,1,97,89,9,2,95,85,13,2,94,,1320,322,24,04/01/2019,09/30/2020
45C0001522,WILLIAMSON SURGERY CENTER,"301 SETON PKWY, STE 200",ROUND ROCK,TX,78665,,(512) 861-4214,97,3,0,99,92,6,2,95,89,10,1,95,88,11,1,96,,1378,428,31,04/01/2019,09/30/2020
45C0001536,KIRBY GLEN SURGERY CENTER,2459 S. BRAESWOOD BLVD.,HOUSTON,TX,77030,,(713) 529-8600,97,3,0,98,90,9,1,94,83,16,1,93,81,17,2,93,,1236,345,28,04/01/2019,09/30/2020
45C0001570,LONE STAR ENDOSCOPY CENTER LLC,1001 SURREY LANE,FLOWER MOUND,TX,75022,,(214) 513-6300,97,3,0,99,90,7,3,94,94,5,1,97,93,6,1,97,,1158,346,30,04/01/2019,09/30/2020
45C0001597,NORTH PINES SURGERY CENTER LLC,4019 I 45 N SUITE 150,CONROE,TX,77304,,(936) 641-8181,98,2,0,99,93,6,1,96,94,5,1,97,91,8,1,96,,782,210,27,04/01/2019,09/30/2020
45C0001607,MEMORIAL HERMANN SURGERY CENTER PINECROFT,9305 PINECROFT DR,THE WOODLANDS,TX,77380,,(832) 823-5156,98,2,0,99,93,5,2,96,91,8,1,96,89,9,2,95,,1277,302,24,04/01/2019,09/30/2020
45C0001622,METHODIST ALLEN SURGERY CENTER,1125 RAINTREE CIRLCE SUITE 200,ALLEN,TX,75013,,(972) 569-4500,98,2,0,99,88,11,1,94,96,4,0,97,95,5,0,98,3,334,77,23,04/01/2019,09/30/2020
45C0001638,METHODIST CRAIG RANCH SURGERY CENTER,6045 ALMA RD SUITE 100,MCKINNEY,TX,75070,,(469) 907-1651,97,3,0,99,90,8,2,94,89,9,2,95,85,13,2,94,,1660,314,19,04/01/2019,09/30/2020
45C0001646,LONE STAR ENDOSCOPY CENTER SOUTHLAKE,515 SOUTH NOLEN DR,SOUTHLAKE,TX,76092,,(817) 912-1999,,,,,,,,,,,,,,,,,4,,,,,
45C0001656,BAYLOR SURGICARE AT BAYLOR PLANO LLC DBA BAYLOR SCOTT AND WHITE SURGICARE AT PLANO ALLIANCE,4825 ALLIANCE BLVD SUTE 300,PLANO,TX,75093,,(469) 367-0700,98,2,0,99,91,8,1,95,94,5,1,97,88,10,2,95,,1310,290,22,04/01/2019,09/30/2020
45C0001657,BAYLOR SURGICARE AT BLUE STAR LLC,3800 GAYLORD PARKWAY SUITE 410,FRISCO,TX,75034,,(972) 668-5911,,,,,,,,,,,,,,,,,4,,,,,
46C0001003,INTERMOUNTAIN AVENUES SURGICAL CENTER,359 8TH AVE,SALT LAKE CITY,UT,84143,,(801) 408-3994,98,2,0,99,90,7,3,94,89,9,2,95,83,15,2,93,,1008,286,28,04/01/2019,09/30/2020
46C0001004,MCKAY DEE SURGICAL CENTER LLC,"3903 HARRISON BLVD., STE. 100",OGDEN,UT,84403,,(801) 387-3600,98,2,0,99,91,8,1,95,92,7,1,96,88,11,1,95,,2009,578,29,04/01/2019,09/30/2020
49C0001009,CENTRAL VIRGINIA SURGI-CENTER LP DBA SURGI-CENTER OF CENTRAL VIRGINIA,1500 DIXON ST SUITE 101,FREDERICKSBURG,VA,22401,,(540) 371-5349,98,2,0,99,92,7,1,95,91,7,2,96,91,9,0,97,,1042,411,39,04/01/2019,09/30/2020
49C0001012,VIRGINIA BEACH AMBULATORY SURGERY CENTER,1700 WILL O WISP DR,VIRGINIA BEACH,VA,23454,,(757) 496-6400,99,1,0,99,93,6,1,96,94,6,0,96,90,9,1,96,,1035,297,29,04/01/2019,09/30/2020
49C0001025,STONY POINT SURGERY CENTER L.L.C,"8700 STONY POINT PARKWAY, SUITE 100",RICHMOND,VA,23235,,(804) 775-4500,96,3,1,98,90,8,2,94,88,9,3,95,91,9,0,97,,1786,366,21,04/01/2019,09/30/2020
49C0001034,MARY IMMACULATE AMBULATORY SURGERY CENTER LLC,12720 MCMANUS BLVD SUITE 103,NEWPORT NEWS,VA,23602,,(757) 369-7000,98,2,0,99,93,5,2,96,86,13,1,94,85,14,1,94,,1160,352,30,04/01/2019,09/30/2020
49C0001044,ST MARY'S AMBULATORY SURGERY CENTER LLC,1501 MAPLE AVE SUITE 300,RICHMOND,VA,23226,,(804) 287-7289,98,2,0,99,93,6,1,96,90,8,2,96,88,10,2,95,,912,260,29,04/01/2019,09/30/2020
49C0001047,BON SECOURS SURGERY CENTER AT VIRGINIA BEACH LLC,828 HEALTHY WAY SUITE 115,VIRGINIA BEACH,VA,23462,,(757) 495-8070,98,2,0,99,94,5,1,96,92,7,1,96,89,9,2,95,,1336,454,34,04/01/2019,09/30/2020
49C0001049,BON SECOURS SURGERY CENTER AT HARBOUR VIEW LLC DBA BON SECOURS SURGERY CENTER AT HARBOUR VIEW,5818 HARBOUR VIEW BLVD SUITE 102D,SUFFOLK,VA,23435,,(757) 215-0499,98,2,0,99,93,6,1,96,92,7,1,96,91,8,1,96,,1093,334,31,04/01/2019,09/30/2020
49C0001062,HAYMARKET SURGERY CENTER LLC,"15195 HEATHCOTE BLVD, SUITE 210",HAYMARKET,VA,20169,,(336) 277-0948,,,,,,,,,,,,,,,,,4,,,,,
50C0001048,TACOMA AMBULATORY SURGERY CENTER,209 MARTIN LUTHER KING JR WAY,TACOMA,WA,98405,,(206) 596-3590,98,2,0,99,92,7,1,96,82,16,2,93,81,17,2,93,,2234,736,33,04/01/2019,09/30/2020
50C0001093,EASTSIDE ENDOSCOPY CENTER PLLC,1135 116TH AVE NE STE. 570,BELLEVUE,WA,98004,,(425) 451-7335,,,,,,,,,,,,,,,,,4,,,,,
50C0001095,PUGET SOUND GASTROETNEROLOGY AT KIRKLANDEVERGREEN ENDO CTR,11800 NE 128TH ST SUITE 100,KIRKLAND,WA,98034,,(425) 899-4500,99,1,0,99,96,4,0,98,91,8,1,96,91,7,2,96,,1280,385,30,04/01/2019,09/30/2020
50C0001130,PUGET SOUND GASTROENTEROLOGY PS,11027 MERIDIAN AVE. N. STE. 100,SEATTLE,WA,98133,,(206) 365-4492,,,,,,,,,,,,,,,,,4,,,,,
50C0001146,THE EVERETT CLINIC PLLC,3927 RUCKER AVE,EVERETT,WA,98201,,(425) 285-3906,97,3,0,99,92,6,2,95,88,10,2,95,87,11,2,95,,2030,566,28,04/01/2019,09/30/2020
50C0001152,THE VANCOUVER CLINIC INC,700 NE 87TH AVE.,VANCOUVER,WA,98664,,(360) 397-3462,98,2,0,99,91,7,2,94,86,13,1,94,84,15,1,94,,5351,1552,29,04/01/2019,09/30/2020
50C0001157,EDMONDS ENDOSCOPY CENTER,"21600 HWY 99, STE. 260",EDMONDS,WA,98026,,(425) 774-2650,97,3,0,99,92,6,2,95,86,12,2,94,86,13,1,94,,1052,356,34,04/01/2019,09/30/2020
50C0001190,GASTROENTEROLOGY ASSOCIATES LLC,500 LILLY RD NORTHEAST SUITE 204,OLYMPIA,WA,98506,,(360) 413-8250,97,2,1,98,93,6,1,96,83,13,4,93,85,14,1,94,,1430,503,35,04/01/2019,09/30/2020
50C0001226,PUGET SOUND GASTROENTEROLOGY PS,501 N. 34TH ST. STE. 101,SEATTLE,WA,98103,,(206) 838-1777,98,2,0,99,94,5,1,97,91,8,1,95,90,8,2,96,,1673,554,33,04/01/2019,09/30/2020
50C0001233,NORTHWEST ORTHOPAEDIC SPECIALISTS PS,601 WEST 5TH AVE SUITE 500,SPOKANE,WA,99204,,(509) 344-8672,97,3,0,99,93,6,1,96,92,7,1,96,93,6,1,97,,2318,386,17,04/01/2019,09/30/2020
50C0001280,BELLEVUE AMBULATORY SURGERY CENTER,11511 NE 10TH ST,BELLEVUE,WA,98004,,(509) 241-7026,98,2,0,99,92,7,1,95,88,11,1,95,84,15,1,94,,2493,790,32,04/01/2019,09/30/2020
50C0001300,EASTSIDE ENDOSCOPY CENTER PLLC,"1301 4TH AVE NW, STE. 301",ISSAQUAH,WA,98027,,(425) 270-6363,,,,,,,,,,,,,,,,,4,,,,,
50C0001311,PROVIDENCE HEALTH AND SERVICES WASHINGTON,16528 E DESMET CT A2100,SPOKANE VALLEY,WA,99216,,(509) 944-8960,98,2,0,99,92,7,1,95,92,7,1,96,92,7,1,97,,2263,582,26,04/01/2019,09/30/2020
52C0001005,SSM HEALTH DAVIS DUEHR DEAN SURGERY CENTER,1025 REGENT ST,MADISON,WI,53715,,(608) 259-3570,97,2,1,98,91,8,1,95,84,14,2,94,87,11,2,94,,722,366,51,04/01/2019,09/30/2020
52C0001006,AURORA ADVANCED HEALTHCARE: NORTH SHORE SURGICAL CENTER,7007 N. RANGE LINE RD.,MILWAUKEE,WI,53209,,(262) 532-7092,99,1,0,100,93,6,1,96,87,11,2,94,84,14,2,94,2,1318,381,29,04/01/2019,09/30/2020
52C0001011,SSM HEALTH SURGERYDIGESTIVE HEALTH CTR ON PARK ST,700 SOUTH PARK ST,MADISON,WI,53715,,(608) 259-3510,99,1,0,99,94,5,1,96,90,9,1,95,86,13,1,95,,1011,338,33,04/01/2019,09/30/2020
52C0001057,EAST MEQUON SURGERY CENTER LLC,12203 WEST CORPORATE PARKWAY,MEQUON,WI,53092,,(414) 649-3911,98,2,0,99,94,5,1,96,90,9,1,96,88,11,1,96,,1753,563,32,04/01/2019,09/30/2020
52C0001066,ASPIRUS STEVENS POINT SURGERY CENTER LLC,5409 VERN HOLMES DR.,STEVENS POINT,WI,54481,,(715) 342-1015,,,,,,,,,,,,,,,,,4,,,,,
52C0001113,AURORA SURGERY CENTERS LLC,WEST 180 NORTH 11070 RIVER LANE RD,GERMANTOWN,WI,53222,,(262) 532-9777,99,1,0,99,94,5,1,97,93,6,1,96,88,11,1,95,,1585,553,35,04/01/2019,09/30/2020
53C0001010,TETON OUTPATIENT SERVICES LLC,150 BUFFALO WAY,JACKSON,WY,83001,,(307) 733-8677,99,1,0,99,94,5,1,96,90,9,1,95,87,12,1,95,,1466,419,29,04/01/2019,09/30/2020
53C0001018,SHERIDAN SURGICAL CENTER LLC,1524 WEST 5TH ST,SHERIDAN,WY,82801,,(370) 672-7874,97,3,0,98,89,9,2,94,86,12,2,94,86,12,2,95,,1477,681,46,04/01/2019,09/30/2020
55C0001055,SAN FERNANDO VALLEY SURGERY CENTER LP,11550 INDIAN HILLS RD SUITE 160,MISSION HILLS,CA,91345,,(818) 256-2100,98,2,0,99,92,6,2,95,87,11,2,95,85,13,2,94,,1286,374,29,04/01/2019,09/30/2020
55C0001083,SACRAMENTO MIDTOWN ENDOSCOPY CENTER LLC,3941 J ST SUITE 460,SACRAMENTO,CA,95819,,(916) 733-6218,94,5,1,97,88,9,3,93,81,15,4,92,80,17,3,92,,1086,334,31,04/01/2019,09/30/2020
